case_id,rel_dir,path_03,path_02,path_inf,path_infx,fs,n_intervals,n_rows,inception_s,variant,state,severity_pct,phase,load_pct,load_label,is_extra,group_id,motor_start,load_change,fault_start,fault_end,hreg_start,hreg_end,freg_start,freg_end
Healthy_case_data_0_Loading,Healthy case data\0% Loading,D:\Naveen\Healthy case data\0% Loading\NormalNLlaoding_03.out,D:\Naveen\Healthy case data\0% Loading\NormalNLlaoding_02.out,D:\Naveen\Healthy case data\0% Loading\NormalNLlaoding.inf,D:\Naveen\Healthy case data\0% Loading\NormalNLlaoding.infx,25000.0,125000,125001,,,healthy,0.0,,0,NL,False,HLT_lNL,50000,,,,67000,125001,,
Healthy_case_data_10_Loading,Healthy case data\10% Loading,D:\Naveen\Healthy case data\10% Loading\Normal10Plaoding_03.out,D:\Naveen\Healthy case data\10% Loading\Normal10Plaoding_02.out,D:\Naveen\Healthy case data\10% Loading\Normal10Plaoding.inf,D:\Naveen\Healthy case data\10% Loading\Normal10Plaoding.infx,25000.0,125000,125001,,,healthy,0.0,,10,10,False,HLT_l10,50000,100000.0,,,101000,125001,,
Healthy_case_data_100_Loading,Healthy case data\100% Loading,D:\Naveen\Healthy case data\100% Loading\Normal100Plaoding_03.out,D:\Naveen\Healthy case data\100% Loading\Normal100Plaoding_02.out,D:\Naveen\Healthy case data\100% Loading\Normal100Plaoding.inf,D:\Naveen\Healthy case data\100% Loading\Normal100Plaoding.infx,25000.0,125000,125001,,,healthy,0.0,,100,100,False,HLT_l100,50000,100000.0,,,101000,125001,,
Healthy_case_data_15_Loading,Healthy case data\15% Loading,D:\Naveen\Healthy case data\15% Loading\Normal15Plaoding_03.out,D:\Naveen\Healthy case data\15% Loading\Normal15Plaoding_02.out,D:\Naveen\Healthy case data\15% Loading\Normal15Plaoding.inf,D:\Naveen\Healthy case data\15% Loading\Normal15Plaoding.infx,25000.0,125000,125001,,,healthy,0.0,,15,15,False,HLT_l15,50000,100000.0,,,101000,125001,,
Healthy_case_data_20_Loading,Healthy case data\20% Loading,D:\Naveen\Healthy case data\20% Loading\Normal520Plaoding_03.out,D:\Naveen\Healthy case data\20% Loading\Normal520Plaoding_02.out,D:\Naveen\Healthy case data\20% Loading\Normal520Plaoding.inf,D:\Naveen\Healthy case data\20% Loading\Normal520Plaoding.infx,25000.0,125000,125001,,,healthy,0.0,,20,20,False,HLT_l20,50000,100000.0,,,101000,125001,,
Healthy_case_data_25_Loading,Healthy case data\25% Loading,D:\Naveen\Healthy case data\25% Loading\Normal525Plaoding_03.out,D:\Naveen\Healthy case data\25% Loading\Normal525Plaoding_02.out,D:\Naveen\Healthy case data\25% Loading\Normal525Plaoding.inf,D:\Naveen\Healthy case data\25% Loading\Normal525Plaoding.infx,25000.0,125000,125001,,,healthy,0.0,,25,25,False,HLT_l25,50000,100000.0,,,101000,125001,,
Healthy_case_data_30_Loading,Healthy case data\30% Loading,D:\Naveen\Healthy case data\30% Loading\Normal30Plaoding_03.out,D:\Naveen\Healthy case data\30% Loading\Normal30Plaoding_02.out,D:\Naveen\Healthy case data\30% Loading\Normal30Plaoding.inf,D:\Naveen\Healthy case data\30% Loading\Normal30Plaoding.infx,25000.0,125000,125001,,,healthy,0.0,,30,30,False,HLT_l30,50000,100000.0,,,101000,125001,,
Healthy_case_data_35_Loading,Healthy case data\35% Loading,D:\Naveen\Healthy case data\35% Loading\Normal35Plaoding_03.out,D:\Naveen\Healthy case data\35% Loading\Normal35Plaoding_02.out,D:\Naveen\Healthy case data\35% Loading\Normal35Plaoding.inf,D:\Naveen\Healthy case data\35% Loading\Normal35Plaoding.infx,25000.0,125000,125001,,,healthy,0.0,,35,35,False,HLT_l35,50000,100000.0,,,101000,125001,,
Healthy_case_data_40_Loading,Healthy case data\40% Loading,D:\Naveen\Healthy case data\40% Loading\Normal40Plaoding_03.out,D:\Naveen\Healthy case data\40% Loading\Normal40Plaoding_02.out,D:\Naveen\Healthy case data\40% Loading\Normal40Plaoding.inf,D:\Naveen\Healthy case data\40% Loading\Normal40Plaoding.infx,25000.0,125000,125001,,,healthy,0.0,,40,40,False,HLT_l40,50000,100000.0,,,101000,125001,,
Healthy_case_data_45_Loading,Healthy case data\45% Loading,D:\Naveen\Healthy case data\45% Loading\Normal45Plaoding_03.out,D:\Naveen\Healthy case data\45% Loading\Normal45Plaoding_02.out,D:\Naveen\Healthy case data\45% Loading\Normal45Plaoding.inf,D:\Naveen\Healthy case data\45% Loading\Normal45Plaoding.infx,25000.0,125000,125001,,,healthy,0.0,,45,45,False,HLT_l45,50000,100000.0,,,101000,125001,,
Healthy_case_data_5_Loading,Healthy case data\5% Loading,D:\Naveen\Healthy case data\5% Loading\Normal5Plaoding_03.out,D:\Naveen\Healthy case data\5% Loading\Normal5Plaoding_02.out,D:\Naveen\Healthy case data\5% Loading\Normal5Plaoding.inf,D:\Naveen\Healthy case data\5% Loading\Normal5Plaoding.infx,25000.0,125000,125001,,,healthy,0.0,,5,5,False,HLT_l5,50000,100000.0,,,101000,125001,,
Healthy_case_data_50_Loading,Healthy case data\50% Loading,D:\Naveen\Healthy case data\50% Loading\Normal50Plaoding_03.out,D:\Naveen\Healthy case data\50% Loading\Normal50Plaoding_02.out,D:\Naveen\Healthy case data\50% Loading\Normal50Plaoding.inf,D:\Naveen\Healthy case data\50% Loading\Normal50Plaoding.infx,25000.0,125000,125001,,,healthy,0.0,,50,50,False,HLT_l50,50000,100000.0,,,101000,125001,,
Healthy_case_data_55_Loading,Healthy case data\55% Loading,D:\Naveen\Healthy case data\55% Loading\Normal55Plaoding_03.out,D:\Naveen\Healthy case data\55% Loading\Normal55Plaoding_02.out,D:\Naveen\Healthy case data\55% Loading\Normal55Plaoding.inf,D:\Naveen\Healthy case data\55% Loading\Normal55Plaoding.infx,25000.0,125000,125001,,,healthy,0.0,,55,55,False,HLT_l55,50000,100000.0,,,101000,125001,,
Healthy_case_data_60_Loading,Healthy case data\60% Loading,D:\Naveen\Healthy case data\60% Loading\Normal60Plaoding_03.out,D:\Naveen\Healthy case data\60% Loading\Normal60Plaoding_02.out,D:\Naveen\Healthy case data\60% Loading\Normal60Plaoding.inf,D:\Naveen\Healthy case data\60% Loading\Normal60Plaoding.infx,25000.0,125000,125001,,,healthy,0.0,,60,60,False,HLT_l60,50000,100000.0,,,101000,125001,,
Healthy_case_data_65_Loading,Healthy case data\65% Loading,D:\Naveen\Healthy case data\65% Loading\Normal65Plaoding_03.out,D:\Naveen\Healthy case data\65% Loading\Normal65Plaoding_02.out,D:\Naveen\Healthy case data\65% Loading\Normal65Plaoding.inf,D:\Naveen\Healthy case data\65% Loading\Normal65Plaoding.infx,25000.0,125000,125001,,,healthy,0.0,,65,65,False,HLT_l65,50000,100000.0,,,101000,125001,,
Healthy_case_data_70_Loading,Healthy case data\70% Loading,D:\Naveen\Healthy case data\70% Loading\Normal70Plaoding_03.out,D:\Naveen\Healthy case data\70% Loading\Normal70Plaoding_02.out,D:\Naveen\Healthy case data\70% Loading\Normal70Plaoding.inf,D:\Naveen\Healthy case data\70% Loading\Normal70Plaoding.infx,25000.0,125000,125001,,,healthy,0.0,,70,70,False,HLT_l70,50000,100000.0,,,101000,125001,,
Healthy_case_data_75_Loading,Healthy case data\75% Loading,D:\Naveen\Healthy case data\75% Loading\Normal75Plaoding_03.out,D:\Naveen\Healthy case data\75% Loading\Normal75Plaoding_02.out,D:\Naveen\Healthy case data\75% Loading\Normal75Plaoding.inf,D:\Naveen\Healthy case data\75% Loading\Normal75Plaoding.infx,25000.0,125000,125001,,,healthy,0.0,,75,75,False,HLT_l75,50000,100000.0,,,101000,125001,,
Healthy_case_data_80_Loading,Healthy case data\80% Loading,D:\Naveen\Healthy case data\80% Loading\Normal80Plaoding_03.out,D:\Naveen\Healthy case data\80% Loading\Normal80Plaoding_02.out,D:\Naveen\Healthy case data\80% Loading\Normal80Plaoding.inf,D:\Naveen\Healthy case data\80% Loading\Normal80Plaoding.infx,25000.0,125000,125001,,,healthy,0.0,,80,80,False,HLT_l80,50000,100000.0,,,101000,125001,,
Healthy_case_data_85_Loading,Healthy case data\85% Loading,D:\Naveen\Healthy case data\85% Loading\Normal85Plaoding_03.out,D:\Naveen\Healthy case data\85% Loading\Normal85Plaoding_02.out,D:\Naveen\Healthy case data\85% Loading\Normal85Plaoding.inf,D:\Naveen\Healthy case data\85% Loading\Normal85Plaoding.infx,25000.0,125000,125001,,,healthy,0.0,,85,85,False,HLT_l85,50000,100000.0,,,101000,125001,,
Healthy_case_data_90_Loading,Healthy case data\90% Loading,D:\Naveen\Healthy case data\90% Loading\Normal90Plaoding_03.out,D:\Naveen\Healthy case data\90% Loading\Normal90Plaoding_02.out,D:\Naveen\Healthy case data\90% Loading\Normal90Plaoding.inf,D:\Naveen\Healthy case data\90% Loading\Normal90Plaoding.infx,25000.0,125000,125001,,,healthy,0.0,,90,90,False,HLT_l90,50000,100000.0,,,101000,125001,,
Healthy_case_data_95_Loading,Healthy case data\95% Loading,D:\Naveen\Healthy case data\95% Loading\Normal95Plaoding_03.out,D:\Naveen\Healthy case data\95% Loading\Normal95Plaoding_02.out,D:\Naveen\Healthy case data\95% Loading\Normal95Plaoding.inf,D:\Naveen\Healthy case data\95% Loading\Normal95Plaoding.infx,25000.0,125000,125001,,,healthy,0.0,,95,95,False,HLT_l95,50000,100000.0,,,101000,125001,,
TT_fault_Data_0_3_Phase_a_0_3_0_3_100,TT fault Data\0.3%\Phase_a_0.3%\0.3%_100%,D:\Naveen\TT fault Data\0.3%\Phase_a_0.3%\0.3%_100%\TTfault_25k_phase_a_0.3%_loading100%_03.out,D:\Naveen\TT fault Data\0.3%\Phase_a_0.3%\0.3%_100%\TTfault_25k_phase_a_0.3%_loading100%_02.out,D:\Naveen\TT fault Data\0.3%\Phase_a_0.3%\0.3%_100%\TT25kphasea_0.3%_load100.inf,D:\Naveen\TT fault Data\0.3%\Phase_a_0.3%\0.3%_100%\TT25kphasea_0.3%_load100.infx,25000.0,250000,250001,7.2,,faulty,0.3,A,100,100,False,TT_s0.3_pA_l100,50000,100000.0,180000.0,200000.0,110000,179500,180500.0,199500.0
TT_fault_Data_0_3_Phase_a_0_3_0_3_20,TT fault Data\0.3%\Phase_a_0.3%\0.3%_20%,D:\Naveen\TT fault Data\0.3%\Phase_a_0.3%\0.3%_20%\TTfault_25k_phase_a_0.3%_loading20%_03.out,D:\Naveen\TT fault Data\0.3%\Phase_a_0.3%\0.3%_20%\TTfault_25k_phase_a_0.3%_loading20%_02.out,D:\Naveen\TT fault Data\0.3%\Phase_a_0.3%\0.3%_20%\TT25kphasea_0.3%_load20.inf,D:\Naveen\TT fault Data\0.3%\Phase_a_0.3%\0.3%_20%\TT25kphasea_0.3%_load20.infx,25000.0,250000,250001,7.2,,faulty,0.3,A,20,20,False,TT_s0.3_pA_l20,50000,100000.0,180000.0,200000.0,110000,179500,180500.0,199500.0
TT_fault_Data_0_3_Phase_a_0_3_0_3_40,TT fault Data\0.3%\Phase_a_0.3%\0.3%_40%,D:\Naveen\TT fault Data\0.3%\Phase_a_0.3%\0.3%_40%\TTfault_25k_phase_a_0.3%_loading40%_03.out,D:\Naveen\TT fault Data\0.3%\Phase_a_0.3%\0.3%_40%\TTfault_25k_phase_a_0.3%_loading40%_02.out,D:\Naveen\TT fault Data\0.3%\Phase_a_0.3%\0.3%_40%\TT25kphasea_0.3%_load40.inf,D:\Naveen\TT fault Data\0.3%\Phase_a_0.3%\0.3%_40%\TT25kphasea_0.3%_load40.infx,25000.0,250000,250001,7.2,,faulty,0.3,A,40,40,False,TT_s0.3_pA_l40,50000,100000.0,180000.0,200000.0,110000,179500,180500.0,199500.0
TT_fault_Data_0_3_Phase_a_0_3_0_3_60,TT fault Data\0.3%\Phase_a_0.3%\0.3%_60%,D:\Naveen\TT fault Data\0.3%\Phase_a_0.3%\0.3%_60%\TTfault_25k_phase_a_0.3%_loading60%_03.out,D:\Naveen\TT fault Data\0.3%\Phase_a_0.3%\0.3%_60%\TTfault_25k_phase_a_0.3%_loading60%_02.out,D:\Naveen\TT fault Data\0.3%\Phase_a_0.3%\0.3%_60%\TT25kphasea_0.3%_load60.inf,D:\Naveen\TT fault Data\0.3%\Phase_a_0.3%\0.3%_60%\TT25kphasea_0.3%_load60.infx,25000.0,250000,250001,7.2,,faulty,0.3,A,60,60,False,TT_s0.3_pA_l60,50000,100000.0,180000.0,200000.0,110000,179500,180500.0,199500.0
TT_fault_Data_0_3_Phase_a_0_3_0_3_80,TT fault Data\0.3%\Phase_a_0.3%\0.3%_80%,D:\Naveen\TT fault Data\0.3%\Phase_a_0.3%\0.3%_80%\TTfault_25k_phase_a_0.3%_loading80%_03.out,D:\Naveen\TT fault Data\0.3%\Phase_a_0.3%\0.3%_80%\TTfault_25k_phase_a_0.3%_loading80%_02.out,D:\Naveen\TT fault Data\0.3%\Phase_a_0.3%\0.3%_80%\TT25kphasea_0.3%_load80.inf,D:\Naveen\TT fault Data\0.3%\Phase_a_0.3%\0.3%_80%\TT25kphasea_0.3%_load80.infx,25000.0,250000,250001,7.2,,faulty,0.3,A,80,80,False,TT_s0.3_pA_l80,50000,100000.0,180000.0,200000.0,110000,179500,180500.0,199500.0
TT_fault_Data_0_3_Phase_a_0_3_0_3_NL,TT fault Data\0.3%\Phase_a_0.3%\0.3%_NL%,D:\Naveen\TT fault Data\0.3%\Phase_a_0.3%\0.3%_NL%\TTfault_25k_phase_a_0.3%_loading_NL_03.out,D:\Naveen\TT fault Data\0.3%\Phase_a_0.3%\0.3%_NL%\TTfault_25k_phase_a_0.3%_loading_NL_02.out,D:\Naveen\TT fault Data\0.3%\Phase_a_0.3%\0.3%_NL%\TT25kphasea_0.3%_loadNL.inf,D:\Naveen\TT fault Data\0.3%\Phase_a_0.3%\0.3%_NL%\TT25kphasea_0.3%_loadNL.infx,25000.0,250000,250001,7.2,,faulty,0.3,A,0,NL,False,TT_s0.3_pA_lNL,50000,,180000.0,200000.0,80000,179500,180500.0,199500.0
TT_fault_Data_0_3_Phase_b_0_3_0_3_100,TT fault Data\0.3%\Phase_b_0.3%\0.3%_100%,D:\Naveen\TT fault Data\0.3%\Phase_b_0.3%\0.3%_100%\TTfault_25k_phase_b_0.3%_loading100%_03.out,D:\Naveen\TT fault Data\0.3%\Phase_b_0.3%\0.3%_100%\TTfault_25k_phase_b_0.3%_loading100%_02.out,D:\Naveen\TT fault Data\0.3%\Phase_b_0.3%\0.3%_100%\TT25kphaseb_0.3%_load100.inf,D:\Naveen\TT fault Data\0.3%\Phase_b_0.3%\0.3%_100%\TT25kphaseb_0.3%_load100.infx,25000.0,250000,250001,7.2,,faulty,0.3,B,100,100,False,TT_s0.3_pB_l100,50000,100000.0,180000.0,200000.0,110000,179500,180500.0,199500.0
TT_fault_Data_0_3_Phase_b_0_3_0_3_20,TT fault Data\0.3%\Phase_b_0.3%\0.3%_20%,D:\Naveen\TT fault Data\0.3%\Phase_b_0.3%\0.3%_20%\TTfault_25k_phase_b_0.3%_loading20%_03.out,D:\Naveen\TT fault Data\0.3%\Phase_b_0.3%\0.3%_20%\TTfault_25k_phase_b_0.3%_loading20%_02.out,D:\Naveen\TT fault Data\0.3%\Phase_b_0.3%\0.3%_20%\TT25kphaseb_0.3%_load20.inf,D:\Naveen\TT fault Data\0.3%\Phase_b_0.3%\0.3%_20%\TT25kphaseb_0.3%_load20.infx,25000.0,250000,250001,7.2,,faulty,0.3,B,20,20,False,TT_s0.3_pB_l20,50000,100000.0,180000.0,200000.0,110000,179500,180500.0,199500.0
TT_fault_Data_0_3_Phase_b_0_3_0_3_40,TT fault Data\0.3%\Phase_b_0.3%\0.3%_40%,D:\Naveen\TT fault Data\0.3%\Phase_b_0.3%\0.3%_40%\TTfault_25k_phase_b_0.3%_loading40%_03.out,D:\Naveen\TT fault Data\0.3%\Phase_b_0.3%\0.3%_40%\TTfault_25k_phase_b_0.3%_loading40%_02.out,D:\Naveen\TT fault Data\0.3%\Phase_b_0.3%\0.3%_40%\TT25kphaseb_0.3%_load40.inf,D:\Naveen\TT fault Data\0.3%\Phase_b_0.3%\0.3%_40%\TT25kphaseb_0.3%_load40.infx,25000.0,250000,250001,7.2,,faulty,0.3,B,40,40,False,TT_s0.3_pB_l40,50000,100000.0,180000.0,200000.0,110000,179500,180500.0,199500.0
TT_fault_Data_0_3_Phase_b_0_3_0_3_60,TT fault Data\0.3%\Phase_b_0.3%\0.3%_60%,D:\Naveen\TT fault Data\0.3%\Phase_b_0.3%\0.3%_60%\TTfault_25k_phase_b_0.3%_loading60%_03.out,D:\Naveen\TT fault Data\0.3%\Phase_b_0.3%\0.3%_60%\TTfault_25k_phase_b_0.3%_loading60%_02.out,D:\Naveen\TT fault Data\0.3%\Phase_b_0.3%\0.3%_60%\TT25kphaseb_0.3%_load60.inf,D:\Naveen\TT fault Data\0.3%\Phase_b_0.3%\0.3%_60%\TT25kphaseb_0.3%_load60.infx,25000.0,250000,250001,7.2,,faulty,0.3,B,60,60,False,TT_s0.3_pB_l60,50000,100000.0,180000.0,200000.0,110000,179500,180500.0,199500.0
TT_fault_Data_0_3_Phase_b_0_3_0_3_80,TT fault Data\0.3%\Phase_b_0.3%\0.3%_80%,D:\Naveen\TT fault Data\0.3%\Phase_b_0.3%\0.3%_80%\TTfault_25k_phase_b_0.3%_loading80%_03.out,D:\Naveen\TT fault Data\0.3%\Phase_b_0.3%\0.3%_80%\TTfault_25k_phase_b_0.3%_loading80%_02.out,D:\Naveen\TT fault Data\0.3%\Phase_b_0.3%\0.3%_80%\TT25kphaseb_0.3%_load80.inf,D:\Naveen\TT fault Data\0.3%\Phase_b_0.3%\0.3%_80%\TT25kphaseb_0.3%_load80.infx,25000.0,250000,250001,7.2,,faulty,0.3,B,80,80,False,TT_s0.3_pB_l80,50000,100000.0,180000.0,200000.0,110000,179500,180500.0,199500.0
TT_fault_Data_0_3_Phase_b_0_3_0_3_NL,TT fault Data\0.3%\Phase_b_0.3%\0.3%_NL%,D:\Naveen\TT fault Data\0.3%\Phase_b_0.3%\0.3%_NL%\TTfault_25k_phase_b_0.3%_loading_NL_03.out,D:\Naveen\TT fault Data\0.3%\Phase_b_0.3%\0.3%_NL%\TTfault_25k_phase_b_0.3%_loading_NL_02.out,D:\Naveen\TT fault Data\0.3%\Phase_b_0.3%\0.3%_NL%\TT25kphaseb_0.3%_loadNL.inf,D:\Naveen\TT fault Data\0.3%\Phase_b_0.3%\0.3%_NL%\TT25kphaseb_0.3%_loadNL.infx,25000.0,250000,250001,7.2,,faulty,0.3,B,0,NL,False,TT_s0.3_pB_lNL,50000,,180000.0,200000.0,80000,179500,180500.0,199500.0
TT_fault_Data_0_3_Phase_c_0_3_0_3_100,TT fault Data\0.3%\Phase_c_0.3%\0.3%_100%,D:\Naveen\TT fault Data\0.3%\Phase_c_0.3%\0.3%_100%\TTfault_25k_phase_c_0.3%_loading100%_03.out,D:\Naveen\TT fault Data\0.3%\Phase_c_0.3%\0.3%_100%\TTfault_25k_phase_c_0.3%_loading100%_02.out,D:\Naveen\TT fault Data\0.3%\Phase_c_0.3%\0.3%_100%\TT25kphasec_0.3%_load100.inf,D:\Naveen\TT fault Data\0.3%\Phase_c_0.3%\0.3%_100%\TT25kphasec_0.3%_load100.infx,25000.0,250000,250001,7.2,,faulty,0.3,C,100,100,False,TT_s0.3_pC_l100,50000,100000.0,180000.0,200000.0,110000,179500,180500.0,199500.0
TT_fault_Data_0_3_Phase_c_0_3_0_3_20,TT fault Data\0.3%\Phase_c_0.3%\0.3%_20%,D:\Naveen\TT fault Data\0.3%\Phase_c_0.3%\0.3%_20%\TTfault_25k_phase_c_0.3%_loading20%_03.out,D:\Naveen\TT fault Data\0.3%\Phase_c_0.3%\0.3%_20%\TTfault_25k_phase_c_0.3%_loading20%_02.out,D:\Naveen\TT fault Data\0.3%\Phase_c_0.3%\0.3%_20%\TT25kphasec_0.3%_load20.inf,D:\Naveen\TT fault Data\0.3%\Phase_c_0.3%\0.3%_20%\TT25kphasec_0.3%_load20.infx,25000.0,250000,250001,7.2,,faulty,0.3,C,20,20,False,TT_s0.3_pC_l20,50000,100000.0,180000.0,200000.0,110000,179500,180500.0,199500.0
TT_fault_Data_0_3_Phase_c_0_3_0_3_40,TT fault Data\0.3%\Phase_c_0.3%\0.3%_40%,D:\Naveen\TT fault Data\0.3%\Phase_c_0.3%\0.3%_40%\TTfault_25k_phase_c_0.3%_loading40%_03.out,D:\Naveen\TT fault Data\0.3%\Phase_c_0.3%\0.3%_40%\TTfault_25k_phase_c_0.3%_loading40%_02.out,D:\Naveen\TT fault Data\0.3%\Phase_c_0.3%\0.3%_40%\TT25kphasec_0.3%_load40.inf,D:\Naveen\TT fault Data\0.3%\Phase_c_0.3%\0.3%_40%\TT25kphasec_0.3%_load40.infx,25000.0,250000,250001,7.2,,faulty,0.3,C,40,40,False,TT_s0.3_pC_l40,50000,100000.0,180000.0,200000.0,110000,179500,180500.0,199500.0
TT_fault_Data_0_3_Phase_c_0_3_0_3_60,TT fault Data\0.3%\Phase_c_0.3%\0.3%_60%,D:\Naveen\TT fault Data\0.3%\Phase_c_0.3%\0.3%_60%\TTfault_25k_phase_c_0.3%_loading60%_03.out,D:\Naveen\TT fault Data\0.3%\Phase_c_0.3%\0.3%_60%\TTfault_25k_phase_c_0.3%_loading60%_02.out,D:\Naveen\TT fault Data\0.3%\Phase_c_0.3%\0.3%_60%\TT25kphasec_0.3%_load60.inf,D:\Naveen\TT fault Data\0.3%\Phase_c_0.3%\0.3%_60%\TT25kphasec_0.3%_load60.infx,25000.0,250000,250001,7.2,,faulty,0.3,C,60,60,False,TT_s0.3_pC_l60,50000,100000.0,180000.0,200000.0,110000,179500,180500.0,199500.0
TT_fault_Data_0_3_Phase_c_0_3_0_3_80,TT fault Data\0.3%\Phase_c_0.3%\0.3%_80%,D:\Naveen\TT fault Data\0.3%\Phase_c_0.3%\0.3%_80%\TTfault_25k_phase_c_0.3%_loading80%_03.out,D:\Naveen\TT fault Data\0.3%\Phase_c_0.3%\0.3%_80%\TTfault_25k_phase_c_0.3%_loading80%_02.out,D:\Naveen\TT fault Data\0.3%\Phase_c_0.3%\0.3%_80%\TT25kphasec_0.3%_load80.inf,D:\Naveen\TT fault Data\0.3%\Phase_c_0.3%\0.3%_80%\TT25kphasec_0.3%_load80.infx,25000.0,250000,250001,7.2,,faulty,0.3,C,80,80,False,TT_s0.3_pC_l80,50000,100000.0,180000.0,200000.0,110000,179500,180500.0,199500.0
TT_fault_Data_0_3_Phase_c_0_3_0_3_NL,TT fault Data\0.3%\Phase_c_0.3%\0.3%_NL%,D:\Naveen\TT fault Data\0.3%\Phase_c_0.3%\0.3%_NL%\TTfault_25k_phase_c_0.3%_loading_NL_03.out,D:\Naveen\TT fault Data\0.3%\Phase_c_0.3%\0.3%_NL%\TTfault_25k_phase_c_0.3%_loading_NL_02.out,D:\Naveen\TT fault Data\0.3%\Phase_c_0.3%\0.3%_NL%\TT25kphasec_0.3%_loadNL.inf,D:\Naveen\TT fault Data\0.3%\Phase_c_0.3%\0.3%_NL%\TT25kphasec_0.3%_loadNL.infx,25000.0,250000,250001,7.2,,faulty,0.3,C,0,NL,False,TT_s0.3_pC_lNL,50000,,180000.0,200000.0,80000,179500,180500.0,199500.0
TT_fault_Data_0_5_Phase_a_0_5_0_5_100,TT fault Data\0.5%\Phase_a_0.5%\0.5%_100%,D:\Naveen\TT fault Data\0.5%\Phase_a_0.5%\0.5%_100%\TTfault25kphaseA0p5loading100_03.out,D:\Naveen\TT fault Data\0.5%\Phase_a_0.5%\0.5%_100%\TTfault25kphaseA0p5loading100_02.out,D:\Naveen\TT fault Data\0.5%\Phase_a_0.5%\0.5%_100%\TTfault25kphaseA0p5loading100.inf,D:\Naveen\TT fault Data\0.5%\Phase_a_0.5%\0.5%_100%\TTfault25kphaseA0p5loading100.infx,25000.0,250000,250001,7.2,,faulty,0.5,A,100,100,False,TT_s0.5_pA_l100,50000,100000.0,180000.0,200000.0,110000,179500,180500.0,199500.0
TT_fault_Data_0_5_Phase_a_0_5_0_5_20,TT fault Data\0.5%\Phase_a_0.5%\0.5%_20%,D:\Naveen\TT fault Data\0.5%\Phase_a_0.5%\0.5%_20%\TTfault_25k_phase_a_0.5%_loading_20%_03.out,D:\Naveen\TT fault Data\0.5%\Phase_a_0.5%\0.5%_20%\TTfault_25k_phase_a_0.5%_loading_20%_02.out,D:\Naveen\TT fault Data\0.5%\Phase_a_0.5%\0.5%_20%\TT25kphasea0P5load20.inf,D:\Naveen\TT fault Data\0.5%\Phase_a_0.5%\0.5%_20%\TT25kphasea0P5load20.infx,25000.0,250000,250001,7.2,,faulty,0.5,A,20,20,False,TT_s0.5_pA_l20,50000,100000.0,180000.0,200000.0,110000,179500,180500.0,199500.0
TT_fault_Data_0_5_Phase_a_0_5_0_5_40,TT fault Data\0.5%\Phase_a_0.5%\0.5%_40%,D:\Naveen\TT fault Data\0.5%\Phase_a_0.5%\0.5%_40%\TTfault_25k_phase_a_0.5%_loading_40%_03.out,D:\Naveen\TT fault Data\0.5%\Phase_a_0.5%\0.5%_40%\TTfault_25k_phase_a_0.5%_loading_40%_02.out,D:\Naveen\TT fault Data\0.5%\Phase_a_0.5%\0.5%_40%\TT25kphasea0P5load40.inf,D:\Naveen\TT fault Data\0.5%\Phase_a_0.5%\0.5%_40%\TT25kphasea0P5load40.infx,25000.0,250000,250001,7.2,,faulty,0.5,A,40,40,False,TT_s0.5_pA_l40,50000,100000.0,180000.0,200000.0,110000,179500,180500.0,199500.0
TT_fault_Data_0_5_Phase_a_0_5_0_5_60,TT fault Data\0.5%\Phase_a_0.5%\0.5%_60%,D:\Naveen\TT fault Data\0.5%\Phase_a_0.5%\0.5%_60%\TTfault25kphaseA0p5loading60_03.out,D:\Naveen\TT fault Data\0.5%\Phase_a_0.5%\0.5%_60%\TTfault25kphaseA0p5loading60_02.out,D:\Naveen\TT fault Data\0.5%\Phase_a_0.5%\0.5%_60%\TTfault25kphaseA0p5loading60.inf,D:\Naveen\TT fault Data\0.5%\Phase_a_0.5%\0.5%_60%\TTfault25kphaseA0p5loading60.infx,25000.0,250000,250001,7.2,,faulty,0.5,A,60,60,False,TT_s0.5_pA_l60,50000,100000.0,180000.0,200000.0,110000,179500,180500.0,199500.0
TT_fault_Data_0_5_Phase_a_0_5_0_5_80,TT fault Data\0.5%\Phase_a_0.5%\0.5%_80%,D:\Naveen\TT fault Data\0.5%\Phase_a_0.5%\0.5%_80%\TTfault_25k_phase_a_0.5%_loading_80%_03.out,D:\Naveen\TT fault Data\0.5%\Phase_a_0.5%\0.5%_80%\TTfault_25k_phase_a_0.5%_loading_80%_02.out,D:\Naveen\TT fault Data\0.5%\Phase_a_0.5%\0.5%_80%\TT25kphasea0P5load80.inf,D:\Naveen\TT fault Data\0.5%\Phase_a_0.5%\0.5%_80%\TT25kphasea0P5load80.infx,25000.0,250000,250001,7.2,,faulty,0.5,A,80,80,False,TT_s0.5_pA_l80,50000,100000.0,180000.0,200000.0,110000,179500,180500.0,199500.0
TT_fault_Data_0_5_Phase_a_0_5_0_5_NL,TT fault Data\0.5%\Phase_a_0.5%\0.5%_NL%,D:\Naveen\TT fault Data\0.5%\Phase_a_0.5%\0.5%_NL%\TTfault25kphaseA0p5loadingNL_03.out,D:\Naveen\TT fault Data\0.5%\Phase_a_0.5%\0.5%_NL%\TTfault25kphaseA0p5loadingNL_02.out,D:\Naveen\TT fault Data\0.5%\Phase_a_0.5%\0.5%_NL%\TTfault25kphaseA0p5loadingNL.inf,D:\Naveen\TT fault Data\0.5%\Phase_a_0.5%\0.5%_NL%\TTfault25kphaseA0p5loadingNL.infx,25000.0,250000,250001,7.2,,faulty,0.5,A,0,NL,False,TT_s0.5_pA_lNL,50000,,180000.0,200000.0,80000,179500,180500.0,199500.0
TT_fault_Data_0_5_Phase_b_0_5_0_5_100,TT fault Data\0.5%\Phase_b_0.5%\0.5%_100%,D:\Naveen\TT fault Data\0.5%\Phase_b_0.5%\0.5%_100%\TTfault_25k_phase_a_0.5%_loading100%_03.out,D:\Naveen\TT fault Data\0.5%\Phase_b_0.5%\0.5%_100%\TTfault_25k_phase_a_0.5%_loading100%_02.out,D:\Naveen\TT fault Data\0.5%\Phase_b_0.5%\0.5%_100%\TT25kphaseb0P5load100.inf,D:\Naveen\TT fault Data\0.5%\Phase_b_0.5%\0.5%_100%\TT25kphaseb0P5load100.infx,25000.0,250000,250001,7.2,,faulty,0.5,B,100,100,False,TT_s0.5_pB_l100,50000,100000.0,180000.0,200000.0,110000,179500,180500.0,199500.0
TT_fault_Data_0_5_Phase_b_0_5_0_5_20,TT fault Data\0.5%\Phase_b_0.5%\0.5%_20%,D:\Naveen\TT fault Data\0.5%\Phase_b_0.5%\0.5%_20%\TTfault_25k_phase_b_0.5%_loading20%_03.out,D:\Naveen\TT fault Data\0.5%\Phase_b_0.5%\0.5%_20%\TTfault_25k_phase_b_0.5%_loading20%_02.out,D:\Naveen\TT fault Data\0.5%\Phase_b_0.5%\0.5%_20%\TT25kphaseb0P5load20.inf,D:\Naveen\TT fault Data\0.5%\Phase_b_0.5%\0.5%_20%\TT25kphaseb0P5load20.infx,25000.0,250000,250001,7.2,,faulty,0.5,B,20,20,False,TT_s0.5_pB_l20,50000,100000.0,180000.0,200000.0,110000,179500,180500.0,199500.0
TT_fault_Data_0_5_Phase_b_0_5_0_5_40,TT fault Data\0.5%\Phase_b_0.5%\0.5%_40%,D:\Naveen\TT fault Data\0.5%\Phase_b_0.5%\0.5%_40%\TTfault_25k_phase_a_0.5%_loading40%_03.out,D:\Naveen\TT fault Data\0.5%\Phase_b_0.5%\0.5%_40%\TTfault_25k_phase_a_0.5%_loading40%_02.out,D:\Naveen\TT fault Data\0.5%\Phase_b_0.5%\0.5%_40%\TT25kphaseb0P5load40.inf,D:\Naveen\TT fault Data\0.5%\Phase_b_0.5%\0.5%_40%\TT25kphaseb0P5load40.infx,25000.0,250000,250001,7.2,,faulty,0.5,B,40,40,False,TT_s0.5_pB_l40,50000,100000.0,180000.0,200000.0,110000,179500,180500.0,199500.0
TT_fault_Data_0_5_Phase_b_0_5_0_5_60,TT fault Data\0.5%\Phase_b_0.5%\0.5%_60%,D:\Naveen\TT fault Data\0.5%\Phase_b_0.5%\0.5%_60%\TTfault_25k_phase_a_0.5%_loading60%_03.out,D:\Naveen\TT fault Data\0.5%\Phase_b_0.5%\0.5%_60%\TTfault_25k_phase_a_0.5%_loading60%_02.out,D:\Naveen\TT fault Data\0.5%\Phase_b_0.5%\0.5%_60%\TT25kphaseb0P5load60.inf,D:\Naveen\TT fault Data\0.5%\Phase_b_0.5%\0.5%_60%\TT25kphaseb0P5load60.infx,25000.0,250000,250001,7.2,,faulty,0.5,B,60,60,False,TT_s0.5_pB_l60,50000,100000.0,180000.0,200000.0,110000,179500,180500.0,199500.0
TT_fault_Data_0_5_Phase_b_0_5_0_5_80,TT fault Data\0.5%\Phase_b_0.5%\0.5%_80%,D:\Naveen\TT fault Data\0.5%\Phase_b_0.5%\0.5%_80%\TTfault_25k_phase_a_0.5%_loading80%_03.out,D:\Naveen\TT fault Data\0.5%\Phase_b_0.5%\0.5%_80%\TTfault_25k_phase_a_0.5%_loading80%_02.out,D:\Naveen\TT fault Data\0.5%\Phase_b_0.5%\0.5%_80%\TT25kphaseb0P5load80.inf,D:\Naveen\TT fault Data\0.5%\Phase_b_0.5%\0.5%_80%\TT25kphaseb0P5load80.infx,25000.0,250000,250001,7.2,,faulty,0.5,B,80,80,False,TT_s0.5_pB_l80,50000,100000.0,180000.0,200000.0,110000,179500,180500.0,199500.0
TT_fault_Data_0_5_Phase_b_0_5_0_5_NL,TT fault Data\0.5%\Phase_b_0.5%\0.5%_NL%,D:\Naveen\TT fault Data\0.5%\Phase_b_0.5%\0.5%_NL%\TTfault25kphaseB0p5loadingNL_03.out,D:\Naveen\TT fault Data\0.5%\Phase_b_0.5%\0.5%_NL%\TTfault25kphaseB0p5loadingNL_02.out,D:\Naveen\TT fault Data\0.5%\Phase_b_0.5%\0.5%_NL%\TTfault25kphaseB0p5loadingNL.inf,D:\Naveen\TT fault Data\0.5%\Phase_b_0.5%\0.5%_NL%\TTfault25kphaseB0p5loadingNL.infx,25000.0,250000,250001,7.2,,faulty,0.5,B,0,NL,False,TT_s0.5_pB_lNL,50000,,180000.0,200000.0,80000,179500,180500.0,199500.0
TT_fault_Data_0_5_Phase_c_0_5_0_5_100,TT fault Data\0.5%\Phase_c_0.5%\0.5%_100%,D:\Naveen\TT fault Data\0.5%\Phase_c_0.5%\0.5%_100%\TTfault25kphaseC0p5loading100_03.out,D:\Naveen\TT fault Data\0.5%\Phase_c_0.5%\0.5%_100%\TTfault25kphaseC0p5loading100_02.out,D:\Naveen\TT fault Data\0.5%\Phase_c_0.5%\0.5%_100%\TTfault25kphaseC0p5loading100.inf,D:\Naveen\TT fault Data\0.5%\Phase_c_0.5%\0.5%_100%\TTfault25kphaseC0p5loading100.infx,25000.0,250000,250001,7.2,,faulty,0.5,C,100,100,False,TT_s0.5_pC_l100,50000,100000.0,180000.0,200000.0,110000,179500,180500.0,199500.0
TT_fault_Data_0_5_Phase_c_0_5_0_5_20,TT fault Data\0.5%\Phase_c_0.5%\0.5%_20%,D:\Naveen\TT fault Data\0.5%\Phase_c_0.5%\0.5%_20%\TTfault_25k_phase_c_0.5%_loading_20%_03.out,D:\Naveen\TT fault Data\0.5%\Phase_c_0.5%\0.5%_20%\TTfault_25k_phase_c_0.5%_loading_20%_02.out,D:\Naveen\TT fault Data\0.5%\Phase_c_0.5%\0.5%_20%\TT25kphasec0P5load20.inf,D:\Naveen\TT fault Data\0.5%\Phase_c_0.5%\0.5%_20%\TT25kphasec0P5load20.infx,25000.0,250000,250001,7.2,,faulty,0.5,C,20,20,False,TT_s0.5_pC_l20,50000,100000.0,180000.0,200000.0,110000,179500,180500.0,199500.0
TT_fault_Data_0_5_Phase_c_0_5_0_5_40,TT fault Data\0.5%\Phase_c_0.5%\0.5%_40%,D:\Naveen\TT fault Data\0.5%\Phase_c_0.5%\0.5%_40%\TTfault_25k_phase_c_0.5%_loading_40%_03.out,D:\Naveen\TT fault Data\0.5%\Phase_c_0.5%\0.5%_40%\TTfault_25k_phase_c_0.5%_loading_40%_02.out,D:\Naveen\TT fault Data\0.5%\Phase_c_0.5%\0.5%_40%\TT25kphasec0P5load40.inf,D:\Naveen\TT fault Data\0.5%\Phase_c_0.5%\0.5%_40%\TT25kphasec0P5load40.infx,25000.0,250000,250001,7.2,,faulty,0.5,C,40,40,False,TT_s0.5_pC_l40,50000,100000.0,180000.0,200000.0,110000,179500,180500.0,199500.0
TT_fault_Data_0_5_Phase_c_0_5_0_5_60,TT fault Data\0.5%\Phase_c_0.5%\0.5%_60%,D:\Naveen\TT fault Data\0.5%\Phase_c_0.5%\0.5%_60%\TTfault_25k_phase_c_0.5%_loading_60%_03.out,D:\Naveen\TT fault Data\0.5%\Phase_c_0.5%\0.5%_60%\TTfault_25k_phase_c_0.5%_loading_60%_02.out,D:\Naveen\TT fault Data\0.5%\Phase_c_0.5%\0.5%_60%\TT25kphasec0P5load60.inf,D:\Naveen\TT fault Data\0.5%\Phase_c_0.5%\0.5%_60%\TT25kphasec0P5load60.infx,25000.0,250000,250001,7.2,,faulty,0.5,C,60,60,False,TT_s0.5_pC_l60,50000,100000.0,180000.0,200000.0,110000,179500,180500.0,199500.0
TT_fault_Data_0_5_Phase_c_0_5_0_5_80,TT fault Data\0.5%\Phase_c_0.5%\0.5%_80%,D:\Naveen\TT fault Data\0.5%\Phase_c_0.5%\0.5%_80%\TTfault_25k_phase_c_0.5%_loading_80%_03.out,D:\Naveen\TT fault Data\0.5%\Phase_c_0.5%\0.5%_80%\TTfault_25k_phase_c_0.5%_loading_80%_02.out,D:\Naveen\TT fault Data\0.5%\Phase_c_0.5%\0.5%_80%\TT25kphasec0P5load80.inf,D:\Naveen\TT fault Data\0.5%\Phase_c_0.5%\0.5%_80%\TT25kphasec0P5load80.infx,25000.0,250000,250001,7.2,,faulty,0.5,C,80,80,False,TT_s0.5_pC_l80,50000,100000.0,180000.0,200000.0,110000,179500,180500.0,199500.0
TT_fault_Data_0_5_Phase_c_0_5_0_5_NL,TT fault Data\0.5%\Phase_c_0.5%\0.5%_NL%,D:\Naveen\TT fault Data\0.5%\Phase_c_0.5%\0.5%_NL%\TTfault25kphaseC0p5loadingNL_03.out,D:\Naveen\TT fault Data\0.5%\Phase_c_0.5%\0.5%_NL%\TTfault25kphaseC0p5loadingNL_02.out,D:\Naveen\TT fault Data\0.5%\Phase_c_0.5%\0.5%_NL%\TTfault25kphaseC0p5loadingNL.inf,D:\Naveen\TT fault Data\0.5%\Phase_c_0.5%\0.5%_NL%\TTfault25kphaseC0p5loadingNL.infx,25000.0,250000,250001,7.2,,faulty,0.5,C,0,NL,False,TT_s0.5_pC_lNL,50000,,180000.0,200000.0,80000,179500,180500.0,199500.0
TT_fault_Data_1_Phase_a_1_1_100,TT fault Data\1%\Phase_a_1%\1%_100%,D:\Naveen\TT fault Data\1%\Phase_a_1%\1%_100%\TTfault25kphaseA5Ploading100_03.out,D:\Naveen\TT fault Data\1%\Phase_a_1%\1%_100%\TTfault25kphaseA5Ploading100_02.out,D:\Naveen\TT fault Data\1%\Phase_a_1%\1%_100%\TTfault25kphaseA5Ploading100.inf,D:\Naveen\TT fault Data\1%\Phase_a_1%\1%_100%\TTfault25kphaseA5Ploading100.infx,25000.0,250000,250001,7.2,,faulty,1.0,A,100,100,False,TT_s1.0_pA_l100,50000,100000.0,180000.0,200000.0,110000,179500,180500.0,199500.0
TT_fault_Data_1_Phase_a_1_1_20,TT fault Data\1%\Phase_a_1%\1%_20%,D:\Naveen\TT fault Data\1%\Phase_a_1%\1%_20%\TTfault_25k_phase_a_1%_loading_20%_03.out,D:\Naveen\TT fault Data\1%\Phase_a_1%\1%_20%\TTfault_25k_phase_a_1%_loading_20%_02.out,D:\Naveen\TT fault Data\1%\Phase_a_1%\1%_20%\TT25kphasea1load20.inf,D:\Naveen\TT fault Data\1%\Phase_a_1%\1%_20%\TT25kphasea1load20.infx,25000.0,250000,250001,7.2,,faulty,1.0,A,20,20,False,TT_s1.0_pA_l20,50000,100000.0,180000.0,200000.0,110000,179500,180500.0,199500.0
TT_fault_Data_1_Phase_a_1_1_40,TT fault Data\1%\Phase_a_1%\1%_40%,D:\Naveen\TT fault Data\1%\Phase_a_1%\1%_40%\TTfault_25k_phase_a_1%_loading_40%_03.out,D:\Naveen\TT fault Data\1%\Phase_a_1%\1%_40%\TTfault_25k_phase_a_1%_loading_40%_02.out,D:\Naveen\TT fault Data\1%\Phase_a_1%\1%_40%\TT25kphasea1load40.inf,D:\Naveen\TT fault Data\1%\Phase_a_1%\1%_40%\TT25kphasea1load40.infx,25000.0,250000,250001,7.2,,faulty,1.0,A,40,40,False,TT_s1.0_pA_l40,50000,100000.0,180000.0,200000.0,110000,179500,180500.0,199500.0
TT_fault_Data_1_Phase_a_1_1_60,TT fault Data\1%\Phase_a_1%\1%_60%,D:\Naveen\TT fault Data\1%\Phase_a_1%\1%_60%\TTfault_25k_phase_a_1%_loading_60%_03.out,D:\Naveen\TT fault Data\1%\Phase_a_1%\1%_60%\TTfault_25k_phase_a_1%_loading_60%_02.out,D:\Naveen\TT fault Data\1%\Phase_a_1%\1%_60%\TT25kphasea1load60.inf,D:\Naveen\TT fault Data\1%\Phase_a_1%\1%_60%\TT25kphasea1load60.infx,25000.0,250000,250001,7.2,,faulty,1.0,A,60,60,False,TT_s1.0_pA_l60,50000,100000.0,180000.0,200000.0,110000,179500,180500.0,199500.0
TT_fault_Data_1_Phase_a_1_1_80,TT fault Data\1%\Phase_a_1%\1%_80%,D:\Naveen\TT fault Data\1%\Phase_a_1%\1%_80%\TTfault_25k_phase_a_1%_loading_80%_03.out,D:\Naveen\TT fault Data\1%\Phase_a_1%\1%_80%\TTfault_25k_phase_a_1%_loading_80%_02.out,D:\Naveen\TT fault Data\1%\Phase_a_1%\1%_80%\TT25kphasea1load80.inf,D:\Naveen\TT fault Data\1%\Phase_a_1%\1%_80%\TT25kphasea1load80.infx,25000.0,250000,250001,7.2,,faulty,1.0,A,80,80,False,TT_s1.0_pA_l80,50000,100000.0,180000.0,200000.0,110000,179500,180500.0,199500.0
TT_fault_Data_1_Phase_a_1_1_NL,TT fault Data\1%\Phase_a_1%\1%_NL%,D:\Naveen\TT fault Data\1%\Phase_a_1%\1%_NL%\TTfault25kphaseA5PloadingNL_03.out,D:\Naveen\TT fault Data\1%\Phase_a_1%\1%_NL%\TTfault25kphaseA5PloadingNL_02.out,D:\Naveen\TT fault Data\1%\Phase_a_1%\1%_NL%\TTfault25kphaseA5PloadingNL.inf,D:\Naveen\TT fault Data\1%\Phase_a_1%\1%_NL%\TTfault25kphaseA5PloadingNL.infx,25000.0,250000,250001,7.2,,faulty,1.0,A,0,NL,False,TT_s1.0_pA_lNL,50000,,180000.0,200000.0,80000,179500,180500.0,199500.0
TT_fault_Data_1_Phase_b_1_1_100,TT fault Data\1%\Phase_b_1%\1%_100%,D:\Naveen\TT fault Data\1%\Phase_b_1%\1%_100%\TTfault_25k_phase_b_1%_loading_100%_03.out,D:\Naveen\TT fault Data\1%\Phase_b_1%\1%_100%\TTfault_25k_phase_b_1%_loading_100%_02.out,D:\Naveen\TT fault Data\1%\Phase_b_1%\1%_100%\TT25kphaseb1load100.inf,D:\Naveen\TT fault Data\1%\Phase_b_1%\1%_100%\TT25kphaseb1load100.infx,25000.0,250000,250001,7.2,,faulty,1.0,B,100,100,False,TT_s1.0_pB_l100,50000,100000.0,180000.0,200000.0,110000,179500,180500.0,199500.0
TT_fault_Data_1_Phase_b_1_1_20,TT fault Data\1%\Phase_b_1%\1%_20%,D:\Naveen\TT fault Data\1%\Phase_b_1%\1%_20%\TTfault_25k_phase_b_1%_loading_20%_03.out,D:\Naveen\TT fault Data\1%\Phase_b_1%\1%_20%\TTfault_25k_phase_b_1%_loading_20%_02.out,D:\Naveen\TT fault Data\1%\Phase_b_1%\1%_20%\TT25kphaseb1load20.inf,D:\Naveen\TT fault Data\1%\Phase_b_1%\1%_20%\TT25kphaseb1load20.infx,25000.0,250000,250001,7.2,,faulty,1.0,B,20,20,False,TT_s1.0_pB_l20,50000,100000.0,180000.0,200000.0,110000,179500,180500.0,199500.0
TT_fault_Data_1_Phase_b_1_1_40,TT fault Data\1%\Phase_b_1%\1%_40%,D:\Naveen\TT fault Data\1%\Phase_b_1%\1%_40%\TTfault_25k_phase_b_1%_loading_40%_03.out,D:\Naveen\TT fault Data\1%\Phase_b_1%\1%_40%\TTfault_25k_phase_b_1%_loading_40%_02.out,D:\Naveen\TT fault Data\1%\Phase_b_1%\1%_40%\TT25kphaseb1load40.inf,D:\Naveen\TT fault Data\1%\Phase_b_1%\1%_40%\TT25kphaseb1load40.infx,25000.0,250000,250001,7.2,,faulty,1.0,B,40,40,False,TT_s1.0_pB_l40,50000,100000.0,180000.0,200000.0,110000,179500,180500.0,199500.0
TT_fault_Data_1_Phase_b_1_1_60,TT fault Data\1%\Phase_b_1%\1%_60%,D:\Naveen\TT fault Data\1%\Phase_b_1%\1%_60%\TTfault_25k_phase_b_1%_loading_60%_03.out,D:\Naveen\TT fault Data\1%\Phase_b_1%\1%_60%\TTfault_25k_phase_b_1%_loading_60%_02.out,D:\Naveen\TT fault Data\1%\Phase_b_1%\1%_60%\TT25kphaseb1load60.inf,D:\Naveen\TT fault Data\1%\Phase_b_1%\1%_60%\TT25kphaseb1load60.infx,25000.0,250000,250001,7.2,,faulty,1.0,B,60,60,False,TT_s1.0_pB_l60,50000,100000.0,180000.0,200000.0,110000,179500,180500.0,199500.0
TT_fault_Data_1_Phase_b_1_1_80,TT fault Data\1%\Phase_b_1%\1%_80%,D:\Naveen\TT fault Data\1%\Phase_b_1%\1%_80%\TTfault_25k_phase_b_1%_loading_80%_03.out,D:\Naveen\TT fault Data\1%\Phase_b_1%\1%_80%\TTfault_25k_phase_b_1%_loading_80%_02.out,D:\Naveen\TT fault Data\1%\Phase_b_1%\1%_80%\TT25kphaseb1load80.inf,D:\Naveen\TT fault Data\1%\Phase_b_1%\1%_80%\TT25kphaseb1load80.infx,25000.0,250000,250001,7.2,,faulty,1.0,B,80,80,False,TT_s1.0_pB_l80,50000,100000.0,180000.0,200000.0,110000,179500,180500.0,199500.0
TT_fault_Data_1_Phase_b_1_1_NL,TT fault Data\1%\Phase_b_1%\1%_NL%,D:\Naveen\TT fault Data\1%\Phase_b_1%\1%_NL%\TTfault_25k_phase_b_1%_loading_NL_03.out,D:\Naveen\TT fault Data\1%\Phase_b_1%\1%_NL%\TTfault_25k_phase_b_1%_loading_NL_02.out,D:\Naveen\TT fault Data\1%\Phase_b_1%\1%_NL%\TT25kphaseb1loadNL.inf,D:\Naveen\TT fault Data\1%\Phase_b_1%\1%_NL%\TT25kphaseb1loadNL.infx,25000.0,250000,250001,7.2,,faulty,1.0,B,0,NL,False,TT_s1.0_pB_lNL,50000,,180000.0,200000.0,80000,179500,180500.0,199500.0
TT_fault_Data_1_Phase_c_1_1_100,TT fault Data\1%\Phase_c_1%\1%_100%,D:\Naveen\TT fault Data\1%\Phase_c_1%\1%_100%\TTfault_25k_phase_c_1%_loading100%_03.out,D:\Naveen\TT fault Data\1%\Phase_c_1%\1%_100%\TTfault_25k_phase_c_1%_loading100%_02.out,D:\Naveen\TT fault Data\1%\Phase_c_1%\1%_100%\TT25kphasec1load100.inf,D:\Naveen\TT fault Data\1%\Phase_c_1%\1%_100%\TT25kphasec1load100.infx,25000.0,250000,250001,7.2,,faulty,1.0,C,100,100,False,TT_s1.0_pC_l100,50000,100000.0,180000.0,200000.0,110000,179500,180500.0,199500.0
TT_fault_Data_1_Phase_c_1_1_20,TT fault Data\1%\Phase_c_1%\1%_20%,D:\Naveen\TT fault Data\1%\Phase_c_1%\1%_20%\TTfault_25k_phase_c_1%_loading20%_03.out,D:\Naveen\TT fault Data\1%\Phase_c_1%\1%_20%\TTfault_25k_phase_c_1%_loading20%_02.out,D:\Naveen\TT fault Data\1%\Phase_c_1%\1%_20%\TT25kphasec1load20.inf,D:\Naveen\TT fault Data\1%\Phase_c_1%\1%_20%\TT25kphasec1load20.infx,25000.0,250000,250001,7.2,,faulty,1.0,C,20,20,False,TT_s1.0_pC_l20,50000,100000.0,180000.0,200000.0,110000,179500,180500.0,199500.0
TT_fault_Data_1_Phase_c_1_1_40,TT fault Data\1%\Phase_c_1%\1%_40%,D:\Naveen\TT fault Data\1%\Phase_c_1%\1%_40%\TTfault_25k_phase_c_1%_loading40%_03.out,D:\Naveen\TT fault Data\1%\Phase_c_1%\1%_40%\TTfault_25k_phase_c_1%_loading40%_02.out,D:\Naveen\TT fault Data\1%\Phase_c_1%\1%_40%\TT25kphasec1load40.inf,D:\Naveen\TT fault Data\1%\Phase_c_1%\1%_40%\TT25kphasec1load40.infx,25000.0,250000,250001,7.2,,faulty,1.0,C,40,40,False,TT_s1.0_pC_l40,50000,100000.0,180000.0,200000.0,110000,179500,180500.0,199500.0
TT_fault_Data_1_Phase_c_1_1_60,TT fault Data\1%\Phase_c_1%\1%_60%,D:\Naveen\TT fault Data\1%\Phase_c_1%\1%_60%\TTfault_25k_phase_c_1%_loading60%_03.out,D:\Naveen\TT fault Data\1%\Phase_c_1%\1%_60%\TTfault_25k_phase_c_1%_loading60%_02.out,D:\Naveen\TT fault Data\1%\Phase_c_1%\1%_60%\TT25kphasec1load60.inf,D:\Naveen\TT fault Data\1%\Phase_c_1%\1%_60%\TT25kphasec1load60.infx,25000.0,250000,250001,7.2,,faulty,1.0,C,60,60,False,TT_s1.0_pC_l60,50000,100000.0,180000.0,200000.0,110000,179500,180500.0,199500.0
TT_fault_Data_1_Phase_c_1_1_80,TT fault Data\1%\Phase_c_1%\1%_80%,D:\Naveen\TT fault Data\1%\Phase_c_1%\1%_80%\TTfault_25k_phase_c_1%_loading80%_03.out,D:\Naveen\TT fault Data\1%\Phase_c_1%\1%_80%\TTfault_25k_phase_c_1%_loading80%_02.out,D:\Naveen\TT fault Data\1%\Phase_c_1%\1%_80%\TT25kphasec1load80.inf,D:\Naveen\TT fault Data\1%\Phase_c_1%\1%_80%\TT25kphasec1load80.infx,25000.0,250000,250001,7.2,,faulty,1.0,C,80,80,False,TT_s1.0_pC_l80,50000,100000.0,180000.0,200000.0,110000,179500,180500.0,199500.0
TT_fault_Data_1_Phase_c_1_1_NL,TT fault Data\1%\Phase_c_1%\1%_NL%,D:\Naveen\TT fault Data\1%\Phase_c_1%\1%_NL%\TTfault_25k_phase_c_1%_loading_NL_03.out,D:\Naveen\TT fault Data\1%\Phase_c_1%\1%_NL%\TTfault_25k_phase_c_1%_loading_NL_02.out,D:\Naveen\TT fault Data\1%\Phase_c_1%\1%_NL%\TT25kphasec1loadNL.inf,D:\Naveen\TT fault Data\1%\Phase_c_1%\1%_NL%\TT25kphasec1loadNL.infx,25000.0,250000,250001,7.2,,faulty,1.0,C,0,NL,False,TT_s1.0_pC_lNL,50000,,180000.0,200000.0,80000,179500,180500.0,199500.0
TT_fault_Data_2_Phase_a_2_2_100,TT fault Data\2%\Phase_a_2%\2%_100%,D:\Naveen\TT fault Data\2%\Phase_a_2%\2%_100%\TTfault_25k_phase_a_2%_loading_100%_03.out,D:\Naveen\TT fault Data\2%\Phase_a_2%\2%_100%\TTfault_25k_phase_a_2%_loading_100%_02.out,D:\Naveen\TT fault Data\2%\Phase_a_2%\2%_100%\TT25kphasea2load100.inf,D:\Naveen\TT fault Data\2%\Phase_a_2%\2%_100%\TT25kphasea2load100.infx,25000.0,250000,250001,7.2,,faulty,2.0,A,100,100,False,TT_s2.0_pA_l100,50000,100000.0,180000.0,200000.0,110000,179500,180500.0,199500.0
TT_fault_Data_2_Phase_a_2_2_20,TT fault Data\2%\Phase_a_2%\2%_20%,D:\Naveen\TT fault Data\2%\Phase_a_2%\2%_20%\TTfault_25k_phase_a_2%_loading_20%_03.out,D:\Naveen\TT fault Data\2%\Phase_a_2%\2%_20%\TTfault_25k_phase_a_2%_loading_20%_02.out,D:\Naveen\TT fault Data\2%\Phase_a_2%\2%_20%\TT25kphasea2load20.inf,D:\Naveen\TT fault Data\2%\Phase_a_2%\2%_20%\TT25kphasea2load20.infx,25000.0,250000,250001,7.2,,faulty,2.0,A,20,20,False,TT_s2.0_pA_l20,50000,100000.0,180000.0,200000.0,110000,179500,180500.0,199500.0
TT_fault_Data_2_Phase_a_2_2_40,TT fault Data\2%\Phase_a_2%\2%_40%,D:\Naveen\TT fault Data\2%\Phase_a_2%\2%_40%\TTfault_25k_phase_a_2%_loading_40%_03.out,D:\Naveen\TT fault Data\2%\Phase_a_2%\2%_40%\TTfault_25k_phase_a_2%_loading_40%_02.out,D:\Naveen\TT fault Data\2%\Phase_a_2%\2%_40%\TT25kphasea2load40.inf,D:\Naveen\TT fault Data\2%\Phase_a_2%\2%_40%\TT25kphasea2load40.infx,25000.0,250000,250001,7.2,,faulty,2.0,A,40,40,False,TT_s2.0_pA_l40,50000,100000.0,180000.0,200000.0,110000,179500,180500.0,199500.0
TT_fault_Data_2_Phase_a_2_2_60,TT fault Data\2%\Phase_a_2%\2%_60%,D:\Naveen\TT fault Data\2%\Phase_a_2%\2%_60%\TTfault_25k_phase_a_2%_loading_60%_03.out,D:\Naveen\TT fault Data\2%\Phase_a_2%\2%_60%\TTfault_25k_phase_a_2%_loading_60%_02.out,D:\Naveen\TT fault Data\2%\Phase_a_2%\2%_60%\TT25kphasea2load60.inf,D:\Naveen\TT fault Data\2%\Phase_a_2%\2%_60%\TT25kphasea2load60.infx,25000.0,250000,250001,7.2,,faulty,2.0,A,60,60,False,TT_s2.0_pA_l60,50000,100000.0,180000.0,200000.0,110000,179500,180500.0,199500.0
TT_fault_Data_2_Phase_a_2_2_80,TT fault Data\2%\Phase_a_2%\2%_80%,D:\Naveen\TT fault Data\2%\Phase_a_2%\2%_80%\TTfault_25k_phase_a_2%_loading_80%_03.out,D:\Naveen\TT fault Data\2%\Phase_a_2%\2%_80%\TTfault_25k_phase_a_2%_loading_80%_02.out,D:\Naveen\TT fault Data\2%\Phase_a_2%\2%_80%\TT25kphasea2load80.inf,D:\Naveen\TT fault Data\2%\Phase_a_2%\2%_80%\TT25kphasea2load80.infx,25000.0,250000,250001,7.2,,faulty,2.0,A,80,80,False,TT_s2.0_pA_l80,50000,100000.0,180000.0,200000.0,110000,179500,180500.0,199500.0
TT_fault_Data_2_Phase_a_2_2_NL,TT fault Data\2%\Phase_a_2%\2%_NL%,D:\Naveen\TT fault Data\2%\Phase_a_2%\2%_NL%\TTfault_25k_phase_a_2%_loading_NL_03.out,D:\Naveen\TT fault Data\2%\Phase_a_2%\2%_NL%\TTfault_25k_phase_a_2%_loading_NL_02.out,D:\Naveen\TT fault Data\2%\Phase_a_2%\2%_NL%\TT25kphasea2loadNL.inf,D:\Naveen\TT fault Data\2%\Phase_a_2%\2%_NL%\TT25kphasea2loadNL.infx,25000.0,250000,250001,7.2,,faulty,2.0,A,0,NL,False,TT_s2.0_pA_lNL,50000,,180000.0,200000.0,80000,179500,180500.0,199500.0
TT_fault_Data_2_Phase_b_2_2_100,TT fault Data\2%\Phase_b_2%\2%_100%,D:\Naveen\TT fault Data\2%\Phase_b_2%\2%_100%\TTfault_25k_phase_b_2%_loading_100%_03.out,D:\Naveen\TT fault Data\2%\Phase_b_2%\2%_100%\TTfault_25k_phase_b_2%_loading_100%_02.out,D:\Naveen\TT fault Data\2%\Phase_b_2%\2%_100%\TT25kphaseb2load100.inf,D:\Naveen\TT fault Data\2%\Phase_b_2%\2%_100%\TT25kphaseb2load100.infx,25000.0,250000,250001,7.2,,faulty,2.0,B,100,100,False,TT_s2.0_pB_l100,50000,100000.0,180000.0,200000.0,110000,179500,180500.0,199500.0
TT_fault_Data_2_Phase_b_2_2_20,TT fault Data\2%\Phase_b_2%\2%_20%,D:\Naveen\TT fault Data\2%\Phase_b_2%\2%_20%\TTfault_25k_phase_b_2%_loading_20%_03.out,D:\Naveen\TT fault Data\2%\Phase_b_2%\2%_20%\TTfault_25k_phase_b_2%_loading_20%_02.out,D:\Naveen\TT fault Data\2%\Phase_b_2%\2%_20%\TT25kphaseb2load20.inf,D:\Naveen\TT fault Data\2%\Phase_b_2%\2%_20%\TT25kphaseb2load20.infx,25000.0,250000,250001,7.2,,faulty,2.0,B,20,20,False,TT_s2.0_pB_l20,50000,100000.0,180000.0,200000.0,110000,179500,180500.0,199500.0
TT_fault_Data_2_Phase_b_2_2_40,TT fault Data\2%\Phase_b_2%\2%_40%,D:\Naveen\TT fault Data\2%\Phase_b_2%\2%_40%\TTfault_25k_phase_b_2%_loading_40%_03.out,D:\Naveen\TT fault Data\2%\Phase_b_2%\2%_40%\TTfault_25k_phase_b_2%_loading_40%_02.out,D:\Naveen\TT fault Data\2%\Phase_b_2%\2%_40%\TT25kphaseb2load40.inf,D:\Naveen\TT fault Data\2%\Phase_b_2%\2%_40%\TT25kphaseb2load40.infx,25000.0,250000,250001,7.2,,faulty,2.0,B,40,40,False,TT_s2.0_pB_l40,50000,100000.0,180000.0,200000.0,110000,179500,180500.0,199500.0
TT_fault_Data_2_Phase_b_2_2_60,TT fault Data\2%\Phase_b_2%\2%_60%,D:\Naveen\TT fault Data\2%\Phase_b_2%\2%_60%\TTfault_25k_phase_b_2%_loading_60%_03.out,D:\Naveen\TT fault Data\2%\Phase_b_2%\2%_60%\TTfault_25k_phase_b_2%_loading_60%_02.out,D:\Naveen\TT fault Data\2%\Phase_b_2%\2%_60%\TT25kphaseb2load60.inf,D:\Naveen\TT fault Data\2%\Phase_b_2%\2%_60%\TT25kphaseb2load60.infx,25000.0,250000,250001,7.2,,faulty,2.0,B,60,60,False,TT_s2.0_pB_l60,50000,100000.0,180000.0,200000.0,110000,179500,180500.0,199500.0
TT_fault_Data_2_Phase_b_2_2_80,TT fault Data\2%\Phase_b_2%\2%_80%,D:\Naveen\TT fault Data\2%\Phase_b_2%\2%_80%\TTfault_25k_phase_b_2%_loading_80%_03.out,D:\Naveen\TT fault Data\2%\Phase_b_2%\2%_80%\TTfault_25k_phase_b_2%_loading_80%_02.out,D:\Naveen\TT fault Data\2%\Phase_b_2%\2%_80%\TT25kphaseb2load80.inf,D:\Naveen\TT fault Data\2%\Phase_b_2%\2%_80%\TT25kphaseb2load80.infx,25000.0,250000,250001,7.2,,faulty,2.0,B,80,80,False,TT_s2.0_pB_l80,50000,100000.0,180000.0,200000.0,110000,179500,180500.0,199500.0
TT_fault_Data_2_Phase_b_2_2_NL,TT fault Data\2%\Phase_b_2%\2%_NL%,D:\Naveen\TT fault Data\2%\Phase_b_2%\2%_NL%\TTfault_25k_phase_b_2%_loading_NL_03.out,D:\Naveen\TT fault Data\2%\Phase_b_2%\2%_NL%\TTfault_25k_phase_b_2%_loading_NL_02.out,D:\Naveen\TT fault Data\2%\Phase_b_2%\2%_NL%\TT25kphaseb2loadNL.inf,D:\Naveen\TT fault Data\2%\Phase_b_2%\2%_NL%\TT25kphaseb2loadNL.infx,25000.0,250000,250001,7.2,,faulty,2.0,B,0,NL,False,TT_s2.0_pB_lNL,50000,,180000.0,200000.0,80000,179500,180500.0,199500.0
TT_fault_Data_2_Phase_c_2_2_100,TT fault Data\2%\Phase_c_2%\2%_100%,D:\Naveen\TT fault Data\2%\Phase_c_2%\2%_100%\TTfault_25k_phase_c_2%_loading_100%_03.out,D:\Naveen\TT fault Data\2%\Phase_c_2%\2%_100%\TTfault_25k_phase_c_2%_loading_100%_02.out,D:\Naveen\TT fault Data\2%\Phase_c_2%\2%_100%\TT25kphasec2load100.inf,D:\Naveen\TT fault Data\2%\Phase_c_2%\2%_100%\TT25kphasec2load100.infx,25000.0,250000,250001,7.2,,faulty,2.0,C,100,100,False,TT_s2.0_pC_l100,50000,100000.0,180000.0,200000.0,110000,179500,180500.0,199500.0
TT_fault_Data_2_Phase_c_2_2_20,TT fault Data\2%\Phase_c_2%\2%_20%,D:\Naveen\TT fault Data\2%\Phase_c_2%\2%_20%\TTfault_25k_phase_c_2%_loading_20%_03.out,D:\Naveen\TT fault Data\2%\Phase_c_2%\2%_20%\TTfault_25k_phase_c_2%_loading_20%_02.out,D:\Naveen\TT fault Data\2%\Phase_c_2%\2%_20%\TT25kphasec2load20.inf,D:\Naveen\TT fault Data\2%\Phase_c_2%\2%_20%\TT25kphasec2load20.infx,25000.0,250000,250001,7.2,,faulty,2.0,C,20,20,False,TT_s2.0_pC_l20,50000,100000.0,180000.0,200000.0,110000,179500,180500.0,199500.0
TT_fault_Data_2_Phase_c_2_2_40,TT fault Data\2%\Phase_c_2%\2%_40%,D:\Naveen\TT fault Data\2%\Phase_c_2%\2%_40%\TTfault_25k_phase_c_2%_loading_40%_03.out,D:\Naveen\TT fault Data\2%\Phase_c_2%\2%_40%\TTfault_25k_phase_c_2%_loading_40%_02.out,D:\Naveen\TT fault Data\2%\Phase_c_2%\2%_40%\TT25kphasec2load40.inf,D:\Naveen\TT fault Data\2%\Phase_c_2%\2%_40%\TT25kphasec2load40.infx,25000.0,250000,250001,7.2,,faulty,2.0,C,40,40,False,TT_s2.0_pC_l40,50000,100000.0,180000.0,200000.0,110000,179500,180500.0,199500.0
TT_fault_Data_2_Phase_c_2_2_60,TT fault Data\2%\Phase_c_2%\2%_60%,D:\Naveen\TT fault Data\2%\Phase_c_2%\2%_60%\TTfault_25k_phase_c_2%_loading_60%_03.out,D:\Naveen\TT fault Data\2%\Phase_c_2%\2%_60%\TTfault_25k_phase_c_2%_loading_60%_02.out,D:\Naveen\TT fault Data\2%\Phase_c_2%\2%_60%\TT25kphasec2load60.inf,D:\Naveen\TT fault Data\2%\Phase_c_2%\2%_60%\TT25kphasec2load60.infx,25000.0,250000,250001,7.2,,faulty,2.0,C,60,60,False,TT_s2.0_pC_l60,50000,100000.0,180000.0,200000.0,110000,179500,180500.0,199500.0
TT_fault_Data_2_Phase_c_2_2_80,TT fault Data\2%\Phase_c_2%\2%_80%,D:\Naveen\TT fault Data\2%\Phase_c_2%\2%_80%\TTfault_25k_phase_c_2%_loading_80%_03.out,D:\Naveen\TT fault Data\2%\Phase_c_2%\2%_80%\TTfault_25k_phase_c_2%_loading_80%_02.out,D:\Naveen\TT fault Data\2%\Phase_c_2%\2%_80%\TT25kphasec2load80.inf,D:\Naveen\TT fault Data\2%\Phase_c_2%\2%_80%\TT25kphasec2load80.infx,25000.0,250000,250001,7.2,,faulty,2.0,C,80,80,False,TT_s2.0_pC_l80,50000,100000.0,180000.0,200000.0,110000,179500,180500.0,199500.0
TT_fault_Data_2_Phase_c_2_2_NL,TT fault Data\2%\Phase_c_2%\2%_NL%,D:\Naveen\TT fault Data\2%\Phase_c_2%\2%_NL%\TTfault_25k_phase_c_2%_loading_NL_03.out,D:\Naveen\TT fault Data\2%\Phase_c_2%\2%_NL%\TTfault_25k_phase_c_2%_loading_NL_02.out,D:\Naveen\TT fault Data\2%\Phase_c_2%\2%_NL%\TT25kphasec2loadNL.inf,D:\Naveen\TT fault Data\2%\Phase_c_2%\2%_NL%\TT25kphasec2loadNL.infx,25000.0,250000,250001,7.2,,faulty,2.0,C,0,NL,False,TT_s2.0_pC_lNL,50000,,180000.0,200000.0,80000,179500,180500.0,199500.0
TT_fault_Data_3_Phase_a_3_3_100,TT fault Data\3%\Phase_a_3%\3%_100%,D:\Naveen\TT fault Data\3%\Phase_a_3%\3%_100%\TTfault_25k_phase_a_3%_loading_100%_03.out,D:\Naveen\TT fault Data\3%\Phase_a_3%\3%_100%\TTfault_25k_phase_a_3%_loading_100%_02.out,D:\Naveen\TT fault Data\3%\Phase_a_3%\3%_100%\TT25kphasea3load100.inf,D:\Naveen\TT fault Data\3%\Phase_a_3%\3%_100%\TT25kphasea3load100.infx,25000.0,250000,250001,7.2,,faulty,3.0,A,100,100,False,TT_s3.0_pA_l100,50000,100000.0,180000.0,200000.0,110000,179500,180500.0,199500.0
TT_fault_Data_3_Phase_a_3_3_20,TT fault Data\3%\Phase_a_3%\3%_20%,D:\Naveen\TT fault Data\3%\Phase_a_3%\3%_20%\TTfault_25k_phase_a_3%_loading_20%_03.out,D:\Naveen\TT fault Data\3%\Phase_a_3%\3%_20%\TTfault_25k_phase_a_3%_loading_20%_02.out,D:\Naveen\TT fault Data\3%\Phase_a_3%\3%_20%\TT25kphasea3load20.inf,D:\Naveen\TT fault Data\3%\Phase_a_3%\3%_20%\TT25kphasea3load20.infx,25000.0,250000,250001,7.2,,faulty,3.0,A,20,20,False,TT_s3.0_pA_l20,50000,100000.0,180000.0,200000.0,110000,179500,180500.0,199500.0
TT_fault_Data_3_Phase_a_3_3_40,TT fault Data\3%\Phase_a_3%\3%_40%,D:\Naveen\TT fault Data\3%\Phase_a_3%\3%_40%\TTfault_25k_phase_a_3%_loading_40%_03.out,D:\Naveen\TT fault Data\3%\Phase_a_3%\3%_40%\TTfault_25k_phase_a_3%_loading_40%_02.out,D:\Naveen\TT fault Data\3%\Phase_a_3%\3%_40%\TT25kphasea3load40.inf,D:\Naveen\TT fault Data\3%\Phase_a_3%\3%_40%\TT25kphasea3load40.infx,25000.0,250000,250001,7.2,,faulty,3.0,A,40,40,False,TT_s3.0_pA_l40,50000,100000.0,180000.0,200000.0,110000,179500,180500.0,199500.0
TT_fault_Data_3_Phase_a_3_3_60,TT fault Data\3%\Phase_a_3%\3%_60%,D:\Naveen\TT fault Data\3%\Phase_a_3%\3%_60%\TTfault_25k_phase_a_3%_loading_60%_03.out,D:\Naveen\TT fault Data\3%\Phase_a_3%\3%_60%\TTfault_25k_phase_a_3%_loading_60%_02.out,D:\Naveen\TT fault Data\3%\Phase_a_3%\3%_60%\TT25kphasea3load60.inf,D:\Naveen\TT fault Data\3%\Phase_a_3%\3%_60%\TT25kphasea3load60.infx,25000.0,250000,250001,7.2,,faulty,3.0,A,60,60,False,TT_s3.0_pA_l60,50000,100000.0,180000.0,200000.0,110000,179500,180500.0,199500.0
TT_fault_Data_3_Phase_a_3_3_80,TT fault Data\3%\Phase_a_3%\3%_80%,D:\Naveen\TT fault Data\3%\Phase_a_3%\3%_80%\TTfault_25k_phase_a_3%_loading_80%_03.out,D:\Naveen\TT fault Data\3%\Phase_a_3%\3%_80%\TTfault_25k_phase_a_3%_loading_80%_02.out,D:\Naveen\TT fault Data\3%\Phase_a_3%\3%_80%\TT25kphasea3load80.inf,D:\Naveen\TT fault Data\3%\Phase_a_3%\3%_80%\TT25kphasea3load80.infx,25000.0,250000,250001,7.2,,faulty,3.0,A,80,80,False,TT_s3.0_pA_l80,50000,100000.0,180000.0,200000.0,110000,179500,180500.0,199500.0
TT_fault_Data_3_Phase_a_3_3_NL,TT fault Data\3%\Phase_a_3%\3%_NL%,D:\Naveen\TT fault Data\3%\Phase_a_3%\3%_NL%\TTfault_25k_phase_a_3%_loading_NL_03.out,D:\Naveen\TT fault Data\3%\Phase_a_3%\3%_NL%\TTfault_25k_phase_a_3%_loading_NL_02.out,D:\Naveen\TT fault Data\3%\Phase_a_3%\3%_NL%\TT25kphasea3loadNL.inf,D:\Naveen\TT fault Data\3%\Phase_a_3%\3%_NL%\TT25kphasea3loadNL.infx,25000.0,250000,250001,7.2,,faulty,3.0,A,0,NL,False,TT_s3.0_pA_lNL,50000,,180000.0,200000.0,80000,179500,180500.0,199500.0
TT_fault_Data_3_Phase_b_3_3_100,TT fault Data\3%\Phase_b_3%\3%_100%,D:\Naveen\TT fault Data\3%\Phase_b_3%\3%_100%\TTfault_25k_phase_b_3%_loading_100%_03.out,D:\Naveen\TT fault Data\3%\Phase_b_3%\3%_100%\TTfault_25k_phase_b_3%_loading_100%_02.out,D:\Naveen\TT fault Data\3%\Phase_b_3%\3%_100%\TT25kphaseb3load100.inf,D:\Naveen\TT fault Data\3%\Phase_b_3%\3%_100%\TT25kphaseb3load100.infx,25000.0,250000,250001,7.2,,faulty,3.0,B,100,100,False,TT_s3.0_pB_l100,50000,100000.0,180000.0,200000.0,110000,179500,180500.0,199500.0
TT_fault_Data_3_Phase_b_3_3_20,TT fault Data\3%\Phase_b_3%\3%_20%,D:\Naveen\TT fault Data\3%\Phase_b_3%\3%_20%\TTfault_25k_phase_b_3%_loading_20%_03.out,D:\Naveen\TT fault Data\3%\Phase_b_3%\3%_20%\TTfault_25k_phase_b_3%_loading_20%_02.out,D:\Naveen\TT fault Data\3%\Phase_b_3%\3%_20%\TT25kphaseb3load20.inf,D:\Naveen\TT fault Data\3%\Phase_b_3%\3%_20%\TT25kphaseb3load20.infx,25000.0,250000,250001,7.2,,faulty,3.0,B,20,20,False,TT_s3.0_pB_l20,50000,100000.0,180000.0,200000.0,110000,179500,180500.0,199500.0
TT_fault_Data_3_Phase_b_3_3_40,TT fault Data\3%\Phase_b_3%\3%_40%,D:\Naveen\TT fault Data\3%\Phase_b_3%\3%_40%\TTfault_25k_phase_b_3%_loading_40%_03.out,D:\Naveen\TT fault Data\3%\Phase_b_3%\3%_40%\TTfault_25k_phase_b_3%_loading_40%_02.out,D:\Naveen\TT fault Data\3%\Phase_b_3%\3%_40%\TT25kphaseb3load40.inf,D:\Naveen\TT fault Data\3%\Phase_b_3%\3%_40%\TT25kphaseb3load40.infx,25000.0,250000,250001,7.2,,faulty,3.0,B,40,40,False,TT_s3.0_pB_l40,50000,100000.0,180000.0,200000.0,110000,179500,180500.0,199500.0
TT_fault_Data_3_Phase_b_3_3_60,TT fault Data\3%\Phase_b_3%\3%_60%,D:\Naveen\TT fault Data\3%\Phase_b_3%\3%_60%\TTfault_25k_phase_b_3%_loading_60%_03.out,D:\Naveen\TT fault Data\3%\Phase_b_3%\3%_60%\TTfault_25k_phase_b_3%_loading_60%_02.out,D:\Naveen\TT fault Data\3%\Phase_b_3%\3%_60%\TT25kphaseb3load60.inf,D:\Naveen\TT fault Data\3%\Phase_b_3%\3%_60%\TT25kphaseb3load60.infx,25000.0,250000,250001,7.2,,faulty,3.0,B,60,60,False,TT_s3.0_pB_l60,50000,100000.0,180000.0,200000.0,110000,179500,180500.0,199500.0
TT_fault_Data_3_Phase_b_3_3_80,TT fault Data\3%\Phase_b_3%\3%_80%,D:\Naveen\TT fault Data\3%\Phase_b_3%\3%_80%\TTfault_25k_phase_b_3%_loading_80%_03.out,D:\Naveen\TT fault Data\3%\Phase_b_3%\3%_80%\TTfault_25k_phase_b_3%_loading_80%_02.out,D:\Naveen\TT fault Data\3%\Phase_b_3%\3%_80%\TT25kphaseb3load80.inf,D:\Naveen\TT fault Data\3%\Phase_b_3%\3%_80%\TT25kphaseb3load80.infx,25000.0,250000,250001,7.2,,faulty,3.0,B,80,80,False,TT_s3.0_pB_l80,50000,100000.0,180000.0,200000.0,110000,179500,180500.0,199500.0
TT_fault_Data_3_Phase_b_3_3_NL,TT fault Data\3%\Phase_b_3%\3%_NL%,D:\Naveen\TT fault Data\3%\Phase_b_3%\3%_NL%\TTfault_25k_phase_b_3%_loading_NL_03.out,D:\Naveen\TT fault Data\3%\Phase_b_3%\3%_NL%\TTfault_25k_phase_b_3%_loading_NL_02.out,D:\Naveen\TT fault Data\3%\Phase_b_3%\3%_NL%\TT25kphaseb3loadNL.inf,D:\Naveen\TT fault Data\3%\Phase_b_3%\3%_NL%\TT25kphaseb3loadNL.infx,25000.0,250000,250001,7.2,,faulty,3.0,B,0,NL,False,TT_s3.0_pB_lNL,50000,,180000.0,200000.0,80000,179500,180500.0,199500.0
TT_fault_Data_3_Phase_c_3_3_100,TT fault Data\3%\Phase_c_3%\3%_100%,D:\Naveen\TT fault Data\3%\Phase_c_3%\3%_100%\TTfault_25k_phase_c_3%_loading_100%_03.out,D:\Naveen\TT fault Data\3%\Phase_c_3%\3%_100%\TTfault_25k_phase_c_3%_loading_100%_02.out,D:\Naveen\TT fault Data\3%\Phase_c_3%\3%_100%\TT25kphasec3load100.inf,D:\Naveen\TT fault Data\3%\Phase_c_3%\3%_100%\TT25kphasec3load100.infx,25000.0,250000,250001,7.2,,faulty,3.0,C,100,100,False,TT_s3.0_pC_l100,50000,100000.0,180000.0,200000.0,110000,179500,180500.0,199500.0
TT_fault_Data_3_Phase_c_3_3_20,TT fault Data\3%\Phase_c_3%\3%_20%,D:\Naveen\TT fault Data\3%\Phase_c_3%\3%_20%\TTfault25kphasec2Ploading20_03.out,D:\Naveen\TT fault Data\3%\Phase_c_3%\3%_20%\TTfault25kphasec2Ploading20_02.out,D:\Naveen\TT fault Data\3%\Phase_c_3%\3%_20%\TTfault25kphasec2Ploading20.inf,D:\Naveen\TT fault Data\3%\Phase_c_3%\3%_20%\TTfault25kphasec2Ploading20.infx,25000.0,250000,250001,7.2,,faulty,3.0,C,20,20,False,TT_s3.0_pC_l20,50000,100000.0,180000.0,200000.0,110000,179500,180500.0,199500.0
TT_fault_Data_3_Phase_c_3_3_40,TT fault Data\3%\Phase_c_3%\3%_40%,D:\Naveen\TT fault Data\3%\Phase_c_3%\3%_40%\TTfault_25k_phase_c_3%_loading_40%_03.out,D:\Naveen\TT fault Data\3%\Phase_c_3%\3%_40%\TTfault_25k_phase_c_3%_loading_40%_02.out,D:\Naveen\TT fault Data\3%\Phase_c_3%\3%_40%\TT25kphasec3load40.inf,D:\Naveen\TT fault Data\3%\Phase_c_3%\3%_40%\TT25kphasec3load40.infx,25000.0,250000,250001,7.2,,faulty,3.0,C,40,40,False,TT_s3.0_pC_l40,50000,100000.0,180000.0,200000.0,110000,179500,180500.0,199500.0
TT_fault_Data_3_Phase_c_3_3_60,TT fault Data\3%\Phase_c_3%\3%_60%,D:\Naveen\TT fault Data\3%\Phase_c_3%\3%_60%\TTfault_25k_phase_c_3%_loading_60%_03.out,D:\Naveen\TT fault Data\3%\Phase_c_3%\3%_60%\TTfault_25k_phase_c_3%_loading_60%_02.out,D:\Naveen\TT fault Data\3%\Phase_c_3%\3%_60%\TT25kphasec3load60.inf,D:\Naveen\TT fault Data\3%\Phase_c_3%\3%_60%\TT25kphasec3load60.infx,25000.0,250000,250001,7.2,,faulty,3.0,C,60,60,False,TT_s3.0_pC_l60,50000,100000.0,180000.0,200000.0,110000,179500,180500.0,199500.0
TT_fault_Data_3_Phase_c_3_3_80,TT fault Data\3%\Phase_c_3%\3%_80%,D:\Naveen\TT fault Data\3%\Phase_c_3%\3%_80%\TTfault_25k_phase_c_3%_loading_80%_03.out,D:\Naveen\TT fault Data\3%\Phase_c_3%\3%_80%\TTfault_25k_phase_c_3%_loading_80%_02.out,D:\Naveen\TT fault Data\3%\Phase_c_3%\3%_80%\TT25kphasec3load80.inf,D:\Naveen\TT fault Data\3%\Phase_c_3%\3%_80%\TT25kphasec3load80.infx,25000.0,250000,250001,7.2,,faulty,3.0,C,80,80,False,TT_s3.0_pC_l80,50000,100000.0,180000.0,200000.0,110000,179500,180500.0,199500.0
TT_fault_Data_3_Phase_c_3_3_NL,TT fault Data\3%\Phase_c_3%\3%_NL%,D:\Naveen\TT fault Data\3%\Phase_c_3%\3%_NL%\TTfault_25k_phase_c_3%_loading_NL_03.out,D:\Naveen\TT fault Data\3%\Phase_c_3%\3%_NL%\TTfault_25k_phase_c_3%_loading_NL_02.out,D:\Naveen\TT fault Data\3%\Phase_c_3%\3%_NL%\TT25kphasec3loadNL.inf,D:\Naveen\TT fault Data\3%\Phase_c_3%\3%_NL%\TT25kphasec3loadNL.infx,25000.0,250000,250001,7.2,,faulty,3.0,C,0,NL,False,TT_s3.0_pC_lNL,50000,,180000.0,200000.0,80000,179500,180500.0,199500.0
TT_fault_Data_4_Phase_a_4_4_100,TT fault Data\4%\Phase_a_4%\4%_100%,D:\Naveen\TT fault Data\4%\Phase_a_4%\4%_100%\TTfault_25k_phase_a_4%_loading_100%_03.out,D:\Naveen\TT fault Data\4%\Phase_a_4%\4%_100%\TTfault_25k_phase_a_4%_loading_100%_02.out,D:\Naveen\TT fault Data\4%\Phase_a_4%\4%_100%\TT25kphasea4load100.inf,D:\Naveen\TT fault Data\4%\Phase_a_4%\4%_100%\TT25kphasea4load100.infx,25000.0,250000,250001,7.2,,faulty,4.0,A,100,100,False,TT_s4.0_pA_l100,50000,100000.0,180000.0,200000.0,110000,179500,180500.0,199500.0
TT_fault_Data_4_Phase_a_4_4_20,TT fault Data\4%\Phase_a_4%\4%_20%,D:\Naveen\TT fault Data\4%\Phase_a_4%\4%_20%\TTfault_25k_phase_a_4%_loading_20%_03.out,D:\Naveen\TT fault Data\4%\Phase_a_4%\4%_20%\TTfault_25k_phase_a_4%_loading_20%_02.out,D:\Naveen\TT fault Data\4%\Phase_a_4%\4%_20%\TT25kphasea4load20.inf,D:\Naveen\TT fault Data\4%\Phase_a_4%\4%_20%\TT25kphasea4load20.infx,25000.0,250000,250001,7.2,,faulty,4.0,A,20,20,False,TT_s4.0_pA_l20,50000,100000.0,180000.0,200000.0,110000,179500,180500.0,199500.0
TT_fault_Data_4_Phase_a_4_4_40,TT fault Data\4%\Phase_a_4%\4%_40%,D:\Naveen\TT fault Data\4%\Phase_a_4%\4%_40%\TTfault_25k_phase_a_4%_loading_40%_03.out,D:\Naveen\TT fault Data\4%\Phase_a_4%\4%_40%\TTfault_25k_phase_a_4%_loading_40%_02.out,D:\Naveen\TT fault Data\4%\Phase_a_4%\4%_40%\TT25kphasea4load40.inf,D:\Naveen\TT fault Data\4%\Phase_a_4%\4%_40%\TT25kphasea4load40.infx,25000.0,250000,250001,7.2,,faulty,4.0,A,40,40,False,TT_s4.0_pA_l40,50000,100000.0,180000.0,200000.0,110000,179500,180500.0,199500.0
TT_fault_Data_4_Phase_a_4_4_60,TT fault Data\4%\Phase_a_4%\4%_60%,D:\Naveen\TT fault Data\4%\Phase_a_4%\4%_60%\TTfault_25k_phase_a_4%_loading_60%_03.out,D:\Naveen\TT fault Data\4%\Phase_a_4%\4%_60%\TTfault_25k_phase_a_4%_loading_60%_02.out,D:\Naveen\TT fault Data\4%\Phase_a_4%\4%_60%\TT25kphasea4load60.inf,D:\Naveen\TT fault Data\4%\Phase_a_4%\4%_60%\TT25kphasea4load60.infx,25000.0,250000,250001,7.2,,faulty,4.0,A,60,60,False,TT_s4.0_pA_l60,50000,100000.0,180000.0,200000.0,110000,179500,180500.0,199500.0
TT_fault_Data_4_Phase_a_4_4_80,TT fault Data\4%\Phase_a_4%\4%_80%,D:\Naveen\TT fault Data\4%\Phase_a_4%\4%_80%\TTfault_25k_phase_a_4%_loading_4%_03.out,D:\Naveen\TT fault Data\4%\Phase_a_4%\4%_80%\TTfault_25k_phase_a_4%_loading_4%_02.out,D:\Naveen\TT fault Data\4%\Phase_a_4%\4%_80%\TT25kphasea4load80.inf,D:\Naveen\TT fault Data\4%\Phase_a_4%\4%_80%\TT25kphasea4load80.infx,25000.0,250000,250001,7.2,,faulty,4.0,A,80,80,False,TT_s4.0_pA_l80,50000,100000.0,180000.0,200000.0,110000,179500,180500.0,199500.0
TT_fault_Data_4_Phase_a_4_4_NL,TT fault Data\4%\Phase_a_4%\4%_NL%,D:\Naveen\TT fault Data\4%\Phase_a_4%\4%_NL%\TTfault_25k_phase_a_4%_loading_NL_03.out,D:\Naveen\TT fault Data\4%\Phase_a_4%\4%_NL%\TTfault_25k_phase_a_4%_loading_NL_02.out,D:\Naveen\TT fault Data\4%\Phase_a_4%\4%_NL%\TT25kphasea4loadNL.inf,D:\Naveen\TT fault Data\4%\Phase_a_4%\4%_NL%\TT25kphasea4loadNL.infx,25000.0,250000,250001,7.2,,faulty,4.0,A,0,NL,False,TT_s4.0_pA_lNL,50000,,180000.0,200000.0,80000,179500,180500.0,199500.0
TT_fault_Data_4_Phase_b_4_4_100,TT fault Data\4%\Phase_b_4%\4%_100%,D:\Naveen\TT fault Data\4%\Phase_b_4%\4%_100%\TTfault_25k_phase_b_4%_loading_100%_03.out,D:\Naveen\TT fault Data\4%\Phase_b_4%\4%_100%\TTfault_25k_phase_b_4%_loading_100%_02.out,D:\Naveen\TT fault Data\4%\Phase_b_4%\4%_100%\TT25kphaseb4load100.inf,D:\Naveen\TT fault Data\4%\Phase_b_4%\4%_100%\TT25kphaseb4load100.infx,25000.0,250000,250001,7.2,,faulty,4.0,B,100,100,False,TT_s4.0_pB_l100,50000,100000.0,180000.0,200000.0,110000,179500,180500.0,199500.0
TT_fault_Data_4_Phase_b_4_4_20,TT fault Data\4%\Phase_b_4%\4%_20%,D:\Naveen\TT fault Data\4%\Phase_b_4%\4%_20%\TTfault_25k_phase_b_4%_loading_20%_03.out,D:\Naveen\TT fault Data\4%\Phase_b_4%\4%_20%\TTfault_25k_phase_b_4%_loading_20%_02.out,D:\Naveen\TT fault Data\4%\Phase_b_4%\4%_20%\TT25kphaseb4load20.inf,D:\Naveen\TT fault Data\4%\Phase_b_4%\4%_20%\TT25kphaseb4load20.infx,25000.0,250000,250001,7.2,,faulty,4.0,B,20,20,False,TT_s4.0_pB_l20,50000,100000.0,180000.0,200000.0,110000,179500,180500.0,199500.0
TT_fault_Data_4_Phase_b_4_4_40,TT fault Data\4%\Phase_b_4%\4%_40%,D:\Naveen\TT fault Data\4%\Phase_b_4%\4%_40%\TTfault_25k_phase_b_4%_loading_40%_03.out,D:\Naveen\TT fault Data\4%\Phase_b_4%\4%_40%\TTfault_25k_phase_b_4%_loading_40%_02.out,D:\Naveen\TT fault Data\4%\Phase_b_4%\4%_40%\TT25kphaseb4load40.inf,D:\Naveen\TT fault Data\4%\Phase_b_4%\4%_40%\TT25kphaseb4load40.infx,25000.0,250000,250001,7.2,,faulty,4.0,B,40,40,False,TT_s4.0_pB_l40,50000,100000.0,180000.0,200000.0,110000,179500,180500.0,199500.0
TT_fault_Data_4_Phase_b_4_4_60,TT fault Data\4%\Phase_b_4%\4%_60%,D:\Naveen\TT fault Data\4%\Phase_b_4%\4%_60%\TTfault_25k_phase_b_4%_loading_60%_03.out,D:\Naveen\TT fault Data\4%\Phase_b_4%\4%_60%\TTfault_25k_phase_b_4%_loading_60%_02.out,D:\Naveen\TT fault Data\4%\Phase_b_4%\4%_60%\TT25kphaseb4load60.inf,D:\Naveen\TT fault Data\4%\Phase_b_4%\4%_60%\TT25kphaseb4load60.infx,25000.0,250000,250001,7.2,,faulty,4.0,B,60,60,False,TT_s4.0_pB_l60,50000,100000.0,180000.0,200000.0,110000,179500,180500.0,199500.0
TT_fault_Data_4_Phase_b_4_4_80,TT fault Data\4%\Phase_b_4%\4%_80%,D:\Naveen\TT fault Data\4%\Phase_b_4%\4%_80%\TTfault_25k_phase_b_4%_loading_80%_03.out,D:\Naveen\TT fault Data\4%\Phase_b_4%\4%_80%\TTfault_25k_phase_b_4%_loading_80%_02.out,D:\Naveen\TT fault Data\4%\Phase_b_4%\4%_80%\TT25kphaseb4load80.inf,D:\Naveen\TT fault Data\4%\Phase_b_4%\4%_80%\TT25kphaseb4load80.infx,25000.0,250000,250001,7.2,,faulty,4.0,B,80,80,False,TT_s4.0_pB_l80,50000,100000.0,180000.0,200000.0,110000,179500,180500.0,199500.0
TT_fault_Data_4_Phase_b_4_4_NL,TT fault Data\4%\Phase_b_4%\4%_NL%,D:\Naveen\TT fault Data\4%\Phase_b_4%\4%_NL%\TTfault_25k_phase_b_4%_loading_NL_03.out,D:\Naveen\TT fault Data\4%\Phase_b_4%\4%_NL%\TTfault_25k_phase_b_4%_loading_NL_02.out,D:\Naveen\TT fault Data\4%\Phase_b_4%\4%_NL%\TT25kphaseb4loadNL.inf,D:\Naveen\TT fault Data\4%\Phase_b_4%\4%_NL%\TT25kphaseb4loadNL.infx,25000.0,250000,250001,7.2,,faulty,4.0,B,0,NL,False,TT_s4.0_pB_lNL,50000,,180000.0,200000.0,80000,179500,180500.0,199500.0
TT_fault_Data_4_Phase_c_4_4_100,TT fault Data\4%\Phase_c_4%\4%_100%,D:\Naveen\TT fault Data\4%\Phase_c_4%\4%_100%\TTfault_25k_phase_c_4%_loading_100%_03.out,D:\Naveen\TT fault Data\4%\Phase_c_4%\4%_100%\TTfault_25k_phase_c_4%_loading_100%_02.out,D:\Naveen\TT fault Data\4%\Phase_c_4%\4%_100%\TT25kphasec4load100.inf,D:\Naveen\TT fault Data\4%\Phase_c_4%\4%_100%\TT25kphasec4load100.infx,25000.0,250000,250001,7.2,,faulty,4.0,C,100,100,False,TT_s4.0_pC_l100,50000,100000.0,180000.0,200000.0,110000,179500,180500.0,199500.0
TT_fault_Data_4_Phase_c_4_4_20,TT fault Data\4%\Phase_c_4%\4%_20%,D:\Naveen\TT fault Data\4%\Phase_c_4%\4%_20%\TTfault_25k_phase_c_4%_loading_20%_03.out,D:\Naveen\TT fault Data\4%\Phase_c_4%\4%_20%\TTfault_25k_phase_c_4%_loading_20%_02.out,D:\Naveen\TT fault Data\4%\Phase_c_4%\4%_20%\TT25kphasec4load20.inf,D:\Naveen\TT fault Data\4%\Phase_c_4%\4%_20%\TT25kphasec4load20.infx,25000.0,250000,250001,7.2,,faulty,4.0,C,20,20,False,TT_s4.0_pC_l20,50000,100000.0,180000.0,200000.0,110000,179500,180500.0,199500.0
TT_fault_Data_4_Phase_c_4_4_40,TT fault Data\4%\Phase_c_4%\4%_40%,D:\Naveen\TT fault Data\4%\Phase_c_4%\4%_40%\TTfault_25k_phase_c_4%_loading_40%_03.out,D:\Naveen\TT fault Data\4%\Phase_c_4%\4%_40%\TTfault_25k_phase_c_4%_loading_40%_02.out,D:\Naveen\TT fault Data\4%\Phase_c_4%\4%_40%\TT25kphasec4load40.inf,D:\Naveen\TT fault Data\4%\Phase_c_4%\4%_40%\TT25kphasec4load40.infx,25000.0,250000,250001,7.2,,faulty,4.0,C,40,40,False,TT_s4.0_pC_l40,50000,100000.0,180000.0,200000.0,110000,179500,180500.0,199500.0
TT_fault_Data_4_Phase_c_4_4_60,TT fault Data\4%\Phase_c_4%\4%_60%,D:\Naveen\TT fault Data\4%\Phase_c_4%\4%_60%\TTfault_25k_phase_c_4%_loading_60%_03.out,D:\Naveen\TT fault Data\4%\Phase_c_4%\4%_60%\TTfault_25k_phase_c_4%_loading_60%_02.out,D:\Naveen\TT fault Data\4%\Phase_c_4%\4%_60%\TT25kphasec4load60.inf,D:\Naveen\TT fault Data\4%\Phase_c_4%\4%_60%\TT25kphasec4load60.infx,25000.0,250000,250001,7.2,,faulty,4.0,C,60,60,False,TT_s4.0_pC_l60,50000,100000.0,180000.0,200000.0,110000,179500,180500.0,199500.0
TT_fault_Data_4_Phase_c_4_4_80,TT fault Data\4%\Phase_c_4%\4%_80%,D:\Naveen\TT fault Data\4%\Phase_c_4%\4%_80%\TTfault_25k_phase_c_4%_loading_80%_03.out,D:\Naveen\TT fault Data\4%\Phase_c_4%\4%_80%\TTfault_25k_phase_c_4%_loading_80%_02.out,D:\Naveen\TT fault Data\4%\Phase_c_4%\4%_80%\TT25kphasec4load80.inf,D:\Naveen\TT fault Data\4%\Phase_c_4%\4%_80%\TT25kphasec4load80.infx,25000.0,250000,250001,7.2,,faulty,4.0,C,80,80,False,TT_s4.0_pC_l80,50000,100000.0,180000.0,200000.0,110000,179500,180500.0,199500.0
TT_fault_Data_4_Phase_c_4_4_NL,TT fault Data\4%\Phase_c_4%\4%_NL%,D:\Naveen\TT fault Data\4%\Phase_c_4%\4%_NL%\TTfault_25k_phase_c_4%_loading_NL_03.out,D:\Naveen\TT fault Data\4%\Phase_c_4%\4%_NL%\TTfault_25k_phase_c_4%_loading_NL_02.out,D:\Naveen\TT fault Data\4%\Phase_c_4%\4%_NL%\TT25kphasec4loadNL.inf,D:\Naveen\TT fault Data\4%\Phase_c_4%\4%_NL%\TT25kphasec4loadNL.infx,25000.0,250000,250001,7.2,,faulty,4.0,C,0,NL,False,TT_s4.0_pC_lNL,50000,,180000.0,200000.0,80000,179500,180500.0,199500.0
TT_fault_Data_5_Phase_a_5_5_100,TT fault Data\5%\Phase_a_5%\5%_100%,D:\Naveen\TT fault Data\5%\Phase_a_5%\5%_100%\TTfault_25k_phase_a_5%_loading_100%_03.out,D:\Naveen\TT fault Data\5%\Phase_a_5%\5%_100%\TTfault_25k_phase_a_5%_loading_100%_02.out,D:\Naveen\TT fault Data\5%\Phase_a_5%\5%_100%\TT25kphasea5load100.inf,D:\Naveen\TT fault Data\5%\Phase_a_5%\5%_100%\TT25kphasea5load100.infx,25000.0,250000,250001,7.2,,faulty,5.0,A,100,100,False,TT_s5.0_pA_l100,50000,100000.0,180000.0,200000.0,110000,179500,180500.0,199500.0
TT_fault_Data_5_Phase_a_5_5_20,TT fault Data\5%\Phase_a_5%\5%_20%,D:\Naveen\TT fault Data\5%\Phase_a_5%\5%_20%\TTfault_25k_phase_a_5%_loading_20%_03.out,D:\Naveen\TT fault Data\5%\Phase_a_5%\5%_20%\TTfault_25k_phase_a_5%_loading_20%_02.out,D:\Naveen\TT fault Data\5%\Phase_a_5%\5%_20%\TT25kphasea5load20.inf,D:\Naveen\TT fault Data\5%\Phase_a_5%\5%_20%\TT25kphasea5load20.infx,25000.0,250000,250001,7.2,,faulty,5.0,A,20,20,False,TT_s5.0_pA_l20,50000,100000.0,180000.0,200000.0,110000,179500,180500.0,199500.0
TT_fault_Data_5_Phase_a_5_5_40,TT fault Data\5%\Phase_a_5%\5%_40%,D:\Naveen\TT fault Data\5%\Phase_a_5%\5%_40%\TTfault_25k_phase_a_5%_loading_40%_03.out,D:\Naveen\TT fault Data\5%\Phase_a_5%\5%_40%\TTfault_25k_phase_a_5%_loading_40%_02.out,D:\Naveen\TT fault Data\5%\Phase_a_5%\5%_40%\TT25kphasea5load40.inf,D:\Naveen\TT fault Data\5%\Phase_a_5%\5%_40%\TT25kphasea5load40.infx,25000.0,250000,250001,7.2,,faulty,5.0,A,40,40,False,TT_s5.0_pA_l40,50000,100000.0,180000.0,200000.0,110000,179500,180500.0,199500.0
TT_fault_Data_5_Phase_a_5_5_60,TT fault Data\5%\Phase_a_5%\5%_60%,D:\Naveen\TT fault Data\5%\Phase_a_5%\5%_60%\TTfault_25k_phase_a_5%_loading_60%_03.out,D:\Naveen\TT fault Data\5%\Phase_a_5%\5%_60%\TTfault_25k_phase_a_5%_loading_60%_02.out,D:\Naveen\TT fault Data\5%\Phase_a_5%\5%_60%\TT25kphasea5load60.inf,D:\Naveen\TT fault Data\5%\Phase_a_5%\5%_60%\TT25kphasea5load60.infx,25000.0,250000,250001,7.2,,faulty,5.0,A,60,60,False,TT_s5.0_pA_l60,50000,100000.0,180000.0,200000.0,110000,179500,180500.0,199500.0
TT_fault_Data_5_Phase_a_5_5_80,TT fault Data\5%\Phase_a_5%\5%_80%,D:\Naveen\TT fault Data\5%\Phase_a_5%\5%_80%\TTfault25kphaseA5Ploading80_03.out,D:\Naveen\TT fault Data\5%\Phase_a_5%\5%_80%\TTfault25kphaseA5Ploading80_02.out,D:\Naveen\TT fault Data\5%\Phase_a_5%\5%_80%\TTfault25kphaseA5Ploading80.inf,D:\Naveen\TT fault Data\5%\Phase_a_5%\5%_80%\TTfault25kphaseA5Ploading80.infx,25000.0,250000,250001,7.2,,faulty,5.0,A,80,80,False,TT_s5.0_pA_l80,50000,100000.0,180000.0,200000.0,110000,179500,180500.0,199500.0
TT_fault_Data_5_Phase_a_5_5_NL,TT fault Data\5%\Phase_a_5%\5%_NL%,D:\Naveen\TT fault Data\5%\Phase_a_5%\5%_NL%\TTfault_25k_phase_a_5%_loading_NL_03.out,D:\Naveen\TT fault Data\5%\Phase_a_5%\5%_NL%\TTfault_25k_phase_a_5%_loading_NL_02.out,D:\Naveen\TT fault Data\5%\Phase_a_5%\5%_NL%\TT25kphasea5loadNL.inf,D:\Naveen\TT fault Data\5%\Phase_a_5%\5%_NL%\TT25kphasea5loadNL.infx,25000.0,250000,250001,7.2,,faulty,5.0,A,0,NL,False,TT_s5.0_pA_lNL,50000,,180000.0,200000.0,80000,179500,180500.0,199500.0
TT_fault_Data_5_Phase_b_5_5_100,TT fault Data\5%\Phase_b_5%\5%_100%,D:\Naveen\TT fault Data\5%\Phase_b_5%\5%_100%\TTfault25kphaseB5Ploading100_03.out,D:\Naveen\TT fault Data\5%\Phase_b_5%\5%_100%\TTfault25kphaseB5Ploading100_02.out,D:\Naveen\TT fault Data\5%\Phase_b_5%\5%_100%\TTfault25kphaseB5Ploading100.inf,D:\Naveen\TT fault Data\5%\Phase_b_5%\5%_100%\TTfault25kphaseB5Ploading100.infx,25000.0,250000,250001,7.2,,faulty,5.0,B,100,100,False,TT_s5.0_pB_l100,50000,100000.0,180000.0,200000.0,110000,179500,180500.0,199500.0
TT_fault_Data_5_Phase_b_5_5_20,TT fault Data\5%\Phase_b_5%\5%_20%,D:\Naveen\TT fault Data\5%\Phase_b_5%\5%_20%\TTfault_25k_phase_b_5%_loading_20%_03.out,D:\Naveen\TT fault Data\5%\Phase_b_5%\5%_20%\TTfault_25k_phase_b_5%_loading_20%_02.out,D:\Naveen\TT fault Data\5%\Phase_b_5%\5%_20%\TT25kphaseb5load20.inf,D:\Naveen\TT fault Data\5%\Phase_b_5%\5%_20%\TT25kphaseb5load20.infx,25000.0,250000,250001,7.2,,faulty,5.0,B,20,20,False,TT_s5.0_pB_l20,50000,100000.0,180000.0,200000.0,110000,179500,180500.0,199500.0
TT_fault_Data_5_Phase_b_5_5_40,TT fault Data\5%\Phase_b_5%\5%_40%,D:\Naveen\TT fault Data\5%\Phase_b_5%\5%_40%\TTfault_25k_phase_b_5%_loading_40%_03.out,D:\Naveen\TT fault Data\5%\Phase_b_5%\5%_40%\TTfault_25k_phase_b_5%_loading_40%_02.out,D:\Naveen\TT fault Data\5%\Phase_b_5%\5%_40%\TT25kphaseb5load40.inf,D:\Naveen\TT fault Data\5%\Phase_b_5%\5%_40%\TT25kphaseb5load40.infx,25000.0,250000,250001,7.2,,faulty,5.0,B,40,40,False,TT_s5.0_pB_l40,50000,100000.0,180000.0,200000.0,110000,179500,180500.0,199500.0
TT_fault_Data_5_Phase_b_5_5_60,TT fault Data\5%\Phase_b_5%\5%_60%,D:\Naveen\TT fault Data\5%\Phase_b_5%\5%_60%\TTfault_25k_phase_b_5%_loading_60%_03.out,D:\Naveen\TT fault Data\5%\Phase_b_5%\5%_60%\TTfault_25k_phase_b_5%_loading_60%_02.out,D:\Naveen\TT fault Data\5%\Phase_b_5%\5%_60%\TT25kphaseb5load60.inf,D:\Naveen\TT fault Data\5%\Phase_b_5%\5%_60%\TT25kphaseb5load60.infx,25000.0,250000,250001,7.2,,faulty,5.0,B,60,60,False,TT_s5.0_pB_l60,50000,100000.0,180000.0,200000.0,110000,179500,180500.0,199500.0
TT_fault_Data_5_Phase_b_5_5_80,TT fault Data\5%\Phase_b_5%\5%_80%,D:\Naveen\TT fault Data\5%\Phase_b_5%\5%_80%\TTfault_25k_phase_b_5%_loading_80%_03.out,D:\Naveen\TT fault Data\5%\Phase_b_5%\5%_80%\TTfault_25k_phase_b_5%_loading_80%_02.out,D:\Naveen\TT fault Data\5%\Phase_b_5%\5%_80%\TT25kphaseb5load80.inf,D:\Naveen\TT fault Data\5%\Phase_b_5%\5%_80%\TT25kphaseb5load80.infx,25000.0,250000,250001,7.2,,faulty,5.0,B,80,80,False,TT_s5.0_pB_l80,50000,100000.0,180000.0,200000.0,110000,179500,180500.0,199500.0
TT_fault_Data_5_Phase_b_5_5_NL,TT fault Data\5%\Phase_b_5%\5%_NL%,D:\Naveen\TT fault Data\5%\Phase_b_5%\5%_NL%\TTfault_25k_phase_b_5%_loading_NL_03.out,D:\Naveen\TT fault Data\5%\Phase_b_5%\5%_NL%\TTfault_25k_phase_b_5%_loading_NL_02.out,D:\Naveen\TT fault Data\5%\Phase_b_5%\5%_NL%\TT25kphaseb5loadNL.inf,D:\Naveen\TT fault Data\5%\Phase_b_5%\5%_NL%\TT25kphaseb5loadNL.infx,25000.0,250000,250001,7.2,,faulty,5.0,B,0,NL,False,TT_s5.0_pB_lNL,50000,,180000.0,200000.0,80000,179500,180500.0,199500.0
TT_fault_Data_5_Phase_c_5_5_100,TT fault Data\5%\Phase_c_5%\5%_100%,D:\Naveen\TT fault Data\5%\Phase_c_5%\5%_100%\TTfault_25k_phase_c_5%_loading_100%_03.out,D:\Naveen\TT fault Data\5%\Phase_c_5%\5%_100%\TTfault_25k_phase_c_5%_loading_100%_02.out,D:\Naveen\TT fault Data\5%\Phase_c_5%\5%_100%\TT25kphasec5load100.inf,D:\Naveen\TT fault Data\5%\Phase_c_5%\5%_100%\TT25kphasec5load100.infx,25000.0,250000,250001,7.2,,faulty,5.0,C,100,100,False,TT_s5.0_pC_l100,50000,100000.0,180000.0,200000.0,110000,179500,180500.0,199500.0
TT_fault_Data_5_Phase_c_5_5_20,TT fault Data\5%\Phase_c_5%\5%_20%,D:\Naveen\TT fault Data\5%\Phase_c_5%\5%_20%\TTfault_25k_phase_c_5%_loading_20%_03.out,D:\Naveen\TT fault Data\5%\Phase_c_5%\5%_20%\TTfault_25k_phase_c_5%_loading_20%_02.out,D:\Naveen\TT fault Data\5%\Phase_c_5%\5%_20%\TT25kphasec5load20.inf,D:\Naveen\TT fault Data\5%\Phase_c_5%\5%_20%\TT25kphasec5load20.infx,25000.0,250000,250001,7.2,,faulty,5.0,C,20,20,False,TT_s5.0_pC_l20,50000,100000.0,180000.0,200000.0,110000,179500,180500.0,199500.0
TT_fault_Data_5_Phase_c_5_5_40,TT fault Data\5%\Phase_c_5%\5%_40%,D:\Naveen\TT fault Data\5%\Phase_c_5%\5%_40%\TTfault_25k_phase_c_5%_loading_40%_03.out,D:\Naveen\TT fault Data\5%\Phase_c_5%\5%_40%\TTfault_25k_phase_c_5%_loading_40%_02.out,D:\Naveen\TT fault Data\5%\Phase_c_5%\5%_40%\TT25kphasec5load40.inf,D:\Naveen\TT fault Data\5%\Phase_c_5%\5%_40%\TT25kphasec5load40.infx,25000.0,250000,250001,7.2,,faulty,5.0,C,40,40,False,TT_s5.0_pC_l40,50000,100000.0,180000.0,200000.0,110000,179500,180500.0,199500.0
TT_fault_Data_5_Phase_c_5_5_60,TT fault Data\5%\Phase_c_5%\5%_60%,D:\Naveen\TT fault Data\5%\Phase_c_5%\5%_60%\TTfault_25k_phase_c_5%_loading_60%_03.out,D:\Naveen\TT fault Data\5%\Phase_c_5%\5%_60%\TTfault_25k_phase_c_5%_loading_60%_02.out,D:\Naveen\TT fault Data\5%\Phase_c_5%\5%_60%\TT25kphasec5load60.inf,D:\Naveen\TT fault Data\5%\Phase_c_5%\5%_60%\TT25kphasec5load60.infx,25000.0,250000,250001,7.2,,faulty,5.0,C,60,60,False,TT_s5.0_pC_l60,50000,100000.0,180000.0,200000.0,110000,179500,180500.0,199500.0
TT_fault_Data_5_Phase_c_5_5_80,TT fault Data\5%\Phase_c_5%\5%_80%,D:\Naveen\TT fault Data\5%\Phase_c_5%\5%_80%\TTfault_25k_phase_c_5%_loading_80%_03.out,D:\Naveen\TT fault Data\5%\Phase_c_5%\5%_80%\TTfault_25k_phase_c_5%_loading_80%_02.out,D:\Naveen\TT fault Data\5%\Phase_c_5%\5%_80%\TT25kphasec5load80.inf,D:\Naveen\TT fault Data\5%\Phase_c_5%\5%_80%\TT25kphasec5load80.infx,25000.0,250000,250001,7.2,,faulty,5.0,C,80,80,False,TT_s5.0_pC_l80,50000,100000.0,180000.0,200000.0,110000,179500,180500.0,199500.0
TT_fault_Data_5_Phase_c_5_5_NL,TT fault Data\5%\Phase_c_5%\5%_NL%,D:\Naveen\TT fault Data\5%\Phase_c_5%\5%_NL%\TTfault_25k_phase_c_5%_loading_NL_03.out,D:\Naveen\TT fault Data\5%\Phase_c_5%\5%_NL%\TTfault_25k_phase_c_5%_loading_NL_02.out,D:\Naveen\TT fault Data\5%\Phase_c_5%\5%_NL%\TT25kphasec5loadNL.inf,D:\Naveen\TT fault Data\5%\Phase_c_5%\5%_NL%\TT25kphasec5loadNL.infx,25000.0,250000,250001,7.2,,faulty,5.0,C,0,NL,False,TT_s5.0_pC_lNL,50000,,180000.0,200000.0,80000,179500,180500.0,199500.0
TT_fault_Data_Extra_TT_Fault_Cases_0_3_Phase_a_0_3_0_3_NL_fault_at_10_7_22,TT fault Data\Extra TT Fault Cases\0.3%\Phase_a_0.3%\0.3%_NL_fault at 10_7.22,D:\Naveen\TT fault Data\Extra TT Fault Cases\0.3%\Phase_a_0.3%\0.3%_NL_fault at 10_7.22\TTphaseAat0p3LoadingNLandFat7p220_03.out,D:\Naveen\TT fault Data\Extra TT Fault Cases\0.3%\Phase_a_0.3%\0.3%_NL_fault at 10_7.22\TTphaseAat0p3LoadingNLandFat7p220_02.out,D:\Naveen\TT fault Data\Extra TT Fault Cases\0.3%\Phase_a_0.3%\0.3%_NL_fault at 10_7.22\TTphaseAat0p3LoadingNLandFat7p220.inf,D:\Naveen\TT fault Data\Extra TT Fault Cases\0.3%\Phase_a_0.3%\0.3%_NL_fault at 10_7.22\TTphaseAat0p3LoadingNLandFat7p220.infx,25000.0,250000,250001,7.22,10.0,faulty,0.3,A,0,NL,True,TT_s0.3_pA_lNL,50000,,180500.0,200500.0,80000,180000,181000.0,200000.0
TT_fault_Data_Extra_TT_Fault_Cases_0_3_Phase_a_0_3_0_3_NL_fault_at_1_7_202,TT fault Data\Extra TT Fault Cases\0.3%\Phase_a_0.3%\0.3%_NL_fault at 1_7.202,D:\Naveen\TT fault Data\Extra TT Fault Cases\0.3%\Phase_a_0.3%\0.3%_NL_fault at 1_7.202\TT0phaseAat0p3LoadingNLandFat7p20_03.out,D:\Naveen\TT fault Data\Extra TT Fault Cases\0.3%\Phase_a_0.3%\0.3%_NL_fault at 1_7.202\TT0phaseAat0p3LoadingNLandFat7p20_02.out,D:\Naveen\TT fault Data\Extra TT Fault Cases\0.3%\Phase_a_0.3%\0.3%_NL_fault at 1_7.202\TT0phaseAat0p3LoadingNLandFat7p20.inf,D:\Naveen\TT fault Data\Extra TT Fault Cases\0.3%\Phase_a_0.3%\0.3%_NL_fault at 1_7.202\TT0phaseAat0p3LoadingNLandFat7p202.infx,25000.0,250000,250001,7.202,1.0,faulty,0.3,A,0,NL,True,TT_s0.3_pA_lNL,50000,,180050.0,200050.0,80000,179550,180550.0,199550.0
TT_fault_Data_Extra_TT_Fault_Cases_0_3_Phase_a_0_3_0_3_NL_fault_at_2_7_204,TT fault Data\Extra TT Fault Cases\0.3%\Phase_a_0.3%\0.3%_NL_fault at 2_7.204,D:\Naveen\TT fault Data\Extra TT Fault Cases\0.3%\Phase_a_0.3%\0.3%_NL_fault at 2_7.204\TT0phaseAat0p3LoadingNLandFat7p20_03.out,D:\Naveen\TT fault Data\Extra TT Fault Cases\0.3%\Phase_a_0.3%\0.3%_NL_fault at 2_7.204\TT0phaseAat0p3LoadingNLandFat7p20_02.out,D:\Naveen\TT fault Data\Extra TT Fault Cases\0.3%\Phase_a_0.3%\0.3%_NL_fault at 2_7.204\TT0phaseAat0p3LoadingNLandFat7p20.inf,D:\Naveen\TT fault Data\Extra TT Fault Cases\0.3%\Phase_a_0.3%\0.3%_NL_fault at 2_7.204\TT0phaseAat0p3LoadingNLandFat7p204.infx,25000.0,250000,250001,7.204,2.0,faulty,0.3,A,0,NL,True,TT_s0.3_pA_lNL,50000,,180100.0,200100.0,80000,179600,180600.0,199600.0
TT_fault_Data_Extra_TT_Fault_Cases_0_3_Phase_a_0_3_0_3_NL_fault_at_3_7_206,TT fault Data\Extra TT Fault Cases\0.3%\Phase_a_0.3%\0.3%_NL_fault at 3_7.206,D:\Naveen\TT fault Data\Extra TT Fault Cases\0.3%\Phase_a_0.3%\0.3%_NL_fault at 3_7.206\TT0phaseAat0p3LoadingNLandFat7p20_03.out,D:\Naveen\TT fault Data\Extra TT Fault Cases\0.3%\Phase_a_0.3%\0.3%_NL_fault at 3_7.206\TT0phaseAat0p3LoadingNLandFat7p20_02.out,D:\Naveen\TT fault Data\Extra TT Fault Cases\0.3%\Phase_a_0.3%\0.3%_NL_fault at 3_7.206\TT0phaseAat0p3LoadingNLandFat7p20.inf,D:\Naveen\TT fault Data\Extra TT Fault Cases\0.3%\Phase_a_0.3%\0.3%_NL_fault at 3_7.206\TT0phaseAat0p3LoadingNLandFat7p206.infx,25000.0,250000,250001,7.206,3.0,faulty,0.3,A,0,NL,True,TT_s0.3_pA_lNL,50000,,180150.0,200150.0,80000,179650,180650.0,199650.0
TT_fault_Data_Extra_TT_Fault_Cases_0_3_Phase_a_0_3_0_3_NL_fault_at_4_7_208,TT fault Data\Extra TT Fault Cases\0.3%\Phase_a_0.3%\0.3%_NL_fault at 4_7.208,D:\Naveen\TT fault Data\Extra TT Fault Cases\0.3%\Phase_a_0.3%\0.3%_NL_fault at 4_7.208\TT0phaseAat0p3LoadingNLandFat7p20_03.out,D:\Naveen\TT fault Data\Extra TT Fault Cases\0.3%\Phase_a_0.3%\0.3%_NL_fault at 4_7.208\TT0phaseAat0p3LoadingNLandFat7p20_02.out,D:\Naveen\TT fault Data\Extra TT Fault Cases\0.3%\Phase_a_0.3%\0.3%_NL_fault at 4_7.208\TT0phaseAat0p3LoadingNLandFat7p20.inf,D:\Naveen\TT fault Data\Extra TT Fault Cases\0.3%\Phase_a_0.3%\0.3%_NL_fault at 4_7.208\TT0phaseAat0p3LoadingNLandFat7p208.infx,25000.0,250000,250001,7.208,4.0,faulty,0.3,A,0,NL,True,TT_s0.3_pA_lNL,50000,,180200.0,200200.0,80000,179700,180700.0,199700.0
TT_fault_Data_Extra_TT_Fault_Cases_0_3_Phase_a_0_3_0_3_NL_fault_at_5_7_210,TT fault Data\Extra TT Fault Cases\0.3%\Phase_a_0.3%\0.3%_NL_fault at 5_7.210,D:\Naveen\TT fault Data\Extra TT Fault Cases\0.3%\Phase_a_0.3%\0.3%_NL_fault at 5_7.210\TT0phaseAat0p3LoadingNLandFat7p21_03.out,D:\Naveen\TT fault Data\Extra TT Fault Cases\0.3%\Phase_a_0.3%\0.3%_NL_fault at 5_7.210\TT0phaseAat0p3LoadingNLandFat7p21_02.out,D:\Naveen\TT fault Data\Extra TT Fault Cases\0.3%\Phase_a_0.3%\0.3%_NL_fault at 5_7.210\TT0phaseAat0p3LoadingNLandFat7p21.inf,D:\Naveen\TT fault Data\Extra TT Fault Cases\0.3%\Phase_a_0.3%\0.3%_NL_fault at 5_7.210\TT0phaseAat0p3LoadingNLandFat7p210.infx,25000.0,250000,250001,7.21,5.0,faulty,0.3,A,0,NL,True,TT_s0.3_pA_lNL,50000,,180250.0,200250.0,80000,179750,180750.0,199750.0
TT_fault_Data_Extra_TT_Fault_Cases_0_3_Phase_a_0_3_0_3_NL_fault_at_6_7_212,TT fault Data\Extra TT Fault Cases\0.3%\Phase_a_0.3%\0.3%_NL_fault at 6_7.212,D:\Naveen\TT fault Data\Extra TT Fault Cases\0.3%\Phase_a_0.3%\0.3%_NL_fault at 6_7.212\TT0phaseAat0p3LoadingNLandFat7p21_03.out,D:\Naveen\TT fault Data\Extra TT Fault Cases\0.3%\Phase_a_0.3%\0.3%_NL_fault at 6_7.212\TT0phaseAat0p3LoadingNLandFat7p21_02.out,D:\Naveen\TT fault Data\Extra TT Fault Cases\0.3%\Phase_a_0.3%\0.3%_NL_fault at 6_7.212\TT0phaseAat0p3LoadingNLandFat7p21.inf,D:\Naveen\TT fault Data\Extra TT Fault Cases\0.3%\Phase_a_0.3%\0.3%_NL_fault at 6_7.212\TT0phaseAat0p3LoadingNLandFat7p212.infx,25000.0,250000,250001,7.212,6.0,faulty,0.3,A,0,NL,True,TT_s0.3_pA_lNL,50000,,180300.0,200300.0,80000,179800,180800.0,199800.0
TT_fault_Data_Extra_TT_Fault_Cases_0_3_Phase_a_0_3_0_3_NL_fault_at_7_7_214,TT fault Data\Extra TT Fault Cases\0.3%\Phase_a_0.3%\0.3%_NL_fault at 7_7.214,D:\Naveen\TT fault Data\Extra TT Fault Cases\0.3%\Phase_a_0.3%\0.3%_NL_fault at 7_7.214\TTphaseAat0p3LoadingNLandFat7p214_03.out,D:\Naveen\TT fault Data\Extra TT Fault Cases\0.3%\Phase_a_0.3%\0.3%_NL_fault at 7_7.214\TTphaseAat0p3LoadingNLandFat7p214_02.out,D:\Naveen\TT fault Data\Extra TT Fault Cases\0.3%\Phase_a_0.3%\0.3%_NL_fault at 7_7.214\TTphaseAat0p3LoadingNLandFat7p214.inf,D:\Naveen\TT fault Data\Extra TT Fault Cases\0.3%\Phase_a_0.3%\0.3%_NL_fault at 7_7.214\TTphaseAat0p3LoadingNLandFat7p214.infx,25000.0,250000,250001,7.214,7.0,faulty,0.3,A,0,NL,True,TT_s0.3_pA_lNL,50000,,180350.0,200350.0,80000,179850,180850.0,199850.0
TT_fault_Data_Extra_TT_Fault_Cases_0_3_Phase_a_0_3_0_3_NL_fault_at_8_7_216,TT fault Data\Extra TT Fault Cases\0.3%\Phase_a_0.3%\0.3%_NL_fault at 8_7.216,D:\Naveen\TT fault Data\Extra TT Fault Cases\0.3%\Phase_a_0.3%\0.3%_NL_fault at 8_7.216\TTphaseAat0p3LoadingNLandFat7p216_03.out,D:\Naveen\TT fault Data\Extra TT Fault Cases\0.3%\Phase_a_0.3%\0.3%_NL_fault at 8_7.216\TTphaseAat0p3LoadingNLandFat7p216_02.out,D:\Naveen\TT fault Data\Extra TT Fault Cases\0.3%\Phase_a_0.3%\0.3%_NL_fault at 8_7.216\TTphaseAat0p3LoadingNLandFat7p216.inf,D:\Naveen\TT fault Data\Extra TT Fault Cases\0.3%\Phase_a_0.3%\0.3%_NL_fault at 8_7.216\TTphaseAat0p3LoadingNLandFat7p216.infx,25000.0,250000,250001,7.216,8.0,faulty,0.3,A,0,NL,True,TT_s0.3_pA_lNL,50000,,180400.0,200400.0,80000,179900,180900.0,199900.0
TT_fault_Data_Extra_TT_Fault_Cases_0_3_Phase_a_0_3_0_3_NL_fault_at_9_7_218,TT fault Data\Extra TT Fault Cases\0.3%\Phase_a_0.3%\0.3%_NL_fault at 9_7.218,D:\Naveen\TT fault Data\Extra TT Fault Cases\0.3%\Phase_a_0.3%\0.3%_NL_fault at 9_7.218\TTphaseAat0p3LoadingNLandFat7p218_03.out,D:\Naveen\TT fault Data\Extra TT Fault Cases\0.3%\Phase_a_0.3%\0.3%_NL_fault at 9_7.218\TTphaseAat0p3LoadingNLandFat7p218_02.out,D:\Naveen\TT fault Data\Extra TT Fault Cases\0.3%\Phase_a_0.3%\0.3%_NL_fault at 9_7.218\TTphaseAat0p3LoadingNLandFat7p218.inf,D:\Naveen\TT fault Data\Extra TT Fault Cases\0.3%\Phase_a_0.3%\0.3%_NL_fault at 9_7.218\TTphaseAat0p3LoadingNLandFat7p218.infx,25000.0,250000,250001,7.218,9.0,faulty,0.3,A,0,NL,True,TT_s0.3_pA_lNL,50000,,180450.0,200450.0,80000,179950,180950.0,199950.0
TT_fault_Data_Extra_TT_Fault_Cases_0_3_Phase_b_0_3_0_3_NL_fault_at_10_7_22,TT fault Data\Extra TT Fault Cases\0.3%\Phase_b_0.3%\0.3%_NL_fault at 10_7.22,D:\Naveen\TT fault Data\Extra TT Fault Cases\0.3%\Phase_b_0.3%\0.3%_NL_fault at 10_7.22\TTphaseBat0p3LoadingNLandFat7p220_03.out,D:\Naveen\TT fault Data\Extra TT Fault Cases\0.3%\Phase_b_0.3%\0.3%_NL_fault at 10_7.22\TTphaseBat0p3LoadingNLandFat7p220_02.out,D:\Naveen\TT fault Data\Extra TT Fault Cases\0.3%\Phase_b_0.3%\0.3%_NL_fault at 10_7.22\TTphaseBat0p3LoadingNLandFat7p220.inf,D:\Naveen\TT fault Data\Extra TT Fault Cases\0.3%\Phase_b_0.3%\0.3%_NL_fault at 10_7.22\TTphaseBat0p3LoadingNLandFat7p220.infx,25000.0,250000,250001,7.22,10.0,faulty,0.3,B,0,NL,True,TT_s0.3_pB_lNL,50000,,180500.0,200500.0,80000,180000,181000.0,200000.0
TT_fault_Data_Extra_TT_Fault_Cases_0_3_Phase_b_0_3_0_3_NL_fault_at_1_7_202,TT fault Data\Extra TT Fault Cases\0.3%\Phase_b_0.3%\0.3%_NL_fault at 1_7.202,D:\Naveen\TT fault Data\Extra TT Fault Cases\0.3%\Phase_b_0.3%\0.3%_NL_fault at 1_7.202\TTphaseBat0p3LoadingNLandFat7p202_03.out,D:\Naveen\TT fault Data\Extra TT Fault Cases\0.3%\Phase_b_0.3%\0.3%_NL_fault at 1_7.202\TTphaseBat0p3LoadingNLandFat7p202_02.out,D:\Naveen\TT fault Data\Extra TT Fault Cases\0.3%\Phase_b_0.3%\0.3%_NL_fault at 1_7.202\TTphaseBat0p3LoadingNLandFat7p202.inf,D:\Naveen\TT fault Data\Extra TT Fault Cases\0.3%\Phase_b_0.3%\0.3%_NL_fault at 1_7.202\TTphaseBat0p3LoadingNLandFat7p202.infx,25000.0,250000,250001,7.202,1.0,faulty,0.3,B,0,NL,True,TT_s0.3_pB_lNL,50000,,180050.0,200050.0,80000,179550,180550.0,199550.0
TT_fault_Data_Extra_TT_Fault_Cases_0_3_Phase_b_0_3_0_3_NL_fault_at_2_7_204,TT fault Data\Extra TT Fault Cases\0.3%\Phase_b_0.3%\0.3%_NL_fault at 2_7.204,D:\Naveen\TT fault Data\Extra TT Fault Cases\0.3%\Phase_b_0.3%\0.3%_NL_fault at 2_7.204\TTphaseBat0p3LoadingNLandFat7p204_03.out,D:\Naveen\TT fault Data\Extra TT Fault Cases\0.3%\Phase_b_0.3%\0.3%_NL_fault at 2_7.204\TTphaseBat0p3LoadingNLandFat7p204_02.out,D:\Naveen\TT fault Data\Extra TT Fault Cases\0.3%\Phase_b_0.3%\0.3%_NL_fault at 2_7.204\TTphaseBat0p3LoadingNLandFat7p204.inf,D:\Naveen\TT fault Data\Extra TT Fault Cases\0.3%\Phase_b_0.3%\0.3%_NL_fault at 2_7.204\TTphaseBat0p3LoadingNLandFat7p204.infx,25000.0,250000,250001,7.204,2.0,faulty,0.3,B,0,NL,True,TT_s0.3_pB_lNL,50000,,180100.0,200100.0,80000,179600,180600.0,199600.0
TT_fault_Data_Extra_TT_Fault_Cases_0_3_Phase_b_0_3_0_3_NL_fault_at_3_7_206,TT fault Data\Extra TT Fault Cases\0.3%\Phase_b_0.3%\0.3%_NL_fault at 3_7.206,D:\Naveen\TT fault Data\Extra TT Fault Cases\0.3%\Phase_b_0.3%\0.3%_NL_fault at 3_7.206\TTphaseBat0p3LoadingNLandFat7p206_03.out,D:\Naveen\TT fault Data\Extra TT Fault Cases\0.3%\Phase_b_0.3%\0.3%_NL_fault at 3_7.206\TTphaseBat0p3LoadingNLandFat7p206_02.out,D:\Naveen\TT fault Data\Extra TT Fault Cases\0.3%\Phase_b_0.3%\0.3%_NL_fault at 3_7.206\TTphaseBat0p3LoadingNLandFat7p206.inf,D:\Naveen\TT fault Data\Extra TT Fault Cases\0.3%\Phase_b_0.3%\0.3%_NL_fault at 3_7.206\TTphaseBat0p3LoadingNLandFat7p206.infx,25000.0,250000,250001,7.206,3.0,faulty,0.3,B,0,NL,True,TT_s0.3_pB_lNL,50000,,180150.0,200150.0,80000,179650,180650.0,199650.0
TT_fault_Data_Extra_TT_Fault_Cases_0_3_Phase_b_0_3_0_3_NL_fault_at_4_7_208,TT fault Data\Extra TT Fault Cases\0.3%\Phase_b_0.3%\0.3%_NL_fault at 4_7.208,D:\Naveen\TT fault Data\Extra TT Fault Cases\0.3%\Phase_b_0.3%\0.3%_NL_fault at 4_7.208\TTphaseBat0p3LoadingNLandFat7p208_03.out,D:\Naveen\TT fault Data\Extra TT Fault Cases\0.3%\Phase_b_0.3%\0.3%_NL_fault at 4_7.208\TTphaseBat0p3LoadingNLandFat7p208_02.out,D:\Naveen\TT fault Data\Extra TT Fault Cases\0.3%\Phase_b_0.3%\0.3%_NL_fault at 4_7.208\TTphaseBat0p3LoadingNLandFat7p208.inf,D:\Naveen\TT fault Data\Extra TT Fault Cases\0.3%\Phase_b_0.3%\0.3%_NL_fault at 4_7.208\TTphaseBat0p3LoadingNLandFat7p208.infx,25000.0,250000,250001,7.208,4.0,faulty,0.3,B,0,NL,True,TT_s0.3_pB_lNL,50000,,180200.0,200200.0,80000,179700,180700.0,199700.0
TT_fault_Data_Extra_TT_Fault_Cases_0_3_Phase_b_0_3_0_3_NL_fault_at_5_7_210,TT fault Data\Extra TT Fault Cases\0.3%\Phase_b_0.3%\0.3%_NL_fault at 5_7.210,D:\Naveen\TT fault Data\Extra TT Fault Cases\0.3%\Phase_b_0.3%\0.3%_NL_fault at 5_7.210\TTphaseBat0p3LoadingNLandFat7p210_03.out,D:\Naveen\TT fault Data\Extra TT Fault Cases\0.3%\Phase_b_0.3%\0.3%_NL_fault at 5_7.210\TTphaseBat0p3LoadingNLandFat7p210_02.out,D:\Naveen\TT fault Data\Extra TT Fault Cases\0.3%\Phase_b_0.3%\0.3%_NL_fault at 5_7.210\TTphaseBat0p3LoadingNLandFat7p210.inf,D:\Naveen\TT fault Data\Extra TT Fault Cases\0.3%\Phase_b_0.3%\0.3%_NL_fault at 5_7.210\TTphaseBat0p3LoadingNLandFat7p210.infx,25000.0,250000,250001,7.21,5.0,faulty,0.3,B,0,NL,True,TT_s0.3_pB_lNL,50000,,180250.0,200250.0,80000,179750,180750.0,199750.0
TT_fault_Data_Extra_TT_Fault_Cases_0_3_Phase_b_0_3_0_3_NL_fault_at_6_7_212,TT fault Data\Extra TT Fault Cases\0.3%\Phase_b_0.3%\0.3%_NL_fault at 6_7.212,D:\Naveen\TT fault Data\Extra TT Fault Cases\0.3%\Phase_b_0.3%\0.3%_NL_fault at 6_7.212\TTphaseBat0p3LoadingNLandFat7p212_03.out,D:\Naveen\TT fault Data\Extra TT Fault Cases\0.3%\Phase_b_0.3%\0.3%_NL_fault at 6_7.212\TTphaseBat0p3LoadingNLandFat7p212_02.out,D:\Naveen\TT fault Data\Extra TT Fault Cases\0.3%\Phase_b_0.3%\0.3%_NL_fault at 6_7.212\TTphaseBat0p3LoadingNLandFat7p212.inf,D:\Naveen\TT fault Data\Extra TT Fault Cases\0.3%\Phase_b_0.3%\0.3%_NL_fault at 6_7.212\TTphaseBat0p3LoadingNLandFat7p212.infx,25000.0,250000,250001,7.212,6.0,faulty,0.3,B,0,NL,True,TT_s0.3_pB_lNL,50000,,180300.0,200300.0,80000,179800,180800.0,199800.0
TT_fault_Data_Extra_TT_Fault_Cases_0_3_Phase_b_0_3_0_3_NL_fault_at_7_7_214,TT fault Data\Extra TT Fault Cases\0.3%\Phase_b_0.3%\0.3%_NL_fault at 7_7.214,D:\Naveen\TT fault Data\Extra TT Fault Cases\0.3%\Phase_b_0.3%\0.3%_NL_fault at 7_7.214\TTphaseBat0p3LoadingNLandFat7p214_03.out,D:\Naveen\TT fault Data\Extra TT Fault Cases\0.3%\Phase_b_0.3%\0.3%_NL_fault at 7_7.214\TTphaseBat0p3LoadingNLandFat7p214_02.out,D:\Naveen\TT fault Data\Extra TT Fault Cases\0.3%\Phase_b_0.3%\0.3%_NL_fault at 7_7.214\TTphaseBat0p3LoadingNLandFat7p214.inf,D:\Naveen\TT fault Data\Extra TT Fault Cases\0.3%\Phase_b_0.3%\0.3%_NL_fault at 7_7.214\TTphaseBat0p3LoadingNLandFat7p214.infx,25000.0,250000,250001,7.214,7.0,faulty,0.3,B,0,NL,True,TT_s0.3_pB_lNL,50000,,180350.0,200350.0,80000,179850,180850.0,199850.0
TT_fault_Data_Extra_TT_Fault_Cases_0_3_Phase_b_0_3_0_3_NL_fault_at_8_7_216,TT fault Data\Extra TT Fault Cases\0.3%\Phase_b_0.3%\0.3%_NL_fault at 8_7.216,D:\Naveen\TT fault Data\Extra TT Fault Cases\0.3%\Phase_b_0.3%\0.3%_NL_fault at 8_7.216\TTphaseBat0p3LoadingNLandFat7p216_03.out,D:\Naveen\TT fault Data\Extra TT Fault Cases\0.3%\Phase_b_0.3%\0.3%_NL_fault at 8_7.216\TTphaseBat0p3LoadingNLandFat7p216_02.out,D:\Naveen\TT fault Data\Extra TT Fault Cases\0.3%\Phase_b_0.3%\0.3%_NL_fault at 8_7.216\TTphaseBat0p3LoadingNLandFat7p216.inf,D:\Naveen\TT fault Data\Extra TT Fault Cases\0.3%\Phase_b_0.3%\0.3%_NL_fault at 8_7.216\TTphaseBat0p3LoadingNLandFat7p216.infx,25000.0,250000,250001,7.216,8.0,faulty,0.3,B,0,NL,True,TT_s0.3_pB_lNL,50000,,180400.0,200400.0,80000,179900,180900.0,199900.0
TT_fault_Data_Extra_TT_Fault_Cases_0_3_Phase_b_0_3_0_3_NL_fault_at_9_7_218,TT fault Data\Extra TT Fault Cases\0.3%\Phase_b_0.3%\0.3%_NL_fault at 9_7.218,D:\Naveen\TT fault Data\Extra TT Fault Cases\0.3%\Phase_b_0.3%\0.3%_NL_fault at 9_7.218\TTphaseBat0p3LoadingNLandFat7p218_03.out,D:\Naveen\TT fault Data\Extra TT Fault Cases\0.3%\Phase_b_0.3%\0.3%_NL_fault at 9_7.218\TTphaseBat0p3LoadingNLandFat7p218_02.out,D:\Naveen\TT fault Data\Extra TT Fault Cases\0.3%\Phase_b_0.3%\0.3%_NL_fault at 9_7.218\TTphaseBat0p3LoadingNLandFat7p218.inf,D:\Naveen\TT fault Data\Extra TT Fault Cases\0.3%\Phase_b_0.3%\0.3%_NL_fault at 9_7.218\TTphaseBat0p3LoadingNLandFat7p218.infx,25000.0,250000,250001,7.218,9.0,faulty,0.3,B,0,NL,True,TT_s0.3_pB_lNL,50000,,180450.0,200450.0,80000,179950,180950.0,199950.0
TT_fault_Data_Extra_TT_Fault_Cases_0_3_Phase_c_0_3_0_3_NL_fault_at_10_7_22,TT fault Data\Extra TT Fault Cases\0.3%\Phase_c_0.3%\0.3%_NL_fault at 10_7.22,D:\Naveen\TT fault Data\Extra TT Fault Cases\0.3%\Phase_c_0.3%\0.3%_NL_fault at 10_7.22\TTphaseCat0p3LoadingNLandFat7p22_03.out,D:\Naveen\TT fault Data\Extra TT Fault Cases\0.3%\Phase_c_0.3%\0.3%_NL_fault at 10_7.22\TTphaseCat0p3LoadingNLandFat7p22_02.out,D:\Naveen\TT fault Data\Extra TT Fault Cases\0.3%\Phase_c_0.3%\0.3%_NL_fault at 10_7.22\TTphaseCat0p3LoadingNLandFat7p22.inf,D:\Naveen\TT fault Data\Extra TT Fault Cases\0.3%\Phase_c_0.3%\0.3%_NL_fault at 10_7.22\TTphaseCat0p3LoadingNLandFat7p22.infx,25000.0,250000,250001,7.22,10.0,faulty,0.3,C,0,NL,True,TT_s0.3_pC_lNL,50000,,180500.0,200500.0,80000,180000,181000.0,200000.0
TT_fault_Data_Extra_TT_Fault_Cases_0_3_Phase_c_0_3_0_3_NL_fault_at_1_7_202,TT fault Data\Extra TT Fault Cases\0.3%\Phase_c_0.3%\0.3%_NL_fault at 1_7.202,D:\Naveen\TT fault Data\Extra TT Fault Cases\0.3%\Phase_c_0.3%\0.3%_NL_fault at 1_7.202\TTphaseCat0p3LoadingNLandFat7p202_03.out,D:\Naveen\TT fault Data\Extra TT Fault Cases\0.3%\Phase_c_0.3%\0.3%_NL_fault at 1_7.202\TTphaseCat0p3LoadingNLandFat7p202_02.out,D:\Naveen\TT fault Data\Extra TT Fault Cases\0.3%\Phase_c_0.3%\0.3%_NL_fault at 1_7.202\TTphaseCat0p3LoadingNLandFat7p202.inf,D:\Naveen\TT fault Data\Extra TT Fault Cases\0.3%\Phase_c_0.3%\0.3%_NL_fault at 1_7.202\TTphaseCat0p3LoadingNLandFat7p202.infx,25000.0,250000,250001,7.202,1.0,faulty,0.3,C,0,NL,True,TT_s0.3_pC_lNL,50000,,180050.0,200050.0,80000,179550,180550.0,199550.0
TT_fault_Data_Extra_TT_Fault_Cases_0_3_Phase_c_0_3_0_3_NL_fault_at_2_7_204,TT fault Data\Extra TT Fault Cases\0.3%\Phase_c_0.3%\0.3%_NL_fault at 2_7.204,D:\Naveen\TT fault Data\Extra TT Fault Cases\0.3%\Phase_c_0.3%\0.3%_NL_fault at 2_7.204\TTphaseCat0p3LoadingNLandFat7p204_03.out,D:\Naveen\TT fault Data\Extra TT Fault Cases\0.3%\Phase_c_0.3%\0.3%_NL_fault at 2_7.204\TTphaseCat0p3LoadingNLandFat7p204_02.out,D:\Naveen\TT fault Data\Extra TT Fault Cases\0.3%\Phase_c_0.3%\0.3%_NL_fault at 2_7.204\TTphaseCat0p3LoadingNLandFat7p204.inf,D:\Naveen\TT fault Data\Extra TT Fault Cases\0.3%\Phase_c_0.3%\0.3%_NL_fault at 2_7.204\TTphaseCat0p3LoadingNLandFat7p204.infx,25000.0,250000,250001,7.204,2.0,faulty,0.3,C,0,NL,True,TT_s0.3_pC_lNL,50000,,180100.0,200100.0,80000,179600,180600.0,199600.0
TT_fault_Data_Extra_TT_Fault_Cases_0_3_Phase_c_0_3_0_3_NL_fault_at_3_7_206,TT fault Data\Extra TT Fault Cases\0.3%\Phase_c_0.3%\0.3%_NL_fault at 3_7.206,D:\Naveen\TT fault Data\Extra TT Fault Cases\0.3%\Phase_c_0.3%\0.3%_NL_fault at 3_7.206\TTphaseCat0p3LoadingNLandFat7p206_03.out,D:\Naveen\TT fault Data\Extra TT Fault Cases\0.3%\Phase_c_0.3%\0.3%_NL_fault at 3_7.206\TTphaseCat0p3LoadingNLandFat7p206_02.out,D:\Naveen\TT fault Data\Extra TT Fault Cases\0.3%\Phase_c_0.3%\0.3%_NL_fault at 3_7.206\TTphaseCat0p3LoadingNLandFat7p206.inf,D:\Naveen\TT fault Data\Extra TT Fault Cases\0.3%\Phase_c_0.3%\0.3%_NL_fault at 3_7.206\TTphaseCat0p3LoadingNLandFat7p206.infx,25000.0,250000,250001,7.206,3.0,faulty,0.3,C,0,NL,True,TT_s0.3_pC_lNL,50000,,180150.0,200150.0,80000,179650,180650.0,199650.0
TT_fault_Data_Extra_TT_Fault_Cases_0_3_Phase_c_0_3_0_3_NL_fault_at_4_7_208,TT fault Data\Extra TT Fault Cases\0.3%\Phase_c_0.3%\0.3%_NL_fault at 4_7.208,D:\Naveen\TT fault Data\Extra TT Fault Cases\0.3%\Phase_c_0.3%\0.3%_NL_fault at 4_7.208\TTphaseCat0p3LoadingNLandFat7p208_03.out,D:\Naveen\TT fault Data\Extra TT Fault Cases\0.3%\Phase_c_0.3%\0.3%_NL_fault at 4_7.208\TTphaseCat0p3LoadingNLandFat7p208_02.out,D:\Naveen\TT fault Data\Extra TT Fault Cases\0.3%\Phase_c_0.3%\0.3%_NL_fault at 4_7.208\TTphaseCat0p3LoadingNLandFat7p208.inf,D:\Naveen\TT fault Data\Extra TT Fault Cases\0.3%\Phase_c_0.3%\0.3%_NL_fault at 4_7.208\TTphaseCat0p3LoadingNLandFat7p208.infx,25000.0,250000,250001,7.208,4.0,faulty,0.3,C,0,NL,True,TT_s0.3_pC_lNL,50000,,180200.0,200200.0,80000,179700,180700.0,199700.0
TT_fault_Data_Extra_TT_Fault_Cases_0_3_Phase_c_0_3_0_3_NL_fault_at_5_7_210,TT fault Data\Extra TT Fault Cases\0.3%\Phase_c_0.3%\0.3%_NL_fault at 5_7.210,D:\Naveen\TT fault Data\Extra TT Fault Cases\0.3%\Phase_c_0.3%\0.3%_NL_fault at 5_7.210\TTphaseCat0p3LoadingNLandFat7p210_03.out,D:\Naveen\TT fault Data\Extra TT Fault Cases\0.3%\Phase_c_0.3%\0.3%_NL_fault at 5_7.210\TTphaseCat0p3LoadingNLandFat7p210_02.out,D:\Naveen\TT fault Data\Extra TT Fault Cases\0.3%\Phase_c_0.3%\0.3%_NL_fault at 5_7.210\TTphaseCat0p3LoadingNLandFat7p210.inf,D:\Naveen\TT fault Data\Extra TT Fault Cases\0.3%\Phase_c_0.3%\0.3%_NL_fault at 5_7.210\TTphaseCat0p3LoadingNLandFat7p210.infx,25000.0,250000,250001,7.21,5.0,faulty,0.3,C,0,NL,True,TT_s0.3_pC_lNL,50000,,180250.0,200250.0,80000,179750,180750.0,199750.0
TT_fault_Data_Extra_TT_Fault_Cases_0_3_Phase_c_0_3_0_3_NL_fault_at_6_7_212,TT fault Data\Extra TT Fault Cases\0.3%\Phase_c_0.3%\0.3%_NL_fault at 6_7.212,D:\Naveen\TT fault Data\Extra TT Fault Cases\0.3%\Phase_c_0.3%\0.3%_NL_fault at 6_7.212\TTphaseCat0p3LoadingNLandFat7p212_03.out,D:\Naveen\TT fault Data\Extra TT Fault Cases\0.3%\Phase_c_0.3%\0.3%_NL_fault at 6_7.212\TTphaseCat0p3LoadingNLandFat7p212_02.out,D:\Naveen\TT fault Data\Extra TT Fault Cases\0.3%\Phase_c_0.3%\0.3%_NL_fault at 6_7.212\TTphaseCat0p3LoadingNLandFat7p212.inf,D:\Naveen\TT fault Data\Extra TT Fault Cases\0.3%\Phase_c_0.3%\0.3%_NL_fault at 6_7.212\TTphaseCat0p3LoadingNLandFat7p212.infx,25000.0,250000,250001,7.212,6.0,faulty,0.3,C,0,NL,True,TT_s0.3_pC_lNL,50000,,180300.0,200300.0,80000,179800,180800.0,199800.0
TT_fault_Data_Extra_TT_Fault_Cases_0_3_Phase_c_0_3_0_3_NL_fault_at_7_7_214,TT fault Data\Extra TT Fault Cases\0.3%\Phase_c_0.3%\0.3%_NL_fault at 7_7.214,D:\Naveen\TT fault Data\Extra TT Fault Cases\0.3%\Phase_c_0.3%\0.3%_NL_fault at 7_7.214\TTphaseCat0p3LoadingNLandFat7p214_03.out,D:\Naveen\TT fault Data\Extra TT Fault Cases\0.3%\Phase_c_0.3%\0.3%_NL_fault at 7_7.214\TTphaseCat0p3LoadingNLandFat7p214_02.out,D:\Naveen\TT fault Data\Extra TT Fault Cases\0.3%\Phase_c_0.3%\0.3%_NL_fault at 7_7.214\TTphaseCat0p3LoadingNLandFat7p214.inf,D:\Naveen\TT fault Data\Extra TT Fault Cases\0.3%\Phase_c_0.3%\0.3%_NL_fault at 7_7.214\TTphaseCat0p3LoadingNLandFat7p214.infx,25000.0,250000,250001,7.214,7.0,faulty,0.3,C,0,NL,True,TT_s0.3_pC_lNL,50000,,180350.0,200350.0,80000,179850,180850.0,199850.0
TT_fault_Data_Extra_TT_Fault_Cases_0_3_Phase_c_0_3_0_3_NL_fault_at_8_7_216,TT fault Data\Extra TT Fault Cases\0.3%\Phase_c_0.3%\0.3%_NL_fault at 8_7.216,D:\Naveen\TT fault Data\Extra TT Fault Cases\0.3%\Phase_c_0.3%\0.3%_NL_fault at 8_7.216\TTphaseCat0p3LoadingNLandFat7p216_03.out,D:\Naveen\TT fault Data\Extra TT Fault Cases\0.3%\Phase_c_0.3%\0.3%_NL_fault at 8_7.216\TTphaseCat0p3LoadingNLandFat7p216_02.out,D:\Naveen\TT fault Data\Extra TT Fault Cases\0.3%\Phase_c_0.3%\0.3%_NL_fault at 8_7.216\TTphaseCat0p3LoadingNLandFat7p216.inf,D:\Naveen\TT fault Data\Extra TT Fault Cases\0.3%\Phase_c_0.3%\0.3%_NL_fault at 8_7.216\TTphaseCat0p3LoadingNLandFat7p216.infx,25000.0,250000,250001,7.216,8.0,faulty,0.3,C,0,NL,True,TT_s0.3_pC_lNL,50000,,180400.0,200400.0,80000,179900,180900.0,199900.0
TT_fault_Data_Extra_TT_Fault_Cases_0_3_Phase_c_0_3_0_3_NL_fault_at_9_7_218,TT fault Data\Extra TT Fault Cases\0.3%\Phase_c_0.3%\0.3%_NL_fault at 9_7.218,D:\Naveen\TT fault Data\Extra TT Fault Cases\0.3%\Phase_c_0.3%\0.3%_NL_fault at 9_7.218\TTphaseCat0p3LoadingNLandFat7p218_03.out,D:\Naveen\TT fault Data\Extra TT Fault Cases\0.3%\Phase_c_0.3%\0.3%_NL_fault at 9_7.218\TTphaseCat0p3LoadingNLandFat7p218_02.out,D:\Naveen\TT fault Data\Extra TT Fault Cases\0.3%\Phase_c_0.3%\0.3%_NL_fault at 9_7.218\TTphaseCat0p3LoadingNLandFat7p218.inf,D:\Naveen\TT fault Data\Extra TT Fault Cases\0.3%\Phase_c_0.3%\0.3%_NL_fault at 9_7.218\TTphaseCat0p3LoadingNLandFat7p218.infx,25000.0,250000,250001,7.218,9.0,faulty,0.3,C,0,NL,True,TT_s0.3_pC_lNL,50000,,180450.0,200450.0,80000,179950,180950.0,199950.0
TT_fault_Data_Extra_TT_Fault_Cases_0_5_Phase_a_0_5_0_5_20_fault_at_10_7_22,TT fault Data\Extra TT Fault Cases\0.5%\Phase_a_0.5%\0.5%_20% fault at 10_7.22,D:\Naveen\TT fault Data\Extra TT Fault Cases\0.5%\Phase_a_0.5%\0.5%_20% fault at 10_7.22\TTphaseAat0p5Loading20andFat7p22_03.out,D:\Naveen\TT fault Data\Extra TT Fault Cases\0.5%\Phase_a_0.5%\0.5%_20% fault at 10_7.22\TTphaseAat0p5Loading20andFat7p22_02.out,D:\Naveen\TT fault Data\Extra TT Fault Cases\0.5%\Phase_a_0.5%\0.5%_20% fault at 10_7.22\TTphaseAat0p5Loading20andFat7p22.inf,D:\Naveen\TT fault Data\Extra TT Fault Cases\0.5%\Phase_a_0.5%\0.5%_20% fault at 10_7.22\TTphaseAat0p5Loading20andFat7p22.infx,25000.0,250000,250001,7.22,10.0,faulty,0.5,A,20,20,True,TT_s0.5_pA_l20,50000,100000.0,180500.0,200500.0,110000,180000,181000.0,200000.0
TT_fault_Data_Extra_TT_Fault_Cases_0_5_Phase_a_0_5_0_5_20_fault_at_1_7_202,TT fault Data\Extra TT Fault Cases\0.5%\Phase_a_0.5%\0.5%_20% fault at 1_7.202,D:\Naveen\TT fault Data\Extra TT Fault Cases\0.5%\Phase_a_0.5%\0.5%_20% fault at 1_7.202\TTphaseAat0p5Loading20andFat7p202_03.out,D:\Naveen\TT fault Data\Extra TT Fault Cases\0.5%\Phase_a_0.5%\0.5%_20% fault at 1_7.202\TTphaseAat0p5Loading20andFat7p202_02.out,D:\Naveen\TT fault Data\Extra TT Fault Cases\0.5%\Phase_a_0.5%\0.5%_20% fault at 1_7.202\TTphaseAat0p5Loading20andFat7p202.inf,D:\Naveen\TT fault Data\Extra TT Fault Cases\0.5%\Phase_a_0.5%\0.5%_20% fault at 1_7.202\TTphaseAat0p5Loading20andFat7p202.infx,25000.0,250000,250001,7.202,1.0,faulty,0.5,A,20,20,True,TT_s0.5_pA_l20,50000,100000.0,180050.0,200050.0,110000,179550,180550.0,199550.0
TT_fault_Data_Extra_TT_Fault_Cases_0_5_Phase_a_0_5_0_5_20_fault_at_2_7_204,TT fault Data\Extra TT Fault Cases\0.5%\Phase_a_0.5%\0.5%_20% fault at 2_7.204,D:\Naveen\TT fault Data\Extra TT Fault Cases\0.5%\Phase_a_0.5%\0.5%_20% fault at 2_7.204\TTphaseAat0p5Loading20andFat7p204_03.out,D:\Naveen\TT fault Data\Extra TT Fault Cases\0.5%\Phase_a_0.5%\0.5%_20% fault at 2_7.204\TTphaseAat0p5Loading20andFat7p204_02.out,D:\Naveen\TT fault Data\Extra TT Fault Cases\0.5%\Phase_a_0.5%\0.5%_20% fault at 2_7.204\TTphaseAat0p5Loading20andFat7p204.inf,D:\Naveen\TT fault Data\Extra TT Fault Cases\0.5%\Phase_a_0.5%\0.5%_20% fault at 2_7.204\TTphaseAat0p5Loading20andFat7p204.infx,25000.0,250000,250001,7.204,2.0,faulty,0.5,A,20,20,True,TT_s0.5_pA_l20,50000,100000.0,180100.0,200100.0,110000,179600,180600.0,199600.0
TT_fault_Data_Extra_TT_Fault_Cases_0_5_Phase_a_0_5_0_5_20_fault_at_3_7_206,TT fault Data\Extra TT Fault Cases\0.5%\Phase_a_0.5%\0.5%_20% fault at 3_7.206,D:\Naveen\TT fault Data\Extra TT Fault Cases\0.5%\Phase_a_0.5%\0.5%_20% fault at 3_7.206\TTphaseAat0p5Loading20andFat7p206_03.out,D:\Naveen\TT fault Data\Extra TT Fault Cases\0.5%\Phase_a_0.5%\0.5%_20% fault at 3_7.206\TTphaseAat0p5Loading20andFat7p206_02.out,D:\Naveen\TT fault Data\Extra TT Fault Cases\0.5%\Phase_a_0.5%\0.5%_20% fault at 3_7.206\TTphaseAat0p5Loading20andFat7p206.inf,D:\Naveen\TT fault Data\Extra TT Fault Cases\0.5%\Phase_a_0.5%\0.5%_20% fault at 3_7.206\TTphaseAat0p5Loading20andFat7p206.infx,25000.0,250000,250001,7.206,3.0,faulty,0.5,A,20,20,True,TT_s0.5_pA_l20,50000,100000.0,180150.0,200150.0,110000,179650,180650.0,199650.0
TT_fault_Data_Extra_TT_Fault_Cases_0_5_Phase_a_0_5_0_5_20_fault_at_4_7_208,TT fault Data\Extra TT Fault Cases\0.5%\Phase_a_0.5%\0.5%_20% fault at 4_7.208,D:\Naveen\TT fault Data\Extra TT Fault Cases\0.5%\Phase_a_0.5%\0.5%_20% fault at 4_7.208\TTphaseAat0p5Loading20andFat7p208_03.out,D:\Naveen\TT fault Data\Extra TT Fault Cases\0.5%\Phase_a_0.5%\0.5%_20% fault at 4_7.208\TTphaseAat0p5Loading20andFat7p208_02.out,D:\Naveen\TT fault Data\Extra TT Fault Cases\0.5%\Phase_a_0.5%\0.5%_20% fault at 4_7.208\TTphaseAat0p5Loading20andFat7p208.inf,D:\Naveen\TT fault Data\Extra TT Fault Cases\0.5%\Phase_a_0.5%\0.5%_20% fault at 4_7.208\TTphaseAat0p5Loading20andFat7p208.infx,25000.0,250000,250001,7.208,4.0,faulty,0.5,A,20,20,True,TT_s0.5_pA_l20,50000,100000.0,180200.0,200200.0,110000,179700,180700.0,199700.0
TT_fault_Data_Extra_TT_Fault_Cases_0_5_Phase_a_0_5_0_5_20_fault_at_5_7_210,TT fault Data\Extra TT Fault Cases\0.5%\Phase_a_0.5%\0.5%_20% fault at 5_7.210,D:\Naveen\TT fault Data\Extra TT Fault Cases\0.5%\Phase_a_0.5%\0.5%_20% fault at 5_7.210\TTphaseAat0p5Loading20andFat7p210_03.out,D:\Naveen\TT fault Data\Extra TT Fault Cases\0.5%\Phase_a_0.5%\0.5%_20% fault at 5_7.210\TTphaseAat0p5Loading20andFat7p210_02.out,D:\Naveen\TT fault Data\Extra TT Fault Cases\0.5%\Phase_a_0.5%\0.5%_20% fault at 5_7.210\TTphaseAat0p5Loading20andFat7p210.inf,D:\Naveen\TT fault Data\Extra TT Fault Cases\0.5%\Phase_a_0.5%\0.5%_20% fault at 5_7.210\TTphaseAat0p5Loading20andFat7p210.infx,25000.0,250000,250001,7.21,5.0,faulty,0.5,A,20,20,True,TT_s0.5_pA_l20,50000,100000.0,180250.0,200250.0,110000,179750,180750.0,199750.0
TT_fault_Data_Extra_TT_Fault_Cases_0_5_Phase_a_0_5_0_5_20_fault_at_6_7_212,TT fault Data\Extra TT Fault Cases\0.5%\Phase_a_0.5%\0.5%_20% fault at 6_7.212,D:\Naveen\TT fault Data\Extra TT Fault Cases\0.5%\Phase_a_0.5%\0.5%_20% fault at 6_7.212\TTphaseAat0p5Loading20andFat7p212_03.out,D:\Naveen\TT fault Data\Extra TT Fault Cases\0.5%\Phase_a_0.5%\0.5%_20% fault at 6_7.212\TTphaseAat0p5Loading20andFat7p212_02.out,D:\Naveen\TT fault Data\Extra TT Fault Cases\0.5%\Phase_a_0.5%\0.5%_20% fault at 6_7.212\TTphaseAat0p5Loading20andFat7p212.inf,D:\Naveen\TT fault Data\Extra TT Fault Cases\0.5%\Phase_a_0.5%\0.5%_20% fault at 6_7.212\TTphaseAat0p5Loading20andFat7p212.infx,25000.0,250000,250001,7.212,6.0,faulty,0.5,A,20,20,True,TT_s0.5_pA_l20,50000,100000.0,180300.0,200300.0,110000,179800,180800.0,199800.0
TT_fault_Data_Extra_TT_Fault_Cases_0_5_Phase_a_0_5_0_5_20_fault_at_7_7_214,TT fault Data\Extra TT Fault Cases\0.5%\Phase_a_0.5%\0.5%_20% fault at 7_7.214,D:\Naveen\TT fault Data\Extra TT Fault Cases\0.5%\Phase_a_0.5%\0.5%_20% fault at 7_7.214\TTphaseAat0p5Loading20andFat7p214_03.out,D:\Naveen\TT fault Data\Extra TT Fault Cases\0.5%\Phase_a_0.5%\0.5%_20% fault at 7_7.214\TTphaseAat0p5Loading20andFat7p214_02.out,D:\Naveen\TT fault Data\Extra TT Fault Cases\0.5%\Phase_a_0.5%\0.5%_20% fault at 7_7.214\TTphaseAat0p5Loading20andFat7p214.inf,D:\Naveen\TT fault Data\Extra TT Fault Cases\0.5%\Phase_a_0.5%\0.5%_20% fault at 7_7.214\TTphaseAat0p5Loading20andFat7p214.infx,25000.0,250000,250001,7.214,7.0,faulty,0.5,A,20,20,True,TT_s0.5_pA_l20,50000,100000.0,180350.0,200350.0,110000,179850,180850.0,199850.0
TT_fault_Data_Extra_TT_Fault_Cases_0_5_Phase_a_0_5_0_5_20_fault_at_8_7_216,TT fault Data\Extra TT Fault Cases\0.5%\Phase_a_0.5%\0.5%_20% fault at 8_7.216,D:\Naveen\TT fault Data\Extra TT Fault Cases\0.5%\Phase_a_0.5%\0.5%_20% fault at 8_7.216\TTphaseAat0p5Loading20andFat7p216_03.out,D:\Naveen\TT fault Data\Extra TT Fault Cases\0.5%\Phase_a_0.5%\0.5%_20% fault at 8_7.216\TTphaseAat0p5Loading20andFat7p216_02.out,D:\Naveen\TT fault Data\Extra TT Fault Cases\0.5%\Phase_a_0.5%\0.5%_20% fault at 8_7.216\TTphaseAat0p5Loading20andFat7p216.inf,D:\Naveen\TT fault Data\Extra TT Fault Cases\0.5%\Phase_a_0.5%\0.5%_20% fault at 8_7.216\TTphaseAat0p5Loading20andFat7p216.infx,25000.0,250000,250001,7.216,8.0,faulty,0.5,A,20,20,True,TT_s0.5_pA_l20,50000,100000.0,180400.0,200400.0,110000,179900,180900.0,199900.0
TT_fault_Data_Extra_TT_Fault_Cases_0_5_Phase_a_0_5_0_5_20_fault_at_9_7_218,TT fault Data\Extra TT Fault Cases\0.5%\Phase_a_0.5%\0.5%_20% fault at 9_7.218,D:\Naveen\TT fault Data\Extra TT Fault Cases\0.5%\Phase_a_0.5%\0.5%_20% fault at 9_7.218\TTphaseAat0p5Loading20andFat7p218_03.out,D:\Naveen\TT fault Data\Extra TT Fault Cases\0.5%\Phase_a_0.5%\0.5%_20% fault at 9_7.218\TTphaseAat0p5Loading20andFat7p218_02.out,D:\Naveen\TT fault Data\Extra TT Fault Cases\0.5%\Phase_a_0.5%\0.5%_20% fault at 9_7.218\TTphaseAat0p5Loading20andFat7p218.inf,D:\Naveen\TT fault Data\Extra TT Fault Cases\0.5%\Phase_a_0.5%\0.5%_20% fault at 9_7.218\TTphaseAat0p5Loading20andFat7p218.infx,25000.0,250000,250001,7.218,9.0,faulty,0.5,A,20,20,True,TT_s0.5_pA_l20,50000,100000.0,180450.0,200450.0,110000,179950,180950.0,199950.0
TT_fault_Data_Extra_TT_Fault_Cases_0_5_Phase_b_0_5_0_5_20_fault_at_10_7_22,TT fault Data\Extra TT Fault Cases\0.5%\Phase_b_0.5%\0.5%_20% fault at 10_7.22,D:\Naveen\TT fault Data\Extra TT Fault Cases\0.5%\Phase_b_0.5%\0.5%_20% fault at 10_7.22\TTphaseBat0p5Loading20andFat7p22_03.out,D:\Naveen\TT fault Data\Extra TT Fault Cases\0.5%\Phase_b_0.5%\0.5%_20% fault at 10_7.22\TTphaseBat0p5Loading20andFat7p22_02.out,D:\Naveen\TT fault Data\Extra TT Fault Cases\0.5%\Phase_b_0.5%\0.5%_20% fault at 10_7.22\TTphaseBat0p5Loading20andFat7p22.inf,D:\Naveen\TT fault Data\Extra TT Fault Cases\0.5%\Phase_b_0.5%\0.5%_20% fault at 10_7.22\TTphaseBat0p5Loading20andFat7p22.infx,25000.0,250000,250001,7.22,10.0,faulty,0.5,B,20,20,True,TT_s0.5_pB_l20,50000,100000.0,180500.0,200500.0,110000,180000,181000.0,200000.0
TT_fault_Data_Extra_TT_Fault_Cases_0_5_Phase_b_0_5_0_5_20_fault_at_1_7_202,TT fault Data\Extra TT Fault Cases\0.5%\Phase_b_0.5%\0.5%_20% fault at 1_7.202,D:\Naveen\TT fault Data\Extra TT Fault Cases\0.5%\Phase_b_0.5%\0.5%_20% fault at 1_7.202\TTphaseBat0p5Loading20andFat7p202_03.out,D:\Naveen\TT fault Data\Extra TT Fault Cases\0.5%\Phase_b_0.5%\0.5%_20% fault at 1_7.202\TTphaseBat0p5Loading20andFat7p202_02.out,D:\Naveen\TT fault Data\Extra TT Fault Cases\0.5%\Phase_b_0.5%\0.5%_20% fault at 1_7.202\TTphaseBat0p5Loading20andFat7p202.inf,D:\Naveen\TT fault Data\Extra TT Fault Cases\0.5%\Phase_b_0.5%\0.5%_20% fault at 1_7.202\TTphaseBat0p5Loading20andFat7p202.infx,25000.0,250000,250001,7.202,1.0,faulty,0.5,B,20,20,True,TT_s0.5_pB_l20,50000,100000.0,180050.0,200050.0,110000,179550,180550.0,199550.0
TT_fault_Data_Extra_TT_Fault_Cases_0_5_Phase_b_0_5_0_5_20_fault_at_2_7_204,TT fault Data\Extra TT Fault Cases\0.5%\Phase_b_0.5%\0.5%_20% fault at 2_7.204,D:\Naveen\TT fault Data\Extra TT Fault Cases\0.5%\Phase_b_0.5%\0.5%_20% fault at 2_7.204\TTphaseBat0p5Loading20andFat7p204_03.out,D:\Naveen\TT fault Data\Extra TT Fault Cases\0.5%\Phase_b_0.5%\0.5%_20% fault at 2_7.204\TTphaseBat0p5Loading20andFat7p204_02.out,D:\Naveen\TT fault Data\Extra TT Fault Cases\0.5%\Phase_b_0.5%\0.5%_20% fault at 2_7.204\TTphaseBat0p5Loading20andFat7p204.inf,D:\Naveen\TT fault Data\Extra TT Fault Cases\0.5%\Phase_b_0.5%\0.5%_20% fault at 2_7.204\TTphaseBat0p5Loading20andFat7p204.infx,25000.0,250000,250001,7.204,2.0,faulty,0.5,B,20,20,True,TT_s0.5_pB_l20,50000,100000.0,180100.0,200100.0,110000,179600,180600.0,199600.0
TT_fault_Data_Extra_TT_Fault_Cases_0_5_Phase_b_0_5_0_5_20_fault_at_3_7_206,TT fault Data\Extra TT Fault Cases\0.5%\Phase_b_0.5%\0.5%_20% fault at 3_7.206,D:\Naveen\TT fault Data\Extra TT Fault Cases\0.5%\Phase_b_0.5%\0.5%_20% fault at 3_7.206\TTphaseBat0p5Loading20andFat7p206_03.out,D:\Naveen\TT fault Data\Extra TT Fault Cases\0.5%\Phase_b_0.5%\0.5%_20% fault at 3_7.206\TTphaseBat0p5Loading20andFat7p206_02.out,D:\Naveen\TT fault Data\Extra TT Fault Cases\0.5%\Phase_b_0.5%\0.5%_20% fault at 3_7.206\TTphaseBat0p5Loading20andFat7p206.inf,D:\Naveen\TT fault Data\Extra TT Fault Cases\0.5%\Phase_b_0.5%\0.5%_20% fault at 3_7.206\TTphaseBat0p5Loading20andFat7p206.infx,25000.0,250000,250001,7.206,3.0,faulty,0.5,B,20,20,True,TT_s0.5_pB_l20,50000,100000.0,180150.0,200150.0,110000,179650,180650.0,199650.0
TT_fault_Data_Extra_TT_Fault_Cases_0_5_Phase_b_0_5_0_5_20_fault_at_4_7_208,TT fault Data\Extra TT Fault Cases\0.5%\Phase_b_0.5%\0.5%_20% fault at 4_7.208,D:\Naveen\TT fault Data\Extra TT Fault Cases\0.5%\Phase_b_0.5%\0.5%_20% fault at 4_7.208\TTphaseBat0p5Loading20andFat7p208_03.out,D:\Naveen\TT fault Data\Extra TT Fault Cases\0.5%\Phase_b_0.5%\0.5%_20% fault at 4_7.208\TTphaseBat0p5Loading20andFat7p208_02.out,D:\Naveen\TT fault Data\Extra TT Fault Cases\0.5%\Phase_b_0.5%\0.5%_20% fault at 4_7.208\TTphaseBat0p5Loading20andFat7p208.inf,D:\Naveen\TT fault Data\Extra TT Fault Cases\0.5%\Phase_b_0.5%\0.5%_20% fault at 4_7.208\TTphaseBat0p5Loading20andFat7p208.infx,25000.0,250000,250001,7.208,4.0,faulty,0.5,B,20,20,True,TT_s0.5_pB_l20,50000,100000.0,180200.0,200200.0,110000,179700,180700.0,199700.0
TT_fault_Data_Extra_TT_Fault_Cases_0_5_Phase_b_0_5_0_5_20_fault_at_5_7_210,TT fault Data\Extra TT Fault Cases\0.5%\Phase_b_0.5%\0.5%_20% fault at 5_7.210,D:\Naveen\TT fault Data\Extra TT Fault Cases\0.5%\Phase_b_0.5%\0.5%_20% fault at 5_7.210\TTphaseBat0p5Loading20andFat7p21_03.out,D:\Naveen\TT fault Data\Extra TT Fault Cases\0.5%\Phase_b_0.5%\0.5%_20% fault at 5_7.210\TTphaseBat0p5Loading20andFat7p21_02.out,D:\Naveen\TT fault Data\Extra TT Fault Cases\0.5%\Phase_b_0.5%\0.5%_20% fault at 5_7.210\TTphaseBat0p5Loading20andFat7p21.inf,D:\Naveen\TT fault Data\Extra TT Fault Cases\0.5%\Phase_b_0.5%\0.5%_20% fault at 5_7.210\TTphaseBat0p5Loading20andFat7p21.infx,25000.0,250000,250001,7.21,5.0,faulty,0.5,B,20,20,True,TT_s0.5_pB_l20,50000,100000.0,180250.0,200250.0,110000,179750,180750.0,199750.0
TT_fault_Data_Extra_TT_Fault_Cases_0_5_Phase_b_0_5_0_5_20_fault_at_6_7_212,TT fault Data\Extra TT Fault Cases\0.5%\Phase_b_0.5%\0.5%_20% fault at 6_7.212,D:\Naveen\TT fault Data\Extra TT Fault Cases\0.5%\Phase_b_0.5%\0.5%_20% fault at 6_7.212\TTphaseBat0p5Loading20andFat7p212_03.out,D:\Naveen\TT fault Data\Extra TT Fault Cases\0.5%\Phase_b_0.5%\0.5%_20% fault at 6_7.212\TTphaseBat0p5Loading20andFat7p212_02.out,D:\Naveen\TT fault Data\Extra TT Fault Cases\0.5%\Phase_b_0.5%\0.5%_20% fault at 6_7.212\TTphaseBat0p5Loading20andFat7p212.inf,D:\Naveen\TT fault Data\Extra TT Fault Cases\0.5%\Phase_b_0.5%\0.5%_20% fault at 6_7.212\TTphaseBat0p5Loading20andFat7p212.infx,25000.0,250000,250001,7.212,6.0,faulty,0.5,B,20,20,True,TT_s0.5_pB_l20,50000,100000.0,180300.0,200300.0,110000,179800,180800.0,199800.0
TT_fault_Data_Extra_TT_Fault_Cases_0_5_Phase_b_0_5_0_5_20_fault_at_7_7_214,TT fault Data\Extra TT Fault Cases\0.5%\Phase_b_0.5%\0.5%_20% fault at 7_7.214,D:\Naveen\TT fault Data\Extra TT Fault Cases\0.5%\Phase_b_0.5%\0.5%_20% fault at 7_7.214\TTphaseBat0p5Loading20andFat7p214_03.out,D:\Naveen\TT fault Data\Extra TT Fault Cases\0.5%\Phase_b_0.5%\0.5%_20% fault at 7_7.214\TTphaseBat0p5Loading20andFat7p214_02.out,D:\Naveen\TT fault Data\Extra TT Fault Cases\0.5%\Phase_b_0.5%\0.5%_20% fault at 7_7.214\TTphaseBat0p5Loading20andFat7p214.inf,D:\Naveen\TT fault Data\Extra TT Fault Cases\0.5%\Phase_b_0.5%\0.5%_20% fault at 7_7.214\TTphaseBat0p5Loading20andFat7p214.infx,25000.0,250000,250001,7.214,7.0,faulty,0.5,B,20,20,True,TT_s0.5_pB_l20,50000,100000.0,180350.0,200350.0,110000,179850,180850.0,199850.0
TT_fault_Data_Extra_TT_Fault_Cases_0_5_Phase_b_0_5_0_5_20_fault_at_8_7_216,TT fault Data\Extra TT Fault Cases\0.5%\Phase_b_0.5%\0.5%_20% fault at 8_7.216,D:\Naveen\TT fault Data\Extra TT Fault Cases\0.5%\Phase_b_0.5%\0.5%_20% fault at 8_7.216\TTphaseBat0p5Loading20andFat7p216_03.out,D:\Naveen\TT fault Data\Extra TT Fault Cases\0.5%\Phase_b_0.5%\0.5%_20% fault at 8_7.216\TTphaseBat0p5Loading20andFat7p216_02.out,D:\Naveen\TT fault Data\Extra TT Fault Cases\0.5%\Phase_b_0.5%\0.5%_20% fault at 8_7.216\TTphaseBat0p5Loading20andFat7p216.inf,D:\Naveen\TT fault Data\Extra TT Fault Cases\0.5%\Phase_b_0.5%\0.5%_20% fault at 8_7.216\TTphaseBat0p5Loading20andFat7p216.infx,25000.0,250000,250001,7.216,8.0,faulty,0.5,B,20,20,True,TT_s0.5_pB_l20,50000,100000.0,180400.0,200400.0,110000,179900,180900.0,199900.0
TT_fault_Data_Extra_TT_Fault_Cases_0_5_Phase_b_0_5_0_5_20_fault_at_9_7_218,TT fault Data\Extra TT Fault Cases\0.5%\Phase_b_0.5%\0.5%_20% fault at 9_7.218,D:\Naveen\TT fault Data\Extra TT Fault Cases\0.5%\Phase_b_0.5%\0.5%_20% fault at 9_7.218\TTphaseBat0p5Loading20andFat7p218_03.out,D:\Naveen\TT fault Data\Extra TT Fault Cases\0.5%\Phase_b_0.5%\0.5%_20% fault at 9_7.218\TTphaseBat0p5Loading20andFat7p218_02.out,D:\Naveen\TT fault Data\Extra TT Fault Cases\0.5%\Phase_b_0.5%\0.5%_20% fault at 9_7.218\TTphaseBat0p5Loading20andFat7p218.inf,D:\Naveen\TT fault Data\Extra TT Fault Cases\0.5%\Phase_b_0.5%\0.5%_20% fault at 9_7.218\TTphaseBat0p5Loading20andFat7p218.infx,25000.0,250000,250001,7.218,9.0,faulty,0.5,B,20,20,True,TT_s0.5_pB_l20,50000,100000.0,180450.0,200450.0,110000,179950,180950.0,199950.0
TT_fault_Data_Extra_TT_Fault_Cases_0_5_Phase_c_0_5_0_5_20_fault_at_10_7_22,TT fault Data\Extra TT Fault Cases\0.5%\Phase_c_0.5%\0.5%_20% fault at 10_7.22,D:\Naveen\TT fault Data\Extra TT Fault Cases\0.5%\Phase_c_0.5%\0.5%_20% fault at 10_7.22\TTphaseCat0p5Loading20andFat7p22_03.out,D:\Naveen\TT fault Data\Extra TT Fault Cases\0.5%\Phase_c_0.5%\0.5%_20% fault at 10_7.22\TTphaseCat0p5Loading20andFat7p22_02.out,D:\Naveen\TT fault Data\Extra TT Fault Cases\0.5%\Phase_c_0.5%\0.5%_20% fault at 10_7.22\TTphaseCat0p5Loading20andFat7p22.inf,D:\Naveen\TT fault Data\Extra TT Fault Cases\0.5%\Phase_c_0.5%\0.5%_20% fault at 10_7.22\TTphaseCat0p5Loading20andFat7p22.infx,25000.0,250000,250001,7.22,10.0,faulty,0.5,C,20,20,True,TT_s0.5_pC_l20,50000,100000.0,180500.0,200500.0,110000,180000,181000.0,200000.0
TT_fault_Data_Extra_TT_Fault_Cases_0_5_Phase_c_0_5_0_5_20_fault_at_1_7_202,TT fault Data\Extra TT Fault Cases\0.5%\Phase_c_0.5%\0.5%_20% fault at 1_7.202,D:\Naveen\TT fault Data\Extra TT Fault Cases\0.5%\Phase_c_0.5%\0.5%_20% fault at 1_7.202\TTphaseCat0p5Loading20andFat7p202_03.out,D:\Naveen\TT fault Data\Extra TT Fault Cases\0.5%\Phase_c_0.5%\0.5%_20% fault at 1_7.202\TTphaseCat0p5Loading20andFat7p202_02.out,D:\Naveen\TT fault Data\Extra TT Fault Cases\0.5%\Phase_c_0.5%\0.5%_20% fault at 1_7.202\TTphaseCat0p5Loading20andFat7p202.inf,D:\Naveen\TT fault Data\Extra TT Fault Cases\0.5%\Phase_c_0.5%\0.5%_20% fault at 1_7.202\TTphaseCat0p5Loading20andFat7p202.infx,25000.0,250000,250001,7.202,1.0,faulty,0.5,C,20,20,True,TT_s0.5_pC_l20,50000,100000.0,180050.0,200050.0,110000,179550,180550.0,199550.0
TT_fault_Data_Extra_TT_Fault_Cases_0_5_Phase_c_0_5_0_5_20_fault_at_2_7_204,TT fault Data\Extra TT Fault Cases\0.5%\Phase_c_0.5%\0.5%_20% fault at 2_7.204,D:\Naveen\TT fault Data\Extra TT Fault Cases\0.5%\Phase_c_0.5%\0.5%_20% fault at 2_7.204\TTphaseCat0p5Loading20andFat7p204_03.out,D:\Naveen\TT fault Data\Extra TT Fault Cases\0.5%\Phase_c_0.5%\0.5%_20% fault at 2_7.204\TTphaseCat0p5Loading20andFat7p204_02.out,D:\Naveen\TT fault Data\Extra TT Fault Cases\0.5%\Phase_c_0.5%\0.5%_20% fault at 2_7.204\TTphaseCat0p5Loading20andFat7p204.inf,D:\Naveen\TT fault Data\Extra TT Fault Cases\0.5%\Phase_c_0.5%\0.5%_20% fault at 2_7.204\TTphaseCat0p5Loading20andFat7p204.infx,25000.0,250000,250001,7.204,2.0,faulty,0.5,C,20,20,True,TT_s0.5_pC_l20,50000,100000.0,180100.0,200100.0,110000,179600,180600.0,199600.0
TT_fault_Data_Extra_TT_Fault_Cases_0_5_Phase_c_0_5_0_5_20_fault_at_3_7_206,TT fault Data\Extra TT Fault Cases\0.5%\Phase_c_0.5%\0.5%_20% fault at 3_7.206,D:\Naveen\TT fault Data\Extra TT Fault Cases\0.5%\Phase_c_0.5%\0.5%_20% fault at 3_7.206\TTphaseCat0p5Loading20andFat7p206_03.out,D:\Naveen\TT fault Data\Extra TT Fault Cases\0.5%\Phase_c_0.5%\0.5%_20% fault at 3_7.206\TTphaseCat0p5Loading20andFat7p206_02.out,D:\Naveen\TT fault Data\Extra TT Fault Cases\0.5%\Phase_c_0.5%\0.5%_20% fault at 3_7.206\TTphaseCat0p5Loading20andFat7p206.inf,D:\Naveen\TT fault Data\Extra TT Fault Cases\0.5%\Phase_c_0.5%\0.5%_20% fault at 3_7.206\TTphaseCat0p5Loading20andFat7p206.infx,25000.0,250000,250001,7.206,3.0,faulty,0.5,C,20,20,True,TT_s0.5_pC_l20,50000,100000.0,180150.0,200150.0,110000,179650,180650.0,199650.0
TT_fault_Data_Extra_TT_Fault_Cases_0_5_Phase_c_0_5_0_5_20_fault_at_4_7_208,TT fault Data\Extra TT Fault Cases\0.5%\Phase_c_0.5%\0.5%_20% fault at 4_7.208,D:\Naveen\TT fault Data\Extra TT Fault Cases\0.5%\Phase_c_0.5%\0.5%_20% fault at 4_7.208\TTphaseCat0p5Loading20andFat7p208_03.out,D:\Naveen\TT fault Data\Extra TT Fault Cases\0.5%\Phase_c_0.5%\0.5%_20% fault at 4_7.208\TTphaseCat0p5Loading20andFat7p208_02.out,D:\Naveen\TT fault Data\Extra TT Fault Cases\0.5%\Phase_c_0.5%\0.5%_20% fault at 4_7.208\TTphaseCat0p5Loading20andFat7p208.inf,D:\Naveen\TT fault Data\Extra TT Fault Cases\0.5%\Phase_c_0.5%\0.5%_20% fault at 4_7.208\TTphaseCat0p5Loading20andFat7p208.infx,25000.0,250000,250001,7.208,4.0,faulty,0.5,C,20,20,True,TT_s0.5_pC_l20,50000,100000.0,180200.0,200200.0,110000,179700,180700.0,199700.0
TT_fault_Data_Extra_TT_Fault_Cases_0_5_Phase_c_0_5_0_5_20_fault_at_5_7_210,TT fault Data\Extra TT Fault Cases\0.5%\Phase_c_0.5%\0.5%_20% fault at 5_7.210,D:\Naveen\TT fault Data\Extra TT Fault Cases\0.5%\Phase_c_0.5%\0.5%_20% fault at 5_7.210\TTphaseCat0p5Loading20andFat7p210_03.out,D:\Naveen\TT fault Data\Extra TT Fault Cases\0.5%\Phase_c_0.5%\0.5%_20% fault at 5_7.210\TTphaseCat0p5Loading20andFat7p210_02.out,D:\Naveen\TT fault Data\Extra TT Fault Cases\0.5%\Phase_c_0.5%\0.5%_20% fault at 5_7.210\TTphaseCat0p5Loading20andFat7p210.inf,D:\Naveen\TT fault Data\Extra TT Fault Cases\0.5%\Phase_c_0.5%\0.5%_20% fault at 5_7.210\TTphaseCat0p5Loading20andFat7p210.infx,25000.0,250000,250001,7.21,5.0,faulty,0.5,C,20,20,True,TT_s0.5_pC_l20,50000,100000.0,180250.0,200250.0,110000,179750,180750.0,199750.0
TT_fault_Data_Extra_TT_Fault_Cases_0_5_Phase_c_0_5_0_5_20_fault_at_6_7_212,TT fault Data\Extra TT Fault Cases\0.5%\Phase_c_0.5%\0.5%_20% fault at 6_7.212,D:\Naveen\TT fault Data\Extra TT Fault Cases\0.5%\Phase_c_0.5%\0.5%_20% fault at 6_7.212\TTphaseCat0p5Loading20andFat7p212_03.out,D:\Naveen\TT fault Data\Extra TT Fault Cases\0.5%\Phase_c_0.5%\0.5%_20% fault at 6_7.212\TTphaseCat0p5Loading20andFat7p212_02.out,D:\Naveen\TT fault Data\Extra TT Fault Cases\0.5%\Phase_c_0.5%\0.5%_20% fault at 6_7.212\TTphaseCat0p5Loading20andFat7p212.inf,D:\Naveen\TT fault Data\Extra TT Fault Cases\0.5%\Phase_c_0.5%\0.5%_20% fault at 6_7.212\TTphaseCat0p5Loading20andFat7p212.infx,25000.0,250000,250001,7.212,6.0,faulty,0.5,C,20,20,True,TT_s0.5_pC_l20,50000,100000.0,180300.0,200300.0,110000,179800,180800.0,199800.0
TT_fault_Data_Extra_TT_Fault_Cases_0_5_Phase_c_0_5_0_5_20_fault_at_7_7_214,TT fault Data\Extra TT Fault Cases\0.5%\Phase_c_0.5%\0.5%_20% fault at 7_7.214,D:\Naveen\TT fault Data\Extra TT Fault Cases\0.5%\Phase_c_0.5%\0.5%_20% fault at 7_7.214\TTphaseCat0p5Loading20andFat7p214_03.out,D:\Naveen\TT fault Data\Extra TT Fault Cases\0.5%\Phase_c_0.5%\0.5%_20% fault at 7_7.214\TTphaseCat0p5Loading20andFat7p214_02.out,D:\Naveen\TT fault Data\Extra TT Fault Cases\0.5%\Phase_c_0.5%\0.5%_20% fault at 7_7.214\TTphaseCat0p5Loading20andFat7p214.inf,D:\Naveen\TT fault Data\Extra TT Fault Cases\0.5%\Phase_c_0.5%\0.5%_20% fault at 7_7.214\TTphaseCat0p5Loading20andFat7p214.infx,25000.0,250000,250001,7.214,7.0,faulty,0.5,C,20,20,True,TT_s0.5_pC_l20,50000,100000.0,180350.0,200350.0,110000,179850,180850.0,199850.0
TT_fault_Data_Extra_TT_Fault_Cases_0_5_Phase_c_0_5_0_5_20_fault_at_8_7_216,TT fault Data\Extra TT Fault Cases\0.5%\Phase_c_0.5%\0.5%_20% fault at 8_7.216,D:\Naveen\TT fault Data\Extra TT Fault Cases\0.5%\Phase_c_0.5%\0.5%_20% fault at 8_7.216\TTphaseCat0p5Loading20andFat7p216_03.out,D:\Naveen\TT fault Data\Extra TT Fault Cases\0.5%\Phase_c_0.5%\0.5%_20% fault at 8_7.216\TTphaseCat0p5Loading20andFat7p216_02.out,D:\Naveen\TT fault Data\Extra TT Fault Cases\0.5%\Phase_c_0.5%\0.5%_20% fault at 8_7.216\TTphaseCat0p5Loading20andFat7p216.inf,D:\Naveen\TT fault Data\Extra TT Fault Cases\0.5%\Phase_c_0.5%\0.5%_20% fault at 8_7.216\TTphaseCat0p5Loading20andFat7p216.infx,25000.0,250000,250001,7.216,8.0,faulty,0.5,C,20,20,True,TT_s0.5_pC_l20,50000,100000.0,180400.0,200400.0,110000,179900,180900.0,199900.0
TT_fault_Data_Extra_TT_Fault_Cases_0_5_Phase_c_0_5_0_5_20_fault_at_9_7_218,TT fault Data\Extra TT Fault Cases\0.5%\Phase_c_0.5%\0.5%_20% fault at 9_7.218,D:\Naveen\TT fault Data\Extra TT Fault Cases\0.5%\Phase_c_0.5%\0.5%_20% fault at 9_7.218\TTphaseCat0p5Loading20andFat7p218_03.out,D:\Naveen\TT fault Data\Extra TT Fault Cases\0.5%\Phase_c_0.5%\0.5%_20% fault at 9_7.218\TTphaseCat0p5Loading20andFat7p218_02.out,D:\Naveen\TT fault Data\Extra TT Fault Cases\0.5%\Phase_c_0.5%\0.5%_20% fault at 9_7.218\TTphaseCat0p5Loading20andFat7p218.inf,D:\Naveen\TT fault Data\Extra TT Fault Cases\0.5%\Phase_c_0.5%\0.5%_20% fault at 9_7.218\TTphaseCat0p5Loading20andFat7p218.infx,25000.0,250000,250001,7.218,9.0,faulty,0.5,C,20,20,True,TT_s0.5_pC_l20,50000,100000.0,180450.0,200450.0,110000,179950,180950.0,199950.0
TT_fault_Data_Extra_TT_Fault_Cases_1_Phase_a_1_1_40_fault_at_10_7_22,TT fault Data\Extra TT Fault Cases\1%\Phase_a_1%\1%_40% fault at 10_7.22,D:\Naveen\TT fault Data\Extra TT Fault Cases\1%\Phase_a_1%\1%_40% fault at 10_7.22\TTphaseAat1Loading40andFat7p22_03.out,D:\Naveen\TT fault Data\Extra TT Fault Cases\1%\Phase_a_1%\1%_40% fault at 10_7.22\TTphaseAat1Loading40andFat7p22_02.out,D:\Naveen\TT fault Data\Extra TT Fault Cases\1%\Phase_a_1%\1%_40% fault at 10_7.22\TTphaseAat1Loading40andFat7p22.inf,D:\Naveen\TT fault Data\Extra TT Fault Cases\1%\Phase_a_1%\1%_40% fault at 10_7.22\TTphaseAat1Loading40andFat7p22.infx,25000.0,250000,250001,7.22,10.0,faulty,1.0,A,40,40,True,TT_s1.0_pA_l40,50000,100000.0,180500.0,200500.0,110000,180000,181000.0,200000.0
TT_fault_Data_Extra_TT_Fault_Cases_1_Phase_a_1_1_40_fault_at_1_7_202,TT fault Data\Extra TT Fault Cases\1%\Phase_a_1%\1%_40% fault at 1_7.202,D:\Naveen\TT fault Data\Extra TT Fault Cases\1%\Phase_a_1%\1%_40% fault at 1_7.202\TTphaseAat1Loading40andFat7p202_03.out,D:\Naveen\TT fault Data\Extra TT Fault Cases\1%\Phase_a_1%\1%_40% fault at 1_7.202\TTphaseAat1Loading40andFat7p202_02.out,D:\Naveen\TT fault Data\Extra TT Fault Cases\1%\Phase_a_1%\1%_40% fault at 1_7.202\TTphaseAat1Loading40andFat7p202.inf,D:\Naveen\TT fault Data\Extra TT Fault Cases\1%\Phase_a_1%\1%_40% fault at 1_7.202\TTphaseAat1Loading40andFat7p202.infx,25000.0,250000,250001,7.202,1.0,faulty,1.0,A,40,40,True,TT_s1.0_pA_l40,50000,100000.0,180050.0,200050.0,110000,179550,180550.0,199550.0
TT_fault_Data_Extra_TT_Fault_Cases_1_Phase_a_1_1_40_fault_at_2_7_204,TT fault Data\Extra TT Fault Cases\1%\Phase_a_1%\1%_40% fault at 2_7.204,D:\Naveen\TT fault Data\Extra TT Fault Cases\1%\Phase_a_1%\1%_40% fault at 2_7.204\TTphaseAat1Loading40andFat7p204_03.out,D:\Naveen\TT fault Data\Extra TT Fault Cases\1%\Phase_a_1%\1%_40% fault at 2_7.204\TTphaseAat1Loading40andFat7p204_02.out,D:\Naveen\TT fault Data\Extra TT Fault Cases\1%\Phase_a_1%\1%_40% fault at 2_7.204\TTphaseAat1Loading40andFat7p204.inf,D:\Naveen\TT fault Data\Extra TT Fault Cases\1%\Phase_a_1%\1%_40% fault at 2_7.204\TTphaseAat1Loading40andFat7p204.infx,25000.0,250000,250001,7.204,2.0,faulty,1.0,A,40,40,True,TT_s1.0_pA_l40,50000,100000.0,180100.0,200100.0,110000,179600,180600.0,199600.0
TT_fault_Data_Extra_TT_Fault_Cases_1_Phase_a_1_1_40_fault_at_3_7_206,TT fault Data\Extra TT Fault Cases\1%\Phase_a_1%\1%_40% fault at 3_7.206,D:\Naveen\TT fault Data\Extra TT Fault Cases\1%\Phase_a_1%\1%_40% fault at 3_7.206\TTphaseAat1Loading40andFat7p206_03.out,D:\Naveen\TT fault Data\Extra TT Fault Cases\1%\Phase_a_1%\1%_40% fault at 3_7.206\TTphaseAat1Loading40andFat7p206_02.out,D:\Naveen\TT fault Data\Extra TT Fault Cases\1%\Phase_a_1%\1%_40% fault at 3_7.206\TTphaseAat1Loading40andFat7p206.inf,D:\Naveen\TT fault Data\Extra TT Fault Cases\1%\Phase_a_1%\1%_40% fault at 3_7.206\TTphaseAat1Loading40andFat7p206.infx,25000.0,250000,250001,7.206,3.0,faulty,1.0,A,40,40,True,TT_s1.0_pA_l40,50000,100000.0,180150.0,200150.0,110000,179650,180650.0,199650.0
TT_fault_Data_Extra_TT_Fault_Cases_1_Phase_a_1_1_40_fault_at_4_7_208,TT fault Data\Extra TT Fault Cases\1%\Phase_a_1%\1%_40% fault at 4_7.208,D:\Naveen\TT fault Data\Extra TT Fault Cases\1%\Phase_a_1%\1%_40% fault at 4_7.208\TTphaseAat1Loading40andFat7p208_03.out,D:\Naveen\TT fault Data\Extra TT Fault Cases\1%\Phase_a_1%\1%_40% fault at 4_7.208\TTphaseAat1Loading40andFat7p208_02.out,D:\Naveen\TT fault Data\Extra TT Fault Cases\1%\Phase_a_1%\1%_40% fault at 4_7.208\TTphaseAat1Loading40andFat7p208.inf,D:\Naveen\TT fault Data\Extra TT Fault Cases\1%\Phase_a_1%\1%_40% fault at 4_7.208\TTphaseAat1Loading40andFat7p208.infx,25000.0,250000,250001,7.208,4.0,faulty,1.0,A,40,40,True,TT_s1.0_pA_l40,50000,100000.0,180200.0,200200.0,110000,179700,180700.0,199700.0
TT_fault_Data_Extra_TT_Fault_Cases_1_Phase_a_1_1_40_fault_at_5_7_210,TT fault Data\Extra TT Fault Cases\1%\Phase_a_1%\1%_40% fault at 5_7.210,D:\Naveen\TT fault Data\Extra TT Fault Cases\1%\Phase_a_1%\1%_40% fault at 5_7.210\TTphaseAat1Loading40andFat7p210_03.out,D:\Naveen\TT fault Data\Extra TT Fault Cases\1%\Phase_a_1%\1%_40% fault at 5_7.210\TTphaseAat1Loading40andFat7p210_02.out,D:\Naveen\TT fault Data\Extra TT Fault Cases\1%\Phase_a_1%\1%_40% fault at 5_7.210\TTphaseAat1Loading40andFat7p210.inf,D:\Naveen\TT fault Data\Extra TT Fault Cases\1%\Phase_a_1%\1%_40% fault at 5_7.210\TTphaseAat1Loading40andFat7p210.infx,25000.0,250000,250001,7.21,5.0,faulty,1.0,A,40,40,True,TT_s1.0_pA_l40,50000,100000.0,180250.0,200250.0,110000,179750,180750.0,199750.0
TT_fault_Data_Extra_TT_Fault_Cases_1_Phase_a_1_1_40_fault_at_6_7_212,TT fault Data\Extra TT Fault Cases\1%\Phase_a_1%\1%_40% fault at 6_7.212,D:\Naveen\TT fault Data\Extra TT Fault Cases\1%\Phase_a_1%\1%_40% fault at 6_7.212\TTphaseAat1Loading40andFat7p212_03.out,D:\Naveen\TT fault Data\Extra TT Fault Cases\1%\Phase_a_1%\1%_40% fault at 6_7.212\TTphaseAat1Loading40andFat7p212_02.out,D:\Naveen\TT fault Data\Extra TT Fault Cases\1%\Phase_a_1%\1%_40% fault at 6_7.212\TTphaseAat1Loading40andFat7p212.inf,D:\Naveen\TT fault Data\Extra TT Fault Cases\1%\Phase_a_1%\1%_40% fault at 6_7.212\TTphaseAat1Loading40andFat7p212.infx,25000.0,250000,250001,7.212,6.0,faulty,1.0,A,40,40,True,TT_s1.0_pA_l40,50000,100000.0,180300.0,200300.0,110000,179800,180800.0,199800.0
TT_fault_Data_Extra_TT_Fault_Cases_1_Phase_a_1_1_40_fault_at_7_7_214,TT fault Data\Extra TT Fault Cases\1%\Phase_a_1%\1%_40% fault at 7_7.214,D:\Naveen\TT fault Data\Extra TT Fault Cases\1%\Phase_a_1%\1%_40% fault at 7_7.214\TTphaseAat1Loading40andFat7p214_03.out,D:\Naveen\TT fault Data\Extra TT Fault Cases\1%\Phase_a_1%\1%_40% fault at 7_7.214\TTphaseAat1Loading40andFat7p214_02.out,D:\Naveen\TT fault Data\Extra TT Fault Cases\1%\Phase_a_1%\1%_40% fault at 7_7.214\TTphaseAat1Loading40andFat7p214.inf,D:\Naveen\TT fault Data\Extra TT Fault Cases\1%\Phase_a_1%\1%_40% fault at 7_7.214\TTphaseAat1Loading40andFat7p214.infx,25000.0,250000,250001,7.214,7.0,faulty,1.0,A,40,40,True,TT_s1.0_pA_l40,50000,100000.0,180350.0,200350.0,110000,179850,180850.0,199850.0
TT_fault_Data_Extra_TT_Fault_Cases_1_Phase_a_1_1_40_fault_at_8_7_216,TT fault Data\Extra TT Fault Cases\1%\Phase_a_1%\1%_40% fault at 8_7.216,D:\Naveen\TT fault Data\Extra TT Fault Cases\1%\Phase_a_1%\1%_40% fault at 8_7.216\TTphaseAat1Loading40andFat7p216_03.out,D:\Naveen\TT fault Data\Extra TT Fault Cases\1%\Phase_a_1%\1%_40% fault at 8_7.216\TTphaseAat1Loading40andFat7p216_02.out,D:\Naveen\TT fault Data\Extra TT Fault Cases\1%\Phase_a_1%\1%_40% fault at 8_7.216\TTphaseAat1Loading40andFat7p216.inf,D:\Naveen\TT fault Data\Extra TT Fault Cases\1%\Phase_a_1%\1%_40% fault at 8_7.216\TTphaseAat1Loading40andFat7p216.infx,25000.0,250000,250001,7.216,8.0,faulty,1.0,A,40,40,True,TT_s1.0_pA_l40,50000,100000.0,180400.0,200400.0,110000,179900,180900.0,199900.0
TT_fault_Data_Extra_TT_Fault_Cases_1_Phase_a_1_1_40_fault_at_9_7_218,TT fault Data\Extra TT Fault Cases\1%\Phase_a_1%\1%_40% fault at 9_7.218,D:\Naveen\TT fault Data\Extra TT Fault Cases\1%\Phase_a_1%\1%_40% fault at 9_7.218\TTphaseAat1Loading40andFat7p218_03.out,D:\Naveen\TT fault Data\Extra TT Fault Cases\1%\Phase_a_1%\1%_40% fault at 9_7.218\TTphaseAat1Loading40andFat7p218_02.out,D:\Naveen\TT fault Data\Extra TT Fault Cases\1%\Phase_a_1%\1%_40% fault at 9_7.218\TTphaseAat1Loading40andFat7p218.inf,D:\Naveen\TT fault Data\Extra TT Fault Cases\1%\Phase_a_1%\1%_40% fault at 9_7.218\TTphaseAat1Loading40andFat7p218.infx,25000.0,250000,250001,7.218,9.0,faulty,1.0,A,40,40,True,TT_s1.0_pA_l40,50000,100000.0,180450.0,200450.0,110000,179950,180950.0,199950.0
TT_fault_Data_Extra_TT_Fault_Cases_1_Phase_b_1_1_40_fault_at_10_7_22,TT fault Data\Extra TT Fault Cases\1%\Phase_b_1%\1%_40% fault at 10_7.22,D:\Naveen\TT fault Data\Extra TT Fault Cases\1%\Phase_b_1%\1%_40% fault at 10_7.22\TTphaseBat1Loading40andFat7p22_03.out,D:\Naveen\TT fault Data\Extra TT Fault Cases\1%\Phase_b_1%\1%_40% fault at 10_7.22\TTphaseBat1Loading40andFat7p22_02.out,D:\Naveen\TT fault Data\Extra TT Fault Cases\1%\Phase_b_1%\1%_40% fault at 10_7.22\TTphaseBat1Loading40andFat7p22.inf,D:\Naveen\TT fault Data\Extra TT Fault Cases\1%\Phase_b_1%\1%_40% fault at 10_7.22\TTphaseBat1Loading40andFat7p22.infx,25000.0,250000,250001,7.22,10.0,faulty,1.0,B,40,40,True,TT_s1.0_pB_l40,50000,100000.0,180500.0,200500.0,110000,180000,181000.0,200000.0
TT_fault_Data_Extra_TT_Fault_Cases_1_Phase_b_1_1_40_fault_at_1_7_202,TT fault Data\Extra TT Fault Cases\1%\Phase_b_1%\1%_40% fault at 1_7.202,D:\Naveen\TT fault Data\Extra TT Fault Cases\1%\Phase_b_1%\1%_40% fault at 1_7.202\TTphaseBat1Loading40andFat7p202_03.out,D:\Naveen\TT fault Data\Extra TT Fault Cases\1%\Phase_b_1%\1%_40% fault at 1_7.202\TTphaseBat1Loading40andFat7p202_02.out,D:\Naveen\TT fault Data\Extra TT Fault Cases\1%\Phase_b_1%\1%_40% fault at 1_7.202\TTphaseBat1Loading40andFat7p202.inf,D:\Naveen\TT fault Data\Extra TT Fault Cases\1%\Phase_b_1%\1%_40% fault at 1_7.202\TTphaseBat1Loading40andFat7p202.infx,25000.0,250000,250001,7.202,1.0,faulty,1.0,B,40,40,True,TT_s1.0_pB_l40,50000,100000.0,180050.0,200050.0,110000,179550,180550.0,199550.0
TT_fault_Data_Extra_TT_Fault_Cases_1_Phase_b_1_1_40_fault_at_2_7_204,TT fault Data\Extra TT Fault Cases\1%\Phase_b_1%\1%_40% fault at 2_7.204,D:\Naveen\TT fault Data\Extra TT Fault Cases\1%\Phase_b_1%\1%_40% fault at 2_7.204\TTphaseBat1Loading40andFat7p204_03.out,D:\Naveen\TT fault Data\Extra TT Fault Cases\1%\Phase_b_1%\1%_40% fault at 2_7.204\TTphaseBat1Loading40andFat7p204_02.out,D:\Naveen\TT fault Data\Extra TT Fault Cases\1%\Phase_b_1%\1%_40% fault at 2_7.204\TTphaseBat1Loading40andFat7p204.inf,D:\Naveen\TT fault Data\Extra TT Fault Cases\1%\Phase_b_1%\1%_40% fault at 2_7.204\TTphaseBat1Loading40andFat7p204.infx,25000.0,250000,250001,7.204,2.0,faulty,1.0,B,40,40,True,TT_s1.0_pB_l40,50000,100000.0,180100.0,200100.0,110000,179600,180600.0,199600.0
TT_fault_Data_Extra_TT_Fault_Cases_1_Phase_b_1_1_40_fault_at_3_7_206,TT fault Data\Extra TT Fault Cases\1%\Phase_b_1%\1%_40% fault at 3_7.206,D:\Naveen\TT fault Data\Extra TT Fault Cases\1%\Phase_b_1%\1%_40% fault at 3_7.206\TTphaseBat1Loading40andFat7p206_03.out,D:\Naveen\TT fault Data\Extra TT Fault Cases\1%\Phase_b_1%\1%_40% fault at 3_7.206\TTphaseBat1Loading40andFat7p206_02.out,D:\Naveen\TT fault Data\Extra TT Fault Cases\1%\Phase_b_1%\1%_40% fault at 3_7.206\TTphaseBat1Loading40andFat7p206.inf,D:\Naveen\TT fault Data\Extra TT Fault Cases\1%\Phase_b_1%\1%_40% fault at 3_7.206\TTphaseBat1Loading40andFat7p206.infx,25000.0,250000,250001,7.206,3.0,faulty,1.0,B,40,40,True,TT_s1.0_pB_l40,50000,100000.0,180150.0,200150.0,110000,179650,180650.0,199650.0
TT_fault_Data_Extra_TT_Fault_Cases_1_Phase_b_1_1_40_fault_at_4_7_208,TT fault Data\Extra TT Fault Cases\1%\Phase_b_1%\1%_40% fault at 4_7.208,D:\Naveen\TT fault Data\Extra TT Fault Cases\1%\Phase_b_1%\1%_40% fault at 4_7.208\TTphaseBat1Loading40andFat7p208_03.out,D:\Naveen\TT fault Data\Extra TT Fault Cases\1%\Phase_b_1%\1%_40% fault at 4_7.208\TTphaseBat1Loading40andFat7p208_02.out,D:\Naveen\TT fault Data\Extra TT Fault Cases\1%\Phase_b_1%\1%_40% fault at 4_7.208\TTphaseBat1Loading40andFat7p208.inf,D:\Naveen\TT fault Data\Extra TT Fault Cases\1%\Phase_b_1%\1%_40% fault at 4_7.208\TTphaseBat1Loading40andFat7p208.infx,25000.0,250000,250001,7.208,4.0,faulty,1.0,B,40,40,True,TT_s1.0_pB_l40,50000,100000.0,180200.0,200200.0,110000,179700,180700.0,199700.0
TT_fault_Data_Extra_TT_Fault_Cases_1_Phase_b_1_1_40_fault_at_5_7_210,TT fault Data\Extra TT Fault Cases\1%\Phase_b_1%\1%_40% fault at 5_7.210,D:\Naveen\TT fault Data\Extra TT Fault Cases\1%\Phase_b_1%\1%_40% fault at 5_7.210\TTphaseBat1Loading40andFat7p210_03.out,D:\Naveen\TT fault Data\Extra TT Fault Cases\1%\Phase_b_1%\1%_40% fault at 5_7.210\TTphaseBat1Loading40andFat7p210_02.out,D:\Naveen\TT fault Data\Extra TT Fault Cases\1%\Phase_b_1%\1%_40% fault at 5_7.210\TTphaseBat1Loading40andFat7p210.inf,D:\Naveen\TT fault Data\Extra TT Fault Cases\1%\Phase_b_1%\1%_40% fault at 5_7.210\TTphaseBat1Loading40andFat7p210.infx,25000.0,250000,250001,7.21,5.0,faulty,1.0,B,40,40,True,TT_s1.0_pB_l40,50000,100000.0,180250.0,200250.0,110000,179750,180750.0,199750.0
TT_fault_Data_Extra_TT_Fault_Cases_1_Phase_b_1_1_40_fault_at_6_7_212,TT fault Data\Extra TT Fault Cases\1%\Phase_b_1%\1%_40% fault at 6_7.212,D:\Naveen\TT fault Data\Extra TT Fault Cases\1%\Phase_b_1%\1%_40% fault at 6_7.212\TTphaseBat1Loading40andFat7p212_03.out,D:\Naveen\TT fault Data\Extra TT Fault Cases\1%\Phase_b_1%\1%_40% fault at 6_7.212\TTphaseBat1Loading40andFat7p212_02.out,D:\Naveen\TT fault Data\Extra TT Fault Cases\1%\Phase_b_1%\1%_40% fault at 6_7.212\TTphaseBat1Loading40andFat7p212.inf,D:\Naveen\TT fault Data\Extra TT Fault Cases\1%\Phase_b_1%\1%_40% fault at 6_7.212\TTphaseBat1Loading40andFat7p212.infx,25000.0,250000,250001,7.212,6.0,faulty,1.0,B,40,40,True,TT_s1.0_pB_l40,50000,100000.0,180300.0,200300.0,110000,179800,180800.0,199800.0
TT_fault_Data_Extra_TT_Fault_Cases_1_Phase_b_1_1_40_fault_at_7_7_214,TT fault Data\Extra TT Fault Cases\1%\Phase_b_1%\1%_40% fault at 7_7.214,D:\Naveen\TT fault Data\Extra TT Fault Cases\1%\Phase_b_1%\1%_40% fault at 7_7.214\TTphaseBat1Loading40andFat7p214_03.out,D:\Naveen\TT fault Data\Extra TT Fault Cases\1%\Phase_b_1%\1%_40% fault at 7_7.214\TTphaseBat1Loading40andFat7p214_02.out,D:\Naveen\TT fault Data\Extra TT Fault Cases\1%\Phase_b_1%\1%_40% fault at 7_7.214\TTphaseBat1Loading40andFat7p214.inf,D:\Naveen\TT fault Data\Extra TT Fault Cases\1%\Phase_b_1%\1%_40% fault at 7_7.214\TTphaseBat1Loading40andFat7p214.infx,25000.0,250000,250001,7.214,7.0,faulty,1.0,B,40,40,True,TT_s1.0_pB_l40,50000,100000.0,180350.0,200350.0,110000,179850,180850.0,199850.0
TT_fault_Data_Extra_TT_Fault_Cases_1_Phase_b_1_1_40_fault_at_8_7_216,TT fault Data\Extra TT Fault Cases\1%\Phase_b_1%\1%_40% fault at 8_7.216,D:\Naveen\TT fault Data\Extra TT Fault Cases\1%\Phase_b_1%\1%_40% fault at 8_7.216\TTphaseBat1Loading40andFat7p216_03.out,D:\Naveen\TT fault Data\Extra TT Fault Cases\1%\Phase_b_1%\1%_40% fault at 8_7.216\TTphaseBat1Loading40andFat7p216_02.out,D:\Naveen\TT fault Data\Extra TT Fault Cases\1%\Phase_b_1%\1%_40% fault at 8_7.216\TTphaseBat1Loading40andFat7p216.inf,D:\Naveen\TT fault Data\Extra TT Fault Cases\1%\Phase_b_1%\1%_40% fault at 8_7.216\TTphaseBat1Loading40andFat7p216.infx,25000.0,250000,250001,7.216,8.0,faulty,1.0,B,40,40,True,TT_s1.0_pB_l40,50000,100000.0,180400.0,200400.0,110000,179900,180900.0,199900.0
TT_fault_Data_Extra_TT_Fault_Cases_1_Phase_b_1_1_40_fault_at_9_7_218,TT fault Data\Extra TT Fault Cases\1%\Phase_b_1%\1%_40% fault at 9_7.218,D:\Naveen\TT fault Data\Extra TT Fault Cases\1%\Phase_b_1%\1%_40% fault at 9_7.218\TTphaseBat1Loading40andFat7p218_03.out,D:\Naveen\TT fault Data\Extra TT Fault Cases\1%\Phase_b_1%\1%_40% fault at 9_7.218\TTphaseBat1Loading40andFat7p218_02.out,D:\Naveen\TT fault Data\Extra TT Fault Cases\1%\Phase_b_1%\1%_40% fault at 9_7.218\TTphaseBat1Loading40andFat7p218.inf,D:\Naveen\TT fault Data\Extra TT Fault Cases\1%\Phase_b_1%\1%_40% fault at 9_7.218\TTphaseBat1Loading40andFat7p218.infx,25000.0,250000,250001,7.218,9.0,faulty,1.0,B,40,40,True,TT_s1.0_pB_l40,50000,100000.0,180450.0,200450.0,110000,179950,180950.0,199950.0
TT_fault_Data_Extra_TT_Fault_Cases_1_Phase_c_1_1_40_fault_at_10_7_22,TT fault Data\Extra TT Fault Cases\1%\Phase_c_1%\1%_40% fault at 10_7.22,D:\Naveen\TT fault Data\Extra TT Fault Cases\1%\Phase_c_1%\1%_40% fault at 10_7.22\TTphaseCat1Loading40andFat7p22_03.out,D:\Naveen\TT fault Data\Extra TT Fault Cases\1%\Phase_c_1%\1%_40% fault at 10_7.22\TTphaseCat1Loading40andFat7p22_02.out,D:\Naveen\TT fault Data\Extra TT Fault Cases\1%\Phase_c_1%\1%_40% fault at 10_7.22\TTphaseCat1Loading40andFat7p22.inf,D:\Naveen\TT fault Data\Extra TT Fault Cases\1%\Phase_c_1%\1%_40% fault at 10_7.22\TTphaseCat1Loading40andFat7p22.infx,25000.0,250000,250001,7.22,10.0,faulty,1.0,C,40,40,True,TT_s1.0_pC_l40,50000,100000.0,180500.0,200500.0,110000,180000,181000.0,200000.0
TT_fault_Data_Extra_TT_Fault_Cases_1_Phase_c_1_1_40_fault_at_1_7_202,TT fault Data\Extra TT Fault Cases\1%\Phase_c_1%\1%_40% fault at 1_7.202,D:\Naveen\TT fault Data\Extra TT Fault Cases\1%\Phase_c_1%\1%_40% fault at 1_7.202\TTphaseCat1Loading40andFat7p202_03.out,D:\Naveen\TT fault Data\Extra TT Fault Cases\1%\Phase_c_1%\1%_40% fault at 1_7.202\TTphaseCat1Loading40andFat7p202_02.out,D:\Naveen\TT fault Data\Extra TT Fault Cases\1%\Phase_c_1%\1%_40% fault at 1_7.202\TTphaseCat1Loading40andFat7p202.inf,D:\Naveen\TT fault Data\Extra TT Fault Cases\1%\Phase_c_1%\1%_40% fault at 1_7.202\TTphaseCat1Loading40andFat7p202.infx,25000.0,250000,250001,7.202,1.0,faulty,1.0,C,40,40,True,TT_s1.0_pC_l40,50000,100000.0,180050.0,200050.0,110000,179550,180550.0,199550.0
TT_fault_Data_Extra_TT_Fault_Cases_1_Phase_c_1_1_40_fault_at_2_7_204,TT fault Data\Extra TT Fault Cases\1%\Phase_c_1%\1%_40% fault at 2_7.204,D:\Naveen\TT fault Data\Extra TT Fault Cases\1%\Phase_c_1%\1%_40% fault at 2_7.204\TTphaseCat1Loading40andFat7p204_03.out,D:\Naveen\TT fault Data\Extra TT Fault Cases\1%\Phase_c_1%\1%_40% fault at 2_7.204\TTphaseCat1Loading40andFat7p204_02.out,D:\Naveen\TT fault Data\Extra TT Fault Cases\1%\Phase_c_1%\1%_40% fault at 2_7.204\TTphaseCat1Loading40andFat7p204.inf,D:\Naveen\TT fault Data\Extra TT Fault Cases\1%\Phase_c_1%\1%_40% fault at 2_7.204\TTphaseCat1Loading40andFat7p204.infx,25000.0,250000,250001,7.204,2.0,faulty,1.0,C,40,40,True,TT_s1.0_pC_l40,50000,100000.0,180100.0,200100.0,110000,179600,180600.0,199600.0
TT_fault_Data_Extra_TT_Fault_Cases_1_Phase_c_1_1_40_fault_at_3_7_206,TT fault Data\Extra TT Fault Cases\1%\Phase_c_1%\1%_40% fault at 3_7.206,D:\Naveen\TT fault Data\Extra TT Fault Cases\1%\Phase_c_1%\1%_40% fault at 3_7.206\TTphaseCat1Loading40andFat7p206_03.out,D:\Naveen\TT fault Data\Extra TT Fault Cases\1%\Phase_c_1%\1%_40% fault at 3_7.206\TTphaseCat1Loading40andFat7p206_02.out,D:\Naveen\TT fault Data\Extra TT Fault Cases\1%\Phase_c_1%\1%_40% fault at 3_7.206\TTphaseCat1Loading40andFat7p206.inf,D:\Naveen\TT fault Data\Extra TT Fault Cases\1%\Phase_c_1%\1%_40% fault at 3_7.206\TTphaseCat1Loading40andFat7p206.infx,25000.0,250000,250001,7.206,3.0,faulty,1.0,C,40,40,True,TT_s1.0_pC_l40,50000,100000.0,180150.0,200150.0,110000,179650,180650.0,199650.0
TT_fault_Data_Extra_TT_Fault_Cases_1_Phase_c_1_1_40_fault_at_4_7_208,TT fault Data\Extra TT Fault Cases\1%\Phase_c_1%\1%_40% fault at 4_7.208,D:\Naveen\TT fault Data\Extra TT Fault Cases\1%\Phase_c_1%\1%_40% fault at 4_7.208\TTphaseCat1Loading40andFat7p208_03.out,D:\Naveen\TT fault Data\Extra TT Fault Cases\1%\Phase_c_1%\1%_40% fault at 4_7.208\TTphaseCat1Loading40andFat7p208_02.out,D:\Naveen\TT fault Data\Extra TT Fault Cases\1%\Phase_c_1%\1%_40% fault at 4_7.208\TTphaseCat1Loading40andFat7p208.inf,D:\Naveen\TT fault Data\Extra TT Fault Cases\1%\Phase_c_1%\1%_40% fault at 4_7.208\TTphaseCat1Loading40andFat7p208.infx,25000.0,250000,250001,7.208,4.0,faulty,1.0,C,40,40,True,TT_s1.0_pC_l40,50000,100000.0,180200.0,200200.0,110000,179700,180700.0,199700.0
TT_fault_Data_Extra_TT_Fault_Cases_1_Phase_c_1_1_40_fault_at_5_7_210,TT fault Data\Extra TT Fault Cases\1%\Phase_c_1%\1%_40% fault at 5_7.210,D:\Naveen\TT fault Data\Extra TT Fault Cases\1%\Phase_c_1%\1%_40% fault at 5_7.210\TTphaseCat1Loading40andFat7p21_03.out,D:\Naveen\TT fault Data\Extra TT Fault Cases\1%\Phase_c_1%\1%_40% fault at 5_7.210\TTphaseCat1Loading40andFat7p21_02.out,D:\Naveen\TT fault Data\Extra TT Fault Cases\1%\Phase_c_1%\1%_40% fault at 5_7.210\TTphaseCat1Loading40andFat7p21.inf,D:\Naveen\TT fault Data\Extra TT Fault Cases\1%\Phase_c_1%\1%_40% fault at 5_7.210\TTphaseCat1Loading40andFat7p21.infx,25000.0,250000,250001,7.21,5.0,faulty,1.0,C,40,40,True,TT_s1.0_pC_l40,50000,100000.0,180250.0,200250.0,110000,179750,180750.0,199750.0
TT_fault_Data_Extra_TT_Fault_Cases_1_Phase_c_1_1_40_fault_at_6_7_212,TT fault Data\Extra TT Fault Cases\1%\Phase_c_1%\1%_40% fault at 6_7.212,D:\Naveen\TT fault Data\Extra TT Fault Cases\1%\Phase_c_1%\1%_40% fault at 6_7.212\TTphaseCat1Loading40andFat7p212_03.out,D:\Naveen\TT fault Data\Extra TT Fault Cases\1%\Phase_c_1%\1%_40% fault at 6_7.212\TTphaseCat1Loading40andFat7p212_02.out,D:\Naveen\TT fault Data\Extra TT Fault Cases\1%\Phase_c_1%\1%_40% fault at 6_7.212\TTphaseCat1Loading40andFat7p212.inf,D:\Naveen\TT fault Data\Extra TT Fault Cases\1%\Phase_c_1%\1%_40% fault at 6_7.212\TTphaseCat1Loading40andFat7p212.infx,25000.0,250000,250001,7.212,6.0,faulty,1.0,C,40,40,True,TT_s1.0_pC_l40,50000,100000.0,180300.0,200300.0,110000,179800,180800.0,199800.0
TT_fault_Data_Extra_TT_Fault_Cases_1_Phase_c_1_1_40_fault_at_7_7_214,TT fault Data\Extra TT Fault Cases\1%\Phase_c_1%\1%_40% fault at 7_7.214,D:\Naveen\TT fault Data\Extra TT Fault Cases\1%\Phase_c_1%\1%_40% fault at 7_7.214\TTphaseCat1Loading40andFat7p214_03.out,D:\Naveen\TT fault Data\Extra TT Fault Cases\1%\Phase_c_1%\1%_40% fault at 7_7.214\TTphaseCat1Loading40andFat7p214_02.out,D:\Naveen\TT fault Data\Extra TT Fault Cases\1%\Phase_c_1%\1%_40% fault at 7_7.214\TTphaseCat1Loading40andFat7p214.inf,D:\Naveen\TT fault Data\Extra TT Fault Cases\1%\Phase_c_1%\1%_40% fault at 7_7.214\TTphaseCat1Loading40andFat7p214.infx,25000.0,250000,250001,7.214,7.0,faulty,1.0,C,40,40,True,TT_s1.0_pC_l40,50000,100000.0,180350.0,200350.0,110000,179850,180850.0,199850.0
TT_fault_Data_Extra_TT_Fault_Cases_1_Phase_c_1_1_40_fault_at_8_7_216,TT fault Data\Extra TT Fault Cases\1%\Phase_c_1%\1%_40% fault at 8_7.216,D:\Naveen\TT fault Data\Extra TT Fault Cases\1%\Phase_c_1%\1%_40% fault at 8_7.216\TTphaseCat1Loading40andFat7p216_03.out,D:\Naveen\TT fault Data\Extra TT Fault Cases\1%\Phase_c_1%\1%_40% fault at 8_7.216\TTphaseCat1Loading40andFat7p216_02.out,D:\Naveen\TT fault Data\Extra TT Fault Cases\1%\Phase_c_1%\1%_40% fault at 8_7.216\TTphaseCat1Loading40andFat7p216.inf,D:\Naveen\TT fault Data\Extra TT Fault Cases\1%\Phase_c_1%\1%_40% fault at 8_7.216\TTphaseCat1Loading40andFat7p216.infx,25000.0,250000,250001,7.216,8.0,faulty,1.0,C,40,40,True,TT_s1.0_pC_l40,50000,100000.0,180400.0,200400.0,110000,179900,180900.0,199900.0
TT_fault_Data_Extra_TT_Fault_Cases_1_Phase_c_1_1_40_fault_at_9_7_218,TT fault Data\Extra TT Fault Cases\1%\Phase_c_1%\1%_40% fault at 9_7.218,D:\Naveen\TT fault Data\Extra TT Fault Cases\1%\Phase_c_1%\1%_40% fault at 9_7.218\TTphaseCat1Loading40andFat7p218_03.out,D:\Naveen\TT fault Data\Extra TT Fault Cases\1%\Phase_c_1%\1%_40% fault at 9_7.218\TTphaseCat1Loading40andFat7p218_02.out,D:\Naveen\TT fault Data\Extra TT Fault Cases\1%\Phase_c_1%\1%_40% fault at 9_7.218\TTphaseCat1Loading40andFat7p218.inf,D:\Naveen\TT fault Data\Extra TT Fault Cases\1%\Phase_c_1%\1%_40% fault at 9_7.218\TTphaseCat1Loading40andFat7p218.infx,25000.0,250000,250001,7.218,9.0,faulty,1.0,C,40,40,True,TT_s1.0_pC_l40,50000,100000.0,180450.0,200450.0,110000,179950,180950.0,199950.0
TT_fault_Data_Extra_TT_Fault_Cases_2_Phase_a_2_2_60_fault_at_10_7_22,TT fault Data\Extra TT Fault Cases\2%\Phase_a_2%\2%_60% fault at 10_7.22,D:\Naveen\TT fault Data\Extra TT Fault Cases\2%\Phase_a_2%\2%_60% fault at 10_7.22\TTphaseAat2Loading60andFat7p22_03.out,D:\Naveen\TT fault Data\Extra TT Fault Cases\2%\Phase_a_2%\2%_60% fault at 10_7.22\TTphaseAat2Loading60andFat7p22_02.out,D:\Naveen\TT fault Data\Extra TT Fault Cases\2%\Phase_a_2%\2%_60% fault at 10_7.22\TTphaseAat2Loading60andFat7p22.inf,D:\Naveen\TT fault Data\Extra TT Fault Cases\2%\Phase_a_2%\2%_60% fault at 10_7.22\TTphaseAat2Loading60andFat7p22.infx,25000.0,250000,250001,7.22,10.0,faulty,2.0,A,60,60,True,TT_s2.0_pA_l60,50000,100000.0,180500.0,200500.0,110000,180000,181000.0,200000.0
TT_fault_Data_Extra_TT_Fault_Cases_2_Phase_a_2_2_60_fault_at_1_7_202,TT fault Data\Extra TT Fault Cases\2%\Phase_a_2%\2%_60% fault at 1_7.202,D:\Naveen\TT fault Data\Extra TT Fault Cases\2%\Phase_a_2%\2%_60% fault at 1_7.202\TTphaseAat2Loading60andFat7p202_03.out,D:\Naveen\TT fault Data\Extra TT Fault Cases\2%\Phase_a_2%\2%_60% fault at 1_7.202\TTphaseAat2Loading60andFat7p202_02.out,D:\Naveen\TT fault Data\Extra TT Fault Cases\2%\Phase_a_2%\2%_60% fault at 1_7.202\TTphaseAat2Loading60andFat7p202.inf,D:\Naveen\TT fault Data\Extra TT Fault Cases\2%\Phase_a_2%\2%_60% fault at 1_7.202\TTphaseAat2Loading60andFat7p202.infx,25000.0,250000,250001,7.202,1.0,faulty,2.0,A,60,60,True,TT_s2.0_pA_l60,50000,100000.0,180050.0,200050.0,110000,179550,180550.0,199550.0
TT_fault_Data_Extra_TT_Fault_Cases_2_Phase_a_2_2_60_fault_at_2_7_204,TT fault Data\Extra TT Fault Cases\2%\Phase_a_2%\2%_60% fault at 2_7.204,D:\Naveen\TT fault Data\Extra TT Fault Cases\2%\Phase_a_2%\2%_60% fault at 2_7.204\TTphaseAat2Loading60andFat7p204_03.out,D:\Naveen\TT fault Data\Extra TT Fault Cases\2%\Phase_a_2%\2%_60% fault at 2_7.204\TTphaseAat2Loading60andFat7p204_02.out,D:\Naveen\TT fault Data\Extra TT Fault Cases\2%\Phase_a_2%\2%_60% fault at 2_7.204\TTphaseAat2Loading60andFat7p204.inf,D:\Naveen\TT fault Data\Extra TT Fault Cases\2%\Phase_a_2%\2%_60% fault at 2_7.204\TTphaseAat2Loading60andFat7p204.infx,25000.0,250000,250001,7.204,2.0,faulty,2.0,A,60,60,True,TT_s2.0_pA_l60,50000,100000.0,180100.0,200100.0,110000,179600,180600.0,199600.0
TT_fault_Data_Extra_TT_Fault_Cases_2_Phase_a_2_2_60_fault_at_3_7_206,TT fault Data\Extra TT Fault Cases\2%\Phase_a_2%\2%_60% fault at 3_7.206,D:\Naveen\TT fault Data\Extra TT Fault Cases\2%\Phase_a_2%\2%_60% fault at 3_7.206\TTphaseAat2Loading60andFat7p206_03.out,D:\Naveen\TT fault Data\Extra TT Fault Cases\2%\Phase_a_2%\2%_60% fault at 3_7.206\TTphaseAat2Loading60andFat7p206_02.out,D:\Naveen\TT fault Data\Extra TT Fault Cases\2%\Phase_a_2%\2%_60% fault at 3_7.206\TTphaseAat2Loading60andFat7p206.inf,D:\Naveen\TT fault Data\Extra TT Fault Cases\2%\Phase_a_2%\2%_60% fault at 3_7.206\TTphaseAat2Loading60andFat7p206.infx,25000.0,250000,250001,7.206,3.0,faulty,2.0,A,60,60,True,TT_s2.0_pA_l60,50000,100000.0,180150.0,200150.0,110000,179650,180650.0,199650.0
TT_fault_Data_Extra_TT_Fault_Cases_2_Phase_a_2_2_60_fault_at_4_7_208,TT fault Data\Extra TT Fault Cases\2%\Phase_a_2%\2%_60% fault at 4_7.208,D:\Naveen\TT fault Data\Extra TT Fault Cases\2%\Phase_a_2%\2%_60% fault at 4_7.208\TTphaseAat2Loading60andFat7p208_03.out,D:\Naveen\TT fault Data\Extra TT Fault Cases\2%\Phase_a_2%\2%_60% fault at 4_7.208\TTphaseAat2Loading60andFat7p208_02.out,D:\Naveen\TT fault Data\Extra TT Fault Cases\2%\Phase_a_2%\2%_60% fault at 4_7.208\TTphaseAat2Loading60andFat7p208.inf,D:\Naveen\TT fault Data\Extra TT Fault Cases\2%\Phase_a_2%\2%_60% fault at 4_7.208\TTphaseAat2Loading60andFat7p208.infx,25000.0,250000,250001,7.208,4.0,faulty,2.0,A,60,60,True,TT_s2.0_pA_l60,50000,100000.0,180200.0,200200.0,110000,179700,180700.0,199700.0
TT_fault_Data_Extra_TT_Fault_Cases_2_Phase_a_2_2_60_fault_at_5_7_210,TT fault Data\Extra TT Fault Cases\2%\Phase_a_2%\2%_60% fault at 5_7.210,D:\Naveen\TT fault Data\Extra TT Fault Cases\2%\Phase_a_2%\2%_60% fault at 5_7.210\TTphaseAat2Loading60andFat7p210_03.out,D:\Naveen\TT fault Data\Extra TT Fault Cases\2%\Phase_a_2%\2%_60% fault at 5_7.210\TTphaseAat2Loading60andFat7p210_02.out,D:\Naveen\TT fault Data\Extra TT Fault Cases\2%\Phase_a_2%\2%_60% fault at 5_7.210\TTphaseAat2Loading60andFat7p210.inf,D:\Naveen\TT fault Data\Extra TT Fault Cases\2%\Phase_a_2%\2%_60% fault at 5_7.210\TTphaseAat2Loading60andFat7p210.infx,25000.0,250000,250001,7.21,5.0,faulty,2.0,A,60,60,True,TT_s2.0_pA_l60,50000,100000.0,180250.0,200250.0,110000,179750,180750.0,199750.0
TT_fault_Data_Extra_TT_Fault_Cases_2_Phase_a_2_2_60_fault_at_6_7_212,TT fault Data\Extra TT Fault Cases\2%\Phase_a_2%\2%_60% fault at 6_7.212,D:\Naveen\TT fault Data\Extra TT Fault Cases\2%\Phase_a_2%\2%_60% fault at 6_7.212\TTphaseAat2Loading60andFat7p212_03.out,D:\Naveen\TT fault Data\Extra TT Fault Cases\2%\Phase_a_2%\2%_60% fault at 6_7.212\TTphaseAat2Loading60andFat7p212_02.out,D:\Naveen\TT fault Data\Extra TT Fault Cases\2%\Phase_a_2%\2%_60% fault at 6_7.212\TTphaseAat2Loading60andFat7p212.inf,D:\Naveen\TT fault Data\Extra TT Fault Cases\2%\Phase_a_2%\2%_60% fault at 6_7.212\TTphaseAat2Loading60andFat7p212.infx,25000.0,250000,250001,7.212,6.0,faulty,2.0,A,60,60,True,TT_s2.0_pA_l60,50000,100000.0,180300.0,200300.0,110000,179800,180800.0,199800.0
TT_fault_Data_Extra_TT_Fault_Cases_2_Phase_a_2_2_60_fault_at_7_7_214,TT fault Data\Extra TT Fault Cases\2%\Phase_a_2%\2%_60% fault at 7_7.214,D:\Naveen\TT fault Data\Extra TT Fault Cases\2%\Phase_a_2%\2%_60% fault at 7_7.214\TTphaseAat2Loading60andFat7p214_03.out,D:\Naveen\TT fault Data\Extra TT Fault Cases\2%\Phase_a_2%\2%_60% fault at 7_7.214\TTphaseAat2Loading60andFat7p214_02.out,D:\Naveen\TT fault Data\Extra TT Fault Cases\2%\Phase_a_2%\2%_60% fault at 7_7.214\TTphaseAat2Loading60andFat7p214.inf,D:\Naveen\TT fault Data\Extra TT Fault Cases\2%\Phase_a_2%\2%_60% fault at 7_7.214\TTphaseAat2Loading60andFat7p214.infx,25000.0,250000,250001,7.214,7.0,faulty,2.0,A,60,60,True,TT_s2.0_pA_l60,50000,100000.0,180350.0,200350.0,110000,179850,180850.0,199850.0
TT_fault_Data_Extra_TT_Fault_Cases_2_Phase_a_2_2_60_fault_at_8_7_216,TT fault Data\Extra TT Fault Cases\2%\Phase_a_2%\2%_60% fault at 8_7.216,D:\Naveen\TT fault Data\Extra TT Fault Cases\2%\Phase_a_2%\2%_60% fault at 8_7.216\TTphaseAat2Loading60andFat7p216_03.out,D:\Naveen\TT fault Data\Extra TT Fault Cases\2%\Phase_a_2%\2%_60% fault at 8_7.216\TTphaseAat2Loading60andFat7p216_02.out,D:\Naveen\TT fault Data\Extra TT Fault Cases\2%\Phase_a_2%\2%_60% fault at 8_7.216\TTphaseAat2Loading60andFat7p216.inf,D:\Naveen\TT fault Data\Extra TT Fault Cases\2%\Phase_a_2%\2%_60% fault at 8_7.216\TTphaseAat2Loading60andFat7p216.infx,25000.0,250000,250001,7.216,8.0,faulty,2.0,A,60,60,True,TT_s2.0_pA_l60,50000,100000.0,180400.0,200400.0,110000,179900,180900.0,199900.0
TT_fault_Data_Extra_TT_Fault_Cases_2_Phase_a_2_2_60_fault_at_9_7_218,TT fault Data\Extra TT Fault Cases\2%\Phase_a_2%\2%_60% fault at 9_7.218,D:\Naveen\TT fault Data\Extra TT Fault Cases\2%\Phase_a_2%\2%_60% fault at 9_7.218\TTphaseAat2Loading60andFat7p218_03.out,D:\Naveen\TT fault Data\Extra TT Fault Cases\2%\Phase_a_2%\2%_60% fault at 9_7.218\TTphaseAat2Loading60andFat7p218_02.out,D:\Naveen\TT fault Data\Extra TT Fault Cases\2%\Phase_a_2%\2%_60% fault at 9_7.218\TTphaseAat2Loading60andFat7p218.inf,D:\Naveen\TT fault Data\Extra TT Fault Cases\2%\Phase_a_2%\2%_60% fault at 9_7.218\TTphaseAat2Loading60andFat7p218.infx,25000.0,250000,250001,7.218,9.0,faulty,2.0,A,60,60,True,TT_s2.0_pA_l60,50000,100000.0,180450.0,200450.0,110000,179950,180950.0,199950.0
TT_fault_Data_Extra_TT_Fault_Cases_2_Phase_b_2_2_60_fault_at_10_7_22,TT fault Data\Extra TT Fault Cases\2%\Phase_b_2%\2%_60% fault at 10_7.22,D:\Naveen\TT fault Data\Extra TT Fault Cases\2%\Phase_b_2%\2%_60% fault at 10_7.22\TTphaseBat2Loading60andFat7p22_03.out,D:\Naveen\TT fault Data\Extra TT Fault Cases\2%\Phase_b_2%\2%_60% fault at 10_7.22\TTphaseBat2Loading60andFat7p22_02.out,D:\Naveen\TT fault Data\Extra TT Fault Cases\2%\Phase_b_2%\2%_60% fault at 10_7.22\TTphaseBat2Loading60andFat7p22.inf,D:\Naveen\TT fault Data\Extra TT Fault Cases\2%\Phase_b_2%\2%_60% fault at 10_7.22\TTphaseBat2Loading60andFat7p22.infx,25000.0,250000,250001,7.22,10.0,faulty,2.0,B,60,60,True,TT_s2.0_pB_l60,50000,100000.0,180500.0,200500.0,110000,180000,181000.0,200000.0
TT_fault_Data_Extra_TT_Fault_Cases_2_Phase_b_2_2_60_fault_at_1_7_202,TT fault Data\Extra TT Fault Cases\2%\Phase_b_2%\2%_60% fault at 1_7.202,D:\Naveen\TT fault Data\Extra TT Fault Cases\2%\Phase_b_2%\2%_60% fault at 1_7.202\TTphaseBat2Loading60andFat7p202_03.out,D:\Naveen\TT fault Data\Extra TT Fault Cases\2%\Phase_b_2%\2%_60% fault at 1_7.202\TTphaseBat2Loading60andFat7p202_02.out,D:\Naveen\TT fault Data\Extra TT Fault Cases\2%\Phase_b_2%\2%_60% fault at 1_7.202\TTphaseBat2Loading60andFat7p202.inf,D:\Naveen\TT fault Data\Extra TT Fault Cases\2%\Phase_b_2%\2%_60% fault at 1_7.202\TTphaseBat2Loading60andFat7p202.infx,25000.0,250000,250001,7.202,1.0,faulty,2.0,B,60,60,True,TT_s2.0_pB_l60,50000,100000.0,180050.0,200050.0,110000,179550,180550.0,199550.0
TT_fault_Data_Extra_TT_Fault_Cases_2_Phase_b_2_2_60_fault_at_2_7_204,TT fault Data\Extra TT Fault Cases\2%\Phase_b_2%\2%_60% fault at 2_7.204,D:\Naveen\TT fault Data\Extra TT Fault Cases\2%\Phase_b_2%\2%_60% fault at 2_7.204\TTphaseBat2Loading60andFat7p204_03.out,D:\Naveen\TT fault Data\Extra TT Fault Cases\2%\Phase_b_2%\2%_60% fault at 2_7.204\TTphaseBat2Loading60andFat7p204_02.out,D:\Naveen\TT fault Data\Extra TT Fault Cases\2%\Phase_b_2%\2%_60% fault at 2_7.204\TTphaseBat2Loading60andFat7p204.inf,D:\Naveen\TT fault Data\Extra TT Fault Cases\2%\Phase_b_2%\2%_60% fault at 2_7.204\TTphaseBat2Loading60andFat7p204.infx,25000.0,250000,250001,7.204,2.0,faulty,2.0,B,60,60,True,TT_s2.0_pB_l60,50000,100000.0,180100.0,200100.0,110000,179600,180600.0,199600.0
TT_fault_Data_Extra_TT_Fault_Cases_2_Phase_b_2_2_60_fault_at_3_7_206,TT fault Data\Extra TT Fault Cases\2%\Phase_b_2%\2%_60% fault at 3_7.206,D:\Naveen\TT fault Data\Extra TT Fault Cases\2%\Phase_b_2%\2%_60% fault at 3_7.206\TTphaseBat2Loading60andFat7p206_03.out,D:\Naveen\TT fault Data\Extra TT Fault Cases\2%\Phase_b_2%\2%_60% fault at 3_7.206\TTphaseBat2Loading60andFat7p206_02.out,D:\Naveen\TT fault Data\Extra TT Fault Cases\2%\Phase_b_2%\2%_60% fault at 3_7.206\TTphaseBat2Loading60andFat7p206.inf,D:\Naveen\TT fault Data\Extra TT Fault Cases\2%\Phase_b_2%\2%_60% fault at 3_7.206\TTphaseBat2Loading60andFat7p206.infx,25000.0,250000,250001,7.206,3.0,faulty,2.0,B,60,60,True,TT_s2.0_pB_l60,50000,100000.0,180150.0,200150.0,110000,179650,180650.0,199650.0
TT_fault_Data_Extra_TT_Fault_Cases_2_Phase_b_2_2_60_fault_at_4_7_208,TT fault Data\Extra TT Fault Cases\2%\Phase_b_2%\2%_60% fault at 4_7.208,D:\Naveen\TT fault Data\Extra TT Fault Cases\2%\Phase_b_2%\2%_60% fault at 4_7.208\TTphaseBat2Loading60andFat7p208_03.out,D:\Naveen\TT fault Data\Extra TT Fault Cases\2%\Phase_b_2%\2%_60% fault at 4_7.208\TTphaseBat2Loading60andFat7p208_02.out,D:\Naveen\TT fault Data\Extra TT Fault Cases\2%\Phase_b_2%\2%_60% fault at 4_7.208\TTphaseBat2Loading60andFat7p208.inf,D:\Naveen\TT fault Data\Extra TT Fault Cases\2%\Phase_b_2%\2%_60% fault at 4_7.208\TTphaseBat2Loading60andFat7p208.infx,25000.0,250000,250001,7.208,4.0,faulty,2.0,B,60,60,True,TT_s2.0_pB_l60,50000,100000.0,180200.0,200200.0,110000,179700,180700.0,199700.0
TT_fault_Data_Extra_TT_Fault_Cases_2_Phase_b_2_2_60_fault_at_5_7_210,TT fault Data\Extra TT Fault Cases\2%\Phase_b_2%\2%_60% fault at 5_7.210,D:\Naveen\TT fault Data\Extra TT Fault Cases\2%\Phase_b_2%\2%_60% fault at 5_7.210\TTphaseBat2Loading60andFat7p210_03.out,D:\Naveen\TT fault Data\Extra TT Fault Cases\2%\Phase_b_2%\2%_60% fault at 5_7.210\TTphaseBat2Loading60andFat7p210_02.out,D:\Naveen\TT fault Data\Extra TT Fault Cases\2%\Phase_b_2%\2%_60% fault at 5_7.210\TTphaseBat2Loading60andFat7p210.inf,D:\Naveen\TT fault Data\Extra TT Fault Cases\2%\Phase_b_2%\2%_60% fault at 5_7.210\TTphaseBat2Loading60andFat7p210.infx,25000.0,250000,250001,7.21,5.0,faulty,2.0,B,60,60,True,TT_s2.0_pB_l60,50000,100000.0,180250.0,200250.0,110000,179750,180750.0,199750.0
TT_fault_Data_Extra_TT_Fault_Cases_2_Phase_b_2_2_60_fault_at_6_7_212,TT fault Data\Extra TT Fault Cases\2%\Phase_b_2%\2%_60% fault at 6_7.212,D:\Naveen\TT fault Data\Extra TT Fault Cases\2%\Phase_b_2%\2%_60% fault at 6_7.212\TTphaseBat2Loading60andFat7p212_03.out,D:\Naveen\TT fault Data\Extra TT Fault Cases\2%\Phase_b_2%\2%_60% fault at 6_7.212\TTphaseBat2Loading60andFat7p212_02.out,D:\Naveen\TT fault Data\Extra TT Fault Cases\2%\Phase_b_2%\2%_60% fault at 6_7.212\TTphaseBat2Loading60andFat7p212.inf,D:\Naveen\TT fault Data\Extra TT Fault Cases\2%\Phase_b_2%\2%_60% fault at 6_7.212\TTphaseBat2Loading60andFat7p212.infx,25000.0,250000,250001,7.212,6.0,faulty,2.0,B,60,60,True,TT_s2.0_pB_l60,50000,100000.0,180300.0,200300.0,110000,179800,180800.0,199800.0
TT_fault_Data_Extra_TT_Fault_Cases_2_Phase_b_2_2_60_fault_at_7_7_214,TT fault Data\Extra TT Fault Cases\2%\Phase_b_2%\2%_60% fault at 7_7.214,D:\Naveen\TT fault Data\Extra TT Fault Cases\2%\Phase_b_2%\2%_60% fault at 7_7.214\TTphaseBat2Loading60andFat7p214_03.out,D:\Naveen\TT fault Data\Extra TT Fault Cases\2%\Phase_b_2%\2%_60% fault at 7_7.214\TTphaseBat2Loading60andFat7p214_02.out,D:\Naveen\TT fault Data\Extra TT Fault Cases\2%\Phase_b_2%\2%_60% fault at 7_7.214\TTphaseBat2Loading60andFat7p214.inf,D:\Naveen\TT fault Data\Extra TT Fault Cases\2%\Phase_b_2%\2%_60% fault at 7_7.214\TTphaseBat2Loading60andFat7p214.infx,25000.0,250000,250001,7.214,7.0,faulty,2.0,B,60,60,True,TT_s2.0_pB_l60,50000,100000.0,180350.0,200350.0,110000,179850,180850.0,199850.0
TT_fault_Data_Extra_TT_Fault_Cases_2_Phase_b_2_2_60_fault_at_8_7_216,TT fault Data\Extra TT Fault Cases\2%\Phase_b_2%\2%_60% fault at 8_7.216,D:\Naveen\TT fault Data\Extra TT Fault Cases\2%\Phase_b_2%\2%_60% fault at 8_7.216\TTphaseBat2Loading60andFat7p216_03.out,D:\Naveen\TT fault Data\Extra TT Fault Cases\2%\Phase_b_2%\2%_60% fault at 8_7.216\TTphaseBat2Loading60andFat7p216_02.out,D:\Naveen\TT fault Data\Extra TT Fault Cases\2%\Phase_b_2%\2%_60% fault at 8_7.216\TTphaseBat2Loading60andFat7p216.inf,D:\Naveen\TT fault Data\Extra TT Fault Cases\2%\Phase_b_2%\2%_60% fault at 8_7.216\TTphaseBat2Loading60andFat7p216.infx,25000.0,250000,250001,7.216,8.0,faulty,2.0,B,60,60,True,TT_s2.0_pB_l60,50000,100000.0,180400.0,200400.0,110000,179900,180900.0,199900.0
TT_fault_Data_Extra_TT_Fault_Cases_2_Phase_b_2_2_60_fault_at_9_7_218,TT fault Data\Extra TT Fault Cases\2%\Phase_b_2%\2%_60% fault at 9_7.218,D:\Naveen\TT fault Data\Extra TT Fault Cases\2%\Phase_b_2%\2%_60% fault at 9_7.218\TTphaseBat2Loading60andFat7p218_03.out,D:\Naveen\TT fault Data\Extra TT Fault Cases\2%\Phase_b_2%\2%_60% fault at 9_7.218\TTphaseBat2Loading60andFat7p218_02.out,D:\Naveen\TT fault Data\Extra TT Fault Cases\2%\Phase_b_2%\2%_60% fault at 9_7.218\TTphaseBat2Loading60andFat7p218.inf,D:\Naveen\TT fault Data\Extra TT Fault Cases\2%\Phase_b_2%\2%_60% fault at 9_7.218\TTphaseBat2Loading60andFat7p218.infx,25000.0,250000,250001,7.218,9.0,faulty,2.0,B,60,60,True,TT_s2.0_pB_l60,50000,100000.0,180450.0,200450.0,110000,179950,180950.0,199950.0
TT_fault_Data_Extra_TT_Fault_Cases_2_Phase_c_2_2_60_fault_at_10_7_22,TT fault Data\Extra TT Fault Cases\2%\Phase_c_2%\2%_60% fault at 10_7.22,D:\Naveen\TT fault Data\Extra TT Fault Cases\2%\Phase_c_2%\2%_60% fault at 10_7.22\TTphaseCat2Loading60andFat7p22_03.out,D:\Naveen\TT fault Data\Extra TT Fault Cases\2%\Phase_c_2%\2%_60% fault at 10_7.22\TTphaseCat2Loading60andFat7p22_02.out,D:\Naveen\TT fault Data\Extra TT Fault Cases\2%\Phase_c_2%\2%_60% fault at 10_7.22\TTphaseCat2Loading60andFat7p22.inf,D:\Naveen\TT fault Data\Extra TT Fault Cases\2%\Phase_c_2%\2%_60% fault at 10_7.22\TTphaseCat2Loading60andFat7p22.infx,25000.0,250000,250001,7.22,10.0,faulty,2.0,C,60,60,True,TT_s2.0_pC_l60,50000,100000.0,180500.0,200500.0,110000,180000,181000.0,200000.0
TT_fault_Data_Extra_TT_Fault_Cases_2_Phase_c_2_2_60_fault_at_1_7_202,TT fault Data\Extra TT Fault Cases\2%\Phase_c_2%\2%_60% fault at 1_7.202,D:\Naveen\TT fault Data\Extra TT Fault Cases\2%\Phase_c_2%\2%_60% fault at 1_7.202\TTphaseCat2Loading60andFat7p202_03.out,D:\Naveen\TT fault Data\Extra TT Fault Cases\2%\Phase_c_2%\2%_60% fault at 1_7.202\TTphaseCat2Loading60andFat7p202_02.out,D:\Naveen\TT fault Data\Extra TT Fault Cases\2%\Phase_c_2%\2%_60% fault at 1_7.202\TTphaseCat2Loading60andFat7p202.inf,D:\Naveen\TT fault Data\Extra TT Fault Cases\2%\Phase_c_2%\2%_60% fault at 1_7.202\TTphaseCat2Loading60andFat7p202.infx,25000.0,250000,250001,7.202,1.0,faulty,2.0,C,60,60,True,TT_s2.0_pC_l60,50000,100000.0,180050.0,200050.0,110000,179550,180550.0,199550.0
TT_fault_Data_Extra_TT_Fault_Cases_2_Phase_c_2_2_60_fault_at_2_7_204,TT fault Data\Extra TT Fault Cases\2%\Phase_c_2%\2%_60% fault at 2_7.204,D:\Naveen\TT fault Data\Extra TT Fault Cases\2%\Phase_c_2%\2%_60% fault at 2_7.204\TTphaseCat2Loading60andFat7p204_03.out,D:\Naveen\TT fault Data\Extra TT Fault Cases\2%\Phase_c_2%\2%_60% fault at 2_7.204\TTphaseCat2Loading60andFat7p204_02.out,D:\Naveen\TT fault Data\Extra TT Fault Cases\2%\Phase_c_2%\2%_60% fault at 2_7.204\TTphaseCat2Loading60andFat7p204.inf,D:\Naveen\TT fault Data\Extra TT Fault Cases\2%\Phase_c_2%\2%_60% fault at 2_7.204\TTphaseCat2Loading60andFat7p204.infx,25000.0,250000,250001,7.204,2.0,faulty,2.0,C,60,60,True,TT_s2.0_pC_l60,50000,100000.0,180100.0,200100.0,110000,179600,180600.0,199600.0
TT_fault_Data_Extra_TT_Fault_Cases_2_Phase_c_2_2_60_fault_at_3_7_206,TT fault Data\Extra TT Fault Cases\2%\Phase_c_2%\2%_60% fault at 3_7.206,D:\Naveen\TT fault Data\Extra TT Fault Cases\2%\Phase_c_2%\2%_60% fault at 3_7.206\TTphaseCat2Loading60andFat7p206_03.out,D:\Naveen\TT fault Data\Extra TT Fault Cases\2%\Phase_c_2%\2%_60% fault at 3_7.206\TTphaseCat2Loading60andFat7p206_02.out,D:\Naveen\TT fault Data\Extra TT Fault Cases\2%\Phase_c_2%\2%_60% fault at 3_7.206\TTphaseCat2Loading60andFat7p206.inf,D:\Naveen\TT fault Data\Extra TT Fault Cases\2%\Phase_c_2%\2%_60% fault at 3_7.206\TTphaseCat2Loading60andFat7p206.infx,25000.0,250000,250001,7.206,3.0,faulty,2.0,C,60,60,True,TT_s2.0_pC_l60,50000,100000.0,180150.0,200150.0,110000,179650,180650.0,199650.0
TT_fault_Data_Extra_TT_Fault_Cases_2_Phase_c_2_2_60_fault_at_4_7_208,TT fault Data\Extra TT Fault Cases\2%\Phase_c_2%\2%_60% fault at 4_7.208,D:\Naveen\TT fault Data\Extra TT Fault Cases\2%\Phase_c_2%\2%_60% fault at 4_7.208\TTphaseCat2Loading60andFat7p208_03.out,D:\Naveen\TT fault Data\Extra TT Fault Cases\2%\Phase_c_2%\2%_60% fault at 4_7.208\TTphaseCat2Loading60andFat7p208_02.out,D:\Naveen\TT fault Data\Extra TT Fault Cases\2%\Phase_c_2%\2%_60% fault at 4_7.208\TTphaseCat2Loading60andFat7p208.inf,D:\Naveen\TT fault Data\Extra TT Fault Cases\2%\Phase_c_2%\2%_60% fault at 4_7.208\TTphaseCat2Loading60andFat7p208.infx,25000.0,250000,250001,7.208,4.0,faulty,2.0,C,60,60,True,TT_s2.0_pC_l60,50000,100000.0,180200.0,200200.0,110000,179700,180700.0,199700.0
TT_fault_Data_Extra_TT_Fault_Cases_2_Phase_c_2_2_60_fault_at_5_7_210,TT fault Data\Extra TT Fault Cases\2%\Phase_c_2%\2%_60% fault at 5_7.210,D:\Naveen\TT fault Data\Extra TT Fault Cases\2%\Phase_c_2%\2%_60% fault at 5_7.210\TTphaseCat2Loading60andFat7p210_03.out,D:\Naveen\TT fault Data\Extra TT Fault Cases\2%\Phase_c_2%\2%_60% fault at 5_7.210\TTphaseCat2Loading60andFat7p210_02.out,D:\Naveen\TT fault Data\Extra TT Fault Cases\2%\Phase_c_2%\2%_60% fault at 5_7.210\TTphaseCat2Loading60andFat7p210.inf,D:\Naveen\TT fault Data\Extra TT Fault Cases\2%\Phase_c_2%\2%_60% fault at 5_7.210\TTphaseCat2Loading60andFat7p210.infx,25000.0,250000,250001,7.21,5.0,faulty,2.0,C,60,60,True,TT_s2.0_pC_l60,50000,100000.0,180250.0,200250.0,110000,179750,180750.0,199750.0
TT_fault_Data_Extra_TT_Fault_Cases_2_Phase_c_2_2_60_fault_at_6_7_212,TT fault Data\Extra TT Fault Cases\2%\Phase_c_2%\2%_60% fault at 6_7.212,D:\Naveen\TT fault Data\Extra TT Fault Cases\2%\Phase_c_2%\2%_60% fault at 6_7.212\TTphaseCat2Loading60andFat7p212_03.out,D:\Naveen\TT fault Data\Extra TT Fault Cases\2%\Phase_c_2%\2%_60% fault at 6_7.212\TTphaseCat2Loading60andFat7p212_02.out,D:\Naveen\TT fault Data\Extra TT Fault Cases\2%\Phase_c_2%\2%_60% fault at 6_7.212\TTphaseCat2Loading60andFat7p212.inf,D:\Naveen\TT fault Data\Extra TT Fault Cases\2%\Phase_c_2%\2%_60% fault at 6_7.212\TTphaseCat2Loading60andFat7p212.infx,25000.0,250000,250001,7.212,6.0,faulty,2.0,C,60,60,True,TT_s2.0_pC_l60,50000,100000.0,180300.0,200300.0,110000,179800,180800.0,199800.0
TT_fault_Data_Extra_TT_Fault_Cases_2_Phase_c_2_2_60_fault_at_7_7_214,TT fault Data\Extra TT Fault Cases\2%\Phase_c_2%\2%_60% fault at 7_7.214,D:\Naveen\TT fault Data\Extra TT Fault Cases\2%\Phase_c_2%\2%_60% fault at 7_7.214\TTphaseCat2Loading60andFat7p214_03.out,D:\Naveen\TT fault Data\Extra TT Fault Cases\2%\Phase_c_2%\2%_60% fault at 7_7.214\TTphaseCat2Loading60andFat7p214_02.out,D:\Naveen\TT fault Data\Extra TT Fault Cases\2%\Phase_c_2%\2%_60% fault at 7_7.214\TTphaseCat2Loading60andFat7p214.inf,D:\Naveen\TT fault Data\Extra TT Fault Cases\2%\Phase_c_2%\2%_60% fault at 7_7.214\TTphaseCat2Loading60andFat7p214.infx,25000.0,250000,250001,7.214,7.0,faulty,2.0,C,60,60,True,TT_s2.0_pC_l60,50000,100000.0,180350.0,200350.0,110000,179850,180850.0,199850.0
TT_fault_Data_Extra_TT_Fault_Cases_2_Phase_c_2_2_60_fault_at_8_7_216,TT fault Data\Extra TT Fault Cases\2%\Phase_c_2%\2%_60% fault at 8_7.216,D:\Naveen\TT fault Data\Extra TT Fault Cases\2%\Phase_c_2%\2%_60% fault at 8_7.216\TTphaseCat2Loading60andFat7p216_03.out,D:\Naveen\TT fault Data\Extra TT Fault Cases\2%\Phase_c_2%\2%_60% fault at 8_7.216\TTphaseCat2Loading60andFat7p216_02.out,D:\Naveen\TT fault Data\Extra TT Fault Cases\2%\Phase_c_2%\2%_60% fault at 8_7.216\TTphaseCat2Loading60andFat7p216.inf,D:\Naveen\TT fault Data\Extra TT Fault Cases\2%\Phase_c_2%\2%_60% fault at 8_7.216\TTphaseCat2Loading60andFat7p216.infx,25000.0,250000,250001,7.216,8.0,faulty,2.0,C,60,60,True,TT_s2.0_pC_l60,50000,100000.0,180400.0,200400.0,110000,179900,180900.0,199900.0
TT_fault_Data_Extra_TT_Fault_Cases_2_Phase_c_2_2_60_fault_at_9_7_218,TT fault Data\Extra TT Fault Cases\2%\Phase_c_2%\2%_60% fault at 9_7.218,D:\Naveen\TT fault Data\Extra TT Fault Cases\2%\Phase_c_2%\2%_60% fault at 9_7.218\TTphaseCat2Loading60andFat7p218_03.out,D:\Naveen\TT fault Data\Extra TT Fault Cases\2%\Phase_c_2%\2%_60% fault at 9_7.218\TTphaseCat2Loading60andFat7p218_02.out,D:\Naveen\TT fault Data\Extra TT Fault Cases\2%\Phase_c_2%\2%_60% fault at 9_7.218\TTphaseCat2Loading60andFat7p218.inf,D:\Naveen\TT fault Data\Extra TT Fault Cases\2%\Phase_c_2%\2%_60% fault at 9_7.218\TTphaseCat2Loading60andFat7p218.infx,25000.0,250000,250001,7.218,9.0,faulty,2.0,C,60,60,True,TT_s2.0_pC_l60,50000,100000.0,180450.0,200450.0,110000,179950,180950.0,199950.0
TT_fault_Data_Extra_TT_Fault_Cases_3_Phase_a_3_3_80_fault_at_10_7_22,TT fault Data\Extra TT Fault Cases\3%\Phase_a_3%\3%_80% fault at 10_7.22,D:\Naveen\TT fault Data\Extra TT Fault Cases\3%\Phase_a_3%\3%_80% fault at 10_7.22\TTphaseAat3Loading80andFat7p22_03.out,D:\Naveen\TT fault Data\Extra TT Fault Cases\3%\Phase_a_3%\3%_80% fault at 10_7.22\TTphaseAat3Loading80andFat7p22_02.out,D:\Naveen\TT fault Data\Extra TT Fault Cases\3%\Phase_a_3%\3%_80% fault at 10_7.22\TTphaseAat3Loading80andFat7p22.inf,D:\Naveen\TT fault Data\Extra TT Fault Cases\3%\Phase_a_3%\3%_80% fault at 10_7.22\TTphaseAat3Loading80andFat7p22.infx,25000.0,250000,250001,7.22,10.0,faulty,3.0,A,80,80,True,TT_s3.0_pA_l80,50000,100000.0,180500.0,200500.0,110000,180000,181000.0,200000.0
TT_fault_Data_Extra_TT_Fault_Cases_3_Phase_a_3_3_80_fault_at_1_7_202,TT fault Data\Extra TT Fault Cases\3%\Phase_a_3%\3%_80% fault at 1_7.202,D:\Naveen\TT fault Data\Extra TT Fault Cases\3%\Phase_a_3%\3%_80% fault at 1_7.202\TTphaseAat3Loading80andFat7p202_03.out,D:\Naveen\TT fault Data\Extra TT Fault Cases\3%\Phase_a_3%\3%_80% fault at 1_7.202\TTphaseAat3Loading80andFat7p202_02.out,D:\Naveen\TT fault Data\Extra TT Fault Cases\3%\Phase_a_3%\3%_80% fault at 1_7.202\TTphaseAat3Loading80andFat7p202.inf,D:\Naveen\TT fault Data\Extra TT Fault Cases\3%\Phase_a_3%\3%_80% fault at 1_7.202\TTphaseAat3Loading80andFat7p202.infx,25000.0,250000,250001,7.202,1.0,faulty,3.0,A,80,80,True,TT_s3.0_pA_l80,50000,100000.0,180050.0,200050.0,110000,179550,180550.0,199550.0
TT_fault_Data_Extra_TT_Fault_Cases_3_Phase_a_3_3_80_fault_at_2_7_204,TT fault Data\Extra TT Fault Cases\3%\Phase_a_3%\3%_80% fault at 2_7.204,D:\Naveen\TT fault Data\Extra TT Fault Cases\3%\Phase_a_3%\3%_80% fault at 2_7.204\TTphaseAat3Loading80andFat7p204_03.out,D:\Naveen\TT fault Data\Extra TT Fault Cases\3%\Phase_a_3%\3%_80% fault at 2_7.204\TTphaseAat3Loading80andFat7p204_02.out,D:\Naveen\TT fault Data\Extra TT Fault Cases\3%\Phase_a_3%\3%_80% fault at 2_7.204\TTphaseAat3Loading80andFat7p204.inf,D:\Naveen\TT fault Data\Extra TT Fault Cases\3%\Phase_a_3%\3%_80% fault at 2_7.204\TTphaseAat3Loading80andFat7p204.infx,25000.0,250000,250001,7.204,2.0,faulty,3.0,A,80,80,True,TT_s3.0_pA_l80,50000,100000.0,180100.0,200100.0,110000,179600,180600.0,199600.0
TT_fault_Data_Extra_TT_Fault_Cases_3_Phase_a_3_3_80_fault_at_3_7_206,TT fault Data\Extra TT Fault Cases\3%\Phase_a_3%\3%_80% fault at 3_7.206,D:\Naveen\TT fault Data\Extra TT Fault Cases\3%\Phase_a_3%\3%_80% fault at 3_7.206\TTphaseAat3Loading80andFat7p206_03.out,D:\Naveen\TT fault Data\Extra TT Fault Cases\3%\Phase_a_3%\3%_80% fault at 3_7.206\TTphaseAat3Loading80andFat7p206_02.out,D:\Naveen\TT fault Data\Extra TT Fault Cases\3%\Phase_a_3%\3%_80% fault at 3_7.206\TTphaseAat3Loading80andFat7p206.inf,D:\Naveen\TT fault Data\Extra TT Fault Cases\3%\Phase_a_3%\3%_80% fault at 3_7.206\TTphaseAat3Loading80andFat7p206.infx,25000.0,250000,250001,7.206,3.0,faulty,3.0,A,80,80,True,TT_s3.0_pA_l80,50000,100000.0,180150.0,200150.0,110000,179650,180650.0,199650.0
TT_fault_Data_Extra_TT_Fault_Cases_3_Phase_a_3_3_80_fault_at_4_7_208,TT fault Data\Extra TT Fault Cases\3%\Phase_a_3%\3%_80% fault at 4_7.208,D:\Naveen\TT fault Data\Extra TT Fault Cases\3%\Phase_a_3%\3%_80% fault at 4_7.208\TTphaseAat3Loading80andFat7p208_03.out,D:\Naveen\TT fault Data\Extra TT Fault Cases\3%\Phase_a_3%\3%_80% fault at 4_7.208\TTphaseAat3Loading80andFat7p208_02.out,D:\Naveen\TT fault Data\Extra TT Fault Cases\3%\Phase_a_3%\3%_80% fault at 4_7.208\TTphaseAat3Loading80andFat7p208.inf,D:\Naveen\TT fault Data\Extra TT Fault Cases\3%\Phase_a_3%\3%_80% fault at 4_7.208\TTphaseAat3Loading80andFat7p208.infx,25000.0,250000,250001,7.208,4.0,faulty,3.0,A,80,80,True,TT_s3.0_pA_l80,50000,100000.0,180200.0,200200.0,110000,179700,180700.0,199700.0
TT_fault_Data_Extra_TT_Fault_Cases_3_Phase_a_3_3_80_fault_at_5_7_210,TT fault Data\Extra TT Fault Cases\3%\Phase_a_3%\3%_80% fault at 5_7.210,D:\Naveen\TT fault Data\Extra TT Fault Cases\3%\Phase_a_3%\3%_80% fault at 5_7.210\TTphaseAat3Loading80andFat7p210_03.out,D:\Naveen\TT fault Data\Extra TT Fault Cases\3%\Phase_a_3%\3%_80% fault at 5_7.210\TTphaseAat3Loading80andFat7p210_02.out,D:\Naveen\TT fault Data\Extra TT Fault Cases\3%\Phase_a_3%\3%_80% fault at 5_7.210\TTphaseAat3Loading80andFat7p210.inf,D:\Naveen\TT fault Data\Extra TT Fault Cases\3%\Phase_a_3%\3%_80% fault at 5_7.210\TTphaseAat3Loading80andFat7p210.infx,25000.0,250000,250001,7.21,5.0,faulty,3.0,A,80,80,True,TT_s3.0_pA_l80,50000,100000.0,180250.0,200250.0,110000,179750,180750.0,199750.0
TT_fault_Data_Extra_TT_Fault_Cases_3_Phase_a_3_3_80_fault_at_6_7_212,TT fault Data\Extra TT Fault Cases\3%\Phase_a_3%\3%_80% fault at 6_7.212,D:\Naveen\TT fault Data\Extra TT Fault Cases\3%\Phase_a_3%\3%_80% fault at 6_7.212\TTphaseAat3Loading80andFat7p212_03.out,D:\Naveen\TT fault Data\Extra TT Fault Cases\3%\Phase_a_3%\3%_80% fault at 6_7.212\TTphaseAat3Loading80andFat7p212_02.out,D:\Naveen\TT fault Data\Extra TT Fault Cases\3%\Phase_a_3%\3%_80% fault at 6_7.212\TTphaseAat3Loading80andFat7p212.inf,D:\Naveen\TT fault Data\Extra TT Fault Cases\3%\Phase_a_3%\3%_80% fault at 6_7.212\TTphaseAat3Loading80andFat7p212.infx,25000.0,250000,250001,7.212,6.0,faulty,3.0,A,80,80,True,TT_s3.0_pA_l80,50000,100000.0,180300.0,200300.0,110000,179800,180800.0,199800.0
TT_fault_Data_Extra_TT_Fault_Cases_3_Phase_a_3_3_80_fault_at_7_7_214,TT fault Data\Extra TT Fault Cases\3%\Phase_a_3%\3%_80% fault at 7_7.214,D:\Naveen\TT fault Data\Extra TT Fault Cases\3%\Phase_a_3%\3%_80% fault at 7_7.214\TTphaseAat3Loading80andFat7p214_03.out,D:\Naveen\TT fault Data\Extra TT Fault Cases\3%\Phase_a_3%\3%_80% fault at 7_7.214\TTphaseAat3Loading80andFat7p214_02.out,D:\Naveen\TT fault Data\Extra TT Fault Cases\3%\Phase_a_3%\3%_80% fault at 7_7.214\TTphaseAat3Loading80andFat7p214.inf,D:\Naveen\TT fault Data\Extra TT Fault Cases\3%\Phase_a_3%\3%_80% fault at 7_7.214\TTphaseAat3Loading80andFat7p214.infx,25000.0,250000,250001,7.214,7.0,faulty,3.0,A,80,80,True,TT_s3.0_pA_l80,50000,100000.0,180350.0,200350.0,110000,179850,180850.0,199850.0
TT_fault_Data_Extra_TT_Fault_Cases_3_Phase_a_3_3_80_fault_at_8_7_216,TT fault Data\Extra TT Fault Cases\3%\Phase_a_3%\3%_80% fault at 8_7.216,D:\Naveen\TT fault Data\Extra TT Fault Cases\3%\Phase_a_3%\3%_80% fault at 8_7.216\TTphaseAat3Loading80andFat7p216_03.out,D:\Naveen\TT fault Data\Extra TT Fault Cases\3%\Phase_a_3%\3%_80% fault at 8_7.216\TTphaseAat3Loading80andFat7p216_02.out,D:\Naveen\TT fault Data\Extra TT Fault Cases\3%\Phase_a_3%\3%_80% fault at 8_7.216\TTphaseAat3Loading80andFat7p216.inf,D:\Naveen\TT fault Data\Extra TT Fault Cases\3%\Phase_a_3%\3%_80% fault at 8_7.216\TTphaseAat3Loading80andFat7p216.infx,25000.0,250000,250001,7.216,8.0,faulty,3.0,A,80,80,True,TT_s3.0_pA_l80,50000,100000.0,180400.0,200400.0,110000,179900,180900.0,199900.0
TT_fault_Data_Extra_TT_Fault_Cases_3_Phase_a_3_3_80_fault_at_9_7_218,TT fault Data\Extra TT Fault Cases\3%\Phase_a_3%\3%_80% fault at 9_7.218,D:\Naveen\TT fault Data\Extra TT Fault Cases\3%\Phase_a_3%\3%_80% fault at 9_7.218\TTphaseAat3Loading80andFat7p218_03.out,D:\Naveen\TT fault Data\Extra TT Fault Cases\3%\Phase_a_3%\3%_80% fault at 9_7.218\TTphaseAat3Loading80andFat7p218_02.out,D:\Naveen\TT fault Data\Extra TT Fault Cases\3%\Phase_a_3%\3%_80% fault at 9_7.218\TTphaseAat3Loading80andFat7p218.inf,D:\Naveen\TT fault Data\Extra TT Fault Cases\3%\Phase_a_3%\3%_80% fault at 9_7.218\TTphaseAat3Loading80andFat7p218.infx,25000.0,250000,250001,7.218,9.0,faulty,3.0,A,80,80,True,TT_s3.0_pA_l80,50000,100000.0,180450.0,200450.0,110000,179950,180950.0,199950.0
TT_fault_Data_Extra_TT_Fault_Cases_3_Phase_b_3_3_80_fault_at_10_7_22,TT fault Data\Extra TT Fault Cases\3%\Phase_b_3%\3%_80% fault at 10_7.22,D:\Naveen\TT fault Data\Extra TT Fault Cases\3%\Phase_b_3%\3%_80% fault at 10_7.22\TTphaseBat3Loading80andFat7p220_03.out,D:\Naveen\TT fault Data\Extra TT Fault Cases\3%\Phase_b_3%\3%_80% fault at 10_7.22\TTphaseBat3Loading80andFat7p220_02.out,D:\Naveen\TT fault Data\Extra TT Fault Cases\3%\Phase_b_3%\3%_80% fault at 10_7.22\TTphaseBat3Loading80andFat7p220.inf,D:\Naveen\TT fault Data\Extra TT Fault Cases\3%\Phase_b_3%\3%_80% fault at 10_7.22\TTphaseBat3Loading80andFat7p220.infx,25000.0,250000,250001,7.22,10.0,faulty,3.0,B,80,80,True,TT_s3.0_pB_l80,50000,100000.0,180500.0,200500.0,110000,180000,181000.0,200000.0
TT_fault_Data_Extra_TT_Fault_Cases_3_Phase_b_3_3_80_fault_at_1_7_202,TT fault Data\Extra TT Fault Cases\3%\Phase_b_3%\3%_80% fault at 1_7.202,D:\Naveen\TT fault Data\Extra TT Fault Cases\3%\Phase_b_3%\3%_80% fault at 1_7.202\TTphaseBat3Loading80andFat7p202_03.out,D:\Naveen\TT fault Data\Extra TT Fault Cases\3%\Phase_b_3%\3%_80% fault at 1_7.202\TTphaseBat3Loading80andFat7p202_02.out,D:\Naveen\TT fault Data\Extra TT Fault Cases\3%\Phase_b_3%\3%_80% fault at 1_7.202\TTphaseBat3Loading80andFat7p202.inf,D:\Naveen\TT fault Data\Extra TT Fault Cases\3%\Phase_b_3%\3%_80% fault at 1_7.202\TTphaseBat3Loading80andFat7p202.infx,25000.0,250000,250001,7.202,1.0,faulty,3.0,B,80,80,True,TT_s3.0_pB_l80,50000,100000.0,180050.0,200050.0,110000,179550,180550.0,199550.0
TT_fault_Data_Extra_TT_Fault_Cases_3_Phase_b_3_3_80_fault_at_2_7_204,TT fault Data\Extra TT Fault Cases\3%\Phase_b_3%\3%_80% fault at 2_7.204,D:\Naveen\TT fault Data\Extra TT Fault Cases\3%\Phase_b_3%\3%_80% fault at 2_7.204\TTphaseBat3Loading80andFat7p204_03.out,D:\Naveen\TT fault Data\Extra TT Fault Cases\3%\Phase_b_3%\3%_80% fault at 2_7.204\TTphaseBat3Loading80andFat7p204_02.out,D:\Naveen\TT fault Data\Extra TT Fault Cases\3%\Phase_b_3%\3%_80% fault at 2_7.204\TTphaseBat3Loading80andFat7p204.inf,D:\Naveen\TT fault Data\Extra TT Fault Cases\3%\Phase_b_3%\3%_80% fault at 2_7.204\TTphaseBat3Loading80andFat7p204.infx,25000.0,250000,250001,7.204,2.0,faulty,3.0,B,80,80,True,TT_s3.0_pB_l80,50000,100000.0,180100.0,200100.0,110000,179600,180600.0,199600.0
TT_fault_Data_Extra_TT_Fault_Cases_3_Phase_b_3_3_80_fault_at_3_7_206,TT fault Data\Extra TT Fault Cases\3%\Phase_b_3%\3%_80% fault at 3_7.206,D:\Naveen\TT fault Data\Extra TT Fault Cases\3%\Phase_b_3%\3%_80% fault at 3_7.206\TTphaseBat3Loading80andFat7p206_03.out,D:\Naveen\TT fault Data\Extra TT Fault Cases\3%\Phase_b_3%\3%_80% fault at 3_7.206\TTphaseBat3Loading80andFat7p206_02.out,D:\Naveen\TT fault Data\Extra TT Fault Cases\3%\Phase_b_3%\3%_80% fault at 3_7.206\TTphaseBat3Loading80andFat7p206.inf,D:\Naveen\TT fault Data\Extra TT Fault Cases\3%\Phase_b_3%\3%_80% fault at 3_7.206\TTphaseBat3Loading80andFat7p206.infx,25000.0,250000,250001,7.206,3.0,faulty,3.0,B,80,80,True,TT_s3.0_pB_l80,50000,100000.0,180150.0,200150.0,110000,179650,180650.0,199650.0
TT_fault_Data_Extra_TT_Fault_Cases_3_Phase_b_3_3_80_fault_at_4_7_208,TT fault Data\Extra TT Fault Cases\3%\Phase_b_3%\3%_80% fault at 4_7.208,D:\Naveen\TT fault Data\Extra TT Fault Cases\3%\Phase_b_3%\3%_80% fault at 4_7.208\TTphaseBat3Loading80andFat7p208_03.out,D:\Naveen\TT fault Data\Extra TT Fault Cases\3%\Phase_b_3%\3%_80% fault at 4_7.208\TTphaseBat3Loading80andFat7p208_02.out,D:\Naveen\TT fault Data\Extra TT Fault Cases\3%\Phase_b_3%\3%_80% fault at 4_7.208\TTphaseBat3Loading80andFat7p208.inf,D:\Naveen\TT fault Data\Extra TT Fault Cases\3%\Phase_b_3%\3%_80% fault at 4_7.208\TTphaseBat3Loading80andFat7p208.infx,25000.0,250000,250001,7.208,4.0,faulty,3.0,B,80,80,True,TT_s3.0_pB_l80,50000,100000.0,180200.0,200200.0,110000,179700,180700.0,199700.0
TT_fault_Data_Extra_TT_Fault_Cases_3_Phase_b_3_3_80_fault_at_5_7_210,TT fault Data\Extra TT Fault Cases\3%\Phase_b_3%\3%_80% fault at 5_7.210,D:\Naveen\TT fault Data\Extra TT Fault Cases\3%\Phase_b_3%\3%_80% fault at 5_7.210\TTphaseBat3Loading80andFat7p210_03.out,D:\Naveen\TT fault Data\Extra TT Fault Cases\3%\Phase_b_3%\3%_80% fault at 5_7.210\TTphaseBat3Loading80andFat7p210_02.out,D:\Naveen\TT fault Data\Extra TT Fault Cases\3%\Phase_b_3%\3%_80% fault at 5_7.210\TTphaseBat3Loading80andFat7p210.inf,D:\Naveen\TT fault Data\Extra TT Fault Cases\3%\Phase_b_3%\3%_80% fault at 5_7.210\TTphaseBat3Loading80andFat7p210.infx,25000.0,250000,250001,7.21,5.0,faulty,3.0,B,80,80,True,TT_s3.0_pB_l80,50000,100000.0,180250.0,200250.0,110000,179750,180750.0,199750.0
TT_fault_Data_Extra_TT_Fault_Cases_3_Phase_b_3_3_80_fault_at_6_7_212,TT fault Data\Extra TT Fault Cases\3%\Phase_b_3%\3%_80% fault at 6_7.212,D:\Naveen\TT fault Data\Extra TT Fault Cases\3%\Phase_b_3%\3%_80% fault at 6_7.212\TTphaseBat3Loading80andFat7p212_03.out,D:\Naveen\TT fault Data\Extra TT Fault Cases\3%\Phase_b_3%\3%_80% fault at 6_7.212\TTphaseBat3Loading80andFat7p212_02.out,D:\Naveen\TT fault Data\Extra TT Fault Cases\3%\Phase_b_3%\3%_80% fault at 6_7.212\TTphaseBat3Loading80andFat7p212.inf,D:\Naveen\TT fault Data\Extra TT Fault Cases\3%\Phase_b_3%\3%_80% fault at 6_7.212\TTphaseBat3Loading80andFat7p212.infx,25000.0,250000,250001,7.212,6.0,faulty,3.0,B,80,80,True,TT_s3.0_pB_l80,50000,100000.0,180300.0,200300.0,110000,179800,180800.0,199800.0
TT_fault_Data_Extra_TT_Fault_Cases_3_Phase_b_3_3_80_fault_at_7_7_214,TT fault Data\Extra TT Fault Cases\3%\Phase_b_3%\3%_80% fault at 7_7.214,D:\Naveen\TT fault Data\Extra TT Fault Cases\3%\Phase_b_3%\3%_80% fault at 7_7.214\TTphaseBat3Loading80andFat7p214_03.out,D:\Naveen\TT fault Data\Extra TT Fault Cases\3%\Phase_b_3%\3%_80% fault at 7_7.214\TTphaseBat3Loading80andFat7p214_02.out,D:\Naveen\TT fault Data\Extra TT Fault Cases\3%\Phase_b_3%\3%_80% fault at 7_7.214\TTphaseBat3Loading80andFat7p214.inf,D:\Naveen\TT fault Data\Extra TT Fault Cases\3%\Phase_b_3%\3%_80% fault at 7_7.214\TTphaseBat3Loading80andFat7p214.infx,25000.0,250000,250001,7.214,7.0,faulty,3.0,B,80,80,True,TT_s3.0_pB_l80,50000,100000.0,180350.0,200350.0,110000,179850,180850.0,199850.0
TT_fault_Data_Extra_TT_Fault_Cases_3_Phase_b_3_3_80_fault_at_8_7_216,TT fault Data\Extra TT Fault Cases\3%\Phase_b_3%\3%_80% fault at 8_7.216,D:\Naveen\TT fault Data\Extra TT Fault Cases\3%\Phase_b_3%\3%_80% fault at 8_7.216\TTphaseBat3Loading80andFat7p216_03.out,D:\Naveen\TT fault Data\Extra TT Fault Cases\3%\Phase_b_3%\3%_80% fault at 8_7.216\TTphaseBat3Loading80andFat7p216_02.out,D:\Naveen\TT fault Data\Extra TT Fault Cases\3%\Phase_b_3%\3%_80% fault at 8_7.216\TTphaseBat3Loading80andFat7p216.inf,D:\Naveen\TT fault Data\Extra TT Fault Cases\3%\Phase_b_3%\3%_80% fault at 8_7.216\TTphaseBat3Loading80andFat7p216.infx,25000.0,250000,250001,7.216,8.0,faulty,3.0,B,80,80,True,TT_s3.0_pB_l80,50000,100000.0,180400.0,200400.0,110000,179900,180900.0,199900.0
TT_fault_Data_Extra_TT_Fault_Cases_3_Phase_b_3_3_80_fault_at_9_7_218,TT fault Data\Extra TT Fault Cases\3%\Phase_b_3%\3%_80% fault at 9_7.218,D:\Naveen\TT fault Data\Extra TT Fault Cases\3%\Phase_b_3%\3%_80% fault at 9_7.218\TTphaseBat3Loading80andFat7p218_03.out,D:\Naveen\TT fault Data\Extra TT Fault Cases\3%\Phase_b_3%\3%_80% fault at 9_7.218\TTphaseBat3Loading80andFat7p218_02.out,D:\Naveen\TT fault Data\Extra TT Fault Cases\3%\Phase_b_3%\3%_80% fault at 9_7.218\TTphaseBat3Loading80andFat7p218.inf,D:\Naveen\TT fault Data\Extra TT Fault Cases\3%\Phase_b_3%\3%_80% fault at 9_7.218\TTphaseBat3Loading80andFat7p218.infx,25000.0,250000,250001,7.218,9.0,faulty,3.0,B,80,80,True,TT_s3.0_pB_l80,50000,100000.0,180450.0,200450.0,110000,179950,180950.0,199950.0
TT_fault_Data_Extra_TT_Fault_Cases_3_Phase_c_3_3_80_fault_at_10_7_22,TT fault Data\Extra TT Fault Cases\3%\Phase_c_3%\3%_80% fault at 10_7.22,D:\Naveen\TT fault Data\Extra TT Fault Cases\3%\Phase_c_3%\3%_80% fault at 10_7.22\TTphaseCat3Loading80andFat7p22_03.out,D:\Naveen\TT fault Data\Extra TT Fault Cases\3%\Phase_c_3%\3%_80% fault at 10_7.22\TTphaseCat3Loading80andFat7p22_02.out,D:\Naveen\TT fault Data\Extra TT Fault Cases\3%\Phase_c_3%\3%_80% fault at 10_7.22\TTphaseCat3Loading80andFat7p22.inf,D:\Naveen\TT fault Data\Extra TT Fault Cases\3%\Phase_c_3%\3%_80% fault at 10_7.22\TTphaseCat3Loading80andFat7p22.infx,25000.0,250000,250001,7.22,10.0,faulty,3.0,C,80,80,True,TT_s3.0_pC_l80,50000,100000.0,180500.0,200500.0,110000,180000,181000.0,200000.0
TT_fault_Data_Extra_TT_Fault_Cases_3_Phase_c_3_3_80_fault_at_1_7_202,TT fault Data\Extra TT Fault Cases\3%\Phase_c_3%\3%_80% fault at 1_7.202,D:\Naveen\TT fault Data\Extra TT Fault Cases\3%\Phase_c_3%\3%_80% fault at 1_7.202\TTphaseCat3Loading80andFat7p202_03.out,D:\Naveen\TT fault Data\Extra TT Fault Cases\3%\Phase_c_3%\3%_80% fault at 1_7.202\TTphaseCat3Loading80andFat7p202_02.out,D:\Naveen\TT fault Data\Extra TT Fault Cases\3%\Phase_c_3%\3%_80% fault at 1_7.202\TTphaseCat3Loading80andFat7p202.inf,D:\Naveen\TT fault Data\Extra TT Fault Cases\3%\Phase_c_3%\3%_80% fault at 1_7.202\TTphaseCat3Loading80andFat7p202.infx,25000.0,250000,250001,7.202,1.0,faulty,3.0,C,80,80,True,TT_s3.0_pC_l80,50000,100000.0,180050.0,200050.0,110000,179550,180550.0,199550.0
TT_fault_Data_Extra_TT_Fault_Cases_3_Phase_c_3_3_80_fault_at_2_7_204,TT fault Data\Extra TT Fault Cases\3%\Phase_c_3%\3%_80% fault at 2_7.204,D:\Naveen\TT fault Data\Extra TT Fault Cases\3%\Phase_c_3%\3%_80% fault at 2_7.204\TTphaseCat3Loading80andFat7p204_03.out,D:\Naveen\TT fault Data\Extra TT Fault Cases\3%\Phase_c_3%\3%_80% fault at 2_7.204\TTphaseCat3Loading80andFat7p204_02.out,D:\Naveen\TT fault Data\Extra TT Fault Cases\3%\Phase_c_3%\3%_80% fault at 2_7.204\TTphaseCat3Loading80andFat7p204.inf,D:\Naveen\TT fault Data\Extra TT Fault Cases\3%\Phase_c_3%\3%_80% fault at 2_7.204\TTphaseCat3Loading80andFat7p204.infx,25000.0,250000,250001,7.204,2.0,faulty,3.0,C,80,80,True,TT_s3.0_pC_l80,50000,100000.0,180100.0,200100.0,110000,179600,180600.0,199600.0
TT_fault_Data_Extra_TT_Fault_Cases_3_Phase_c_3_3_80_fault_at_3_7_206,TT fault Data\Extra TT Fault Cases\3%\Phase_c_3%\3%_80% fault at 3_7.206,D:\Naveen\TT fault Data\Extra TT Fault Cases\3%\Phase_c_3%\3%_80% fault at 3_7.206\TTphaseCat3Loading80andFat7p206_03.out,D:\Naveen\TT fault Data\Extra TT Fault Cases\3%\Phase_c_3%\3%_80% fault at 3_7.206\TTphaseCat3Loading80andFat7p206_02.out,D:\Naveen\TT fault Data\Extra TT Fault Cases\3%\Phase_c_3%\3%_80% fault at 3_7.206\TTphaseCat3Loading80andFat7p206.inf,D:\Naveen\TT fault Data\Extra TT Fault Cases\3%\Phase_c_3%\3%_80% fault at 3_7.206\TTphaseCat3Loading80andFat7p206.infx,25000.0,250000,250001,7.206,3.0,faulty,3.0,C,80,80,True,TT_s3.0_pC_l80,50000,100000.0,180150.0,200150.0,110000,179650,180650.0,199650.0
TT_fault_Data_Extra_TT_Fault_Cases_3_Phase_c_3_3_80_fault_at_4_7_208,TT fault Data\Extra TT Fault Cases\3%\Phase_c_3%\3%_80% fault at 4_7.208,D:\Naveen\TT fault Data\Extra TT Fault Cases\3%\Phase_c_3%\3%_80% fault at 4_7.208\TTphaseCat3Loading80andFat7p208_03.out,D:\Naveen\TT fault Data\Extra TT Fault Cases\3%\Phase_c_3%\3%_80% fault at 4_7.208\TTphaseCat3Loading80andFat7p208_02.out,D:\Naveen\TT fault Data\Extra TT Fault Cases\3%\Phase_c_3%\3%_80% fault at 4_7.208\TTphaseCat3Loading80andFat7p208.inf,D:\Naveen\TT fault Data\Extra TT Fault Cases\3%\Phase_c_3%\3%_80% fault at 4_7.208\TTphaseCat3Loading80andFat7p208.infx,25000.0,250000,250001,7.208,4.0,faulty,3.0,C,80,80,True,TT_s3.0_pC_l80,50000,100000.0,180200.0,200200.0,110000,179700,180700.0,199700.0
TT_fault_Data_Extra_TT_Fault_Cases_3_Phase_c_3_3_80_fault_at_5_7_210,TT fault Data\Extra TT Fault Cases\3%\Phase_c_3%\3%_80% fault at 5_7.210,D:\Naveen\TT fault Data\Extra TT Fault Cases\3%\Phase_c_3%\3%_80% fault at 5_7.210\TTphaseCat3Loading80andFat7p210_03.out,D:\Naveen\TT fault Data\Extra TT Fault Cases\3%\Phase_c_3%\3%_80% fault at 5_7.210\TTphaseCat3Loading80andFat7p210_02.out,D:\Naveen\TT fault Data\Extra TT Fault Cases\3%\Phase_c_3%\3%_80% fault at 5_7.210\TTphaseCat3Loading80andFat7p210.inf,D:\Naveen\TT fault Data\Extra TT Fault Cases\3%\Phase_c_3%\3%_80% fault at 5_7.210\TTphaseCat3Loading80andFat7p210.infx,25000.0,250000,250001,7.21,5.0,faulty,3.0,C,80,80,True,TT_s3.0_pC_l80,50000,100000.0,180250.0,200250.0,110000,179750,180750.0,199750.0
TT_fault_Data_Extra_TT_Fault_Cases_3_Phase_c_3_3_80_fault_at_6_7_212,TT fault Data\Extra TT Fault Cases\3%\Phase_c_3%\3%_80% fault at 6_7.212,D:\Naveen\TT fault Data\Extra TT Fault Cases\3%\Phase_c_3%\3%_80% fault at 6_7.212\TTphaseCat3Loading80andFat7p212_03.out,D:\Naveen\TT fault Data\Extra TT Fault Cases\3%\Phase_c_3%\3%_80% fault at 6_7.212\TTphaseCat3Loading80andFat7p212_02.out,D:\Naveen\TT fault Data\Extra TT Fault Cases\3%\Phase_c_3%\3%_80% fault at 6_7.212\TTphaseCat3Loading80andFat7p212.inf,D:\Naveen\TT fault Data\Extra TT Fault Cases\3%\Phase_c_3%\3%_80% fault at 6_7.212\TTphaseCat3Loading80andFat7p212.infx,25000.0,250000,250001,7.212,6.0,faulty,3.0,C,80,80,True,TT_s3.0_pC_l80,50000,100000.0,180300.0,200300.0,110000,179800,180800.0,199800.0
TT_fault_Data_Extra_TT_Fault_Cases_3_Phase_c_3_3_80_fault_at_7_7_214,TT fault Data\Extra TT Fault Cases\3%\Phase_c_3%\3%_80% fault at 7_7.214,D:\Naveen\TT fault Data\Extra TT Fault Cases\3%\Phase_c_3%\3%_80% fault at 7_7.214\TTphaseCat3Loading80andFat7p214_03.out,D:\Naveen\TT fault Data\Extra TT Fault Cases\3%\Phase_c_3%\3%_80% fault at 7_7.214\TTphaseCat3Loading80andFat7p214_02.out,D:\Naveen\TT fault Data\Extra TT Fault Cases\3%\Phase_c_3%\3%_80% fault at 7_7.214\TTphaseCat3Loading80andFat7p214.inf,D:\Naveen\TT fault Data\Extra TT Fault Cases\3%\Phase_c_3%\3%_80% fault at 7_7.214\TTphaseCat3Loading80andFat7p214.infx,25000.0,250000,250001,7.214,7.0,faulty,3.0,C,80,80,True,TT_s3.0_pC_l80,50000,100000.0,180350.0,200350.0,110000,179850,180850.0,199850.0
TT_fault_Data_Extra_TT_Fault_Cases_3_Phase_c_3_3_80_fault_at_8_7_216,TT fault Data\Extra TT Fault Cases\3%\Phase_c_3%\3%_80% fault at 8_7.216,D:\Naveen\TT fault Data\Extra TT Fault Cases\3%\Phase_c_3%\3%_80% fault at 8_7.216\TTphaseCat3Loading80andFat7p216_03.out,D:\Naveen\TT fault Data\Extra TT Fault Cases\3%\Phase_c_3%\3%_80% fault at 8_7.216\TTphaseCat3Loading80andFat7p216_02.out,D:\Naveen\TT fault Data\Extra TT Fault Cases\3%\Phase_c_3%\3%_80% fault at 8_7.216\TTphaseCat3Loading80andFat7p216.inf,D:\Naveen\TT fault Data\Extra TT Fault Cases\3%\Phase_c_3%\3%_80% fault at 8_7.216\TTphaseCat3Loading80andFat7p216.infx,25000.0,250000,250001,7.216,8.0,faulty,3.0,C,80,80,True,TT_s3.0_pC_l80,50000,100000.0,180400.0,200400.0,110000,179900,180900.0,199900.0
TT_fault_Data_Extra_TT_Fault_Cases_3_Phase_c_3_3_80_fault_at_9_7_218,TT fault Data\Extra TT Fault Cases\3%\Phase_c_3%\3%_80% fault at 9_7.218,D:\Naveen\TT fault Data\Extra TT Fault Cases\3%\Phase_c_3%\3%_80% fault at 9_7.218\TTphaseCat3Loading80andFat7p218_03.out,D:\Naveen\TT fault Data\Extra TT Fault Cases\3%\Phase_c_3%\3%_80% fault at 9_7.218\TTphaseCat3Loading80andFat7p218_02.out,D:\Naveen\TT fault Data\Extra TT Fault Cases\3%\Phase_c_3%\3%_80% fault at 9_7.218\TTphaseCat3Loading80andFat7p218.inf,D:\Naveen\TT fault Data\Extra TT Fault Cases\3%\Phase_c_3%\3%_80% fault at 9_7.218\TTphaseCat3Loading80andFat7p218.infx,25000.0,250000,250001,7.218,9.0,faulty,3.0,C,80,80,True,TT_s3.0_pC_l80,50000,100000.0,180450.0,200450.0,110000,179950,180950.0,199950.0
TT_fault_Data_Extra_TT_Fault_Cases_4_Phase_a_4_4_100_fault_at_10_7_22,TT fault Data\Extra TT Fault Cases\4%\Phase_a_4%\4%_100% fault at 10_7.22,D:\Naveen\TT fault Data\Extra TT Fault Cases\4%\Phase_a_4%\4%_100% fault at 10_7.22\TTphaseAat4Loading100andFat7p22_03.out,D:\Naveen\TT fault Data\Extra TT Fault Cases\4%\Phase_a_4%\4%_100% fault at 10_7.22\TTphaseAat4Loading100andFat7p22_02.out,D:\Naveen\TT fault Data\Extra TT Fault Cases\4%\Phase_a_4%\4%_100% fault at 10_7.22\TTphaseAat4Loading100andFat7p22.inf,D:\Naveen\TT fault Data\Extra TT Fault Cases\4%\Phase_a_4%\4%_100% fault at 10_7.22\TTphaseAat4Loading100andFat7p22.infx,25000.0,250000,250001,7.22,10.0,faulty,4.0,A,100,100,True,TT_s4.0_pA_l100,50000,100000.0,180500.0,200500.0,110000,180000,181000.0,200000.0
TT_fault_Data_Extra_TT_Fault_Cases_4_Phase_a_4_4_100_fault_at_1_7_202,TT fault Data\Extra TT Fault Cases\4%\Phase_a_4%\4%_100% fault at 1_7.202,D:\Naveen\TT fault Data\Extra TT Fault Cases\4%\Phase_a_4%\4%_100% fault at 1_7.202\TTphaseAat4Loading100andFat7p202_03.out,D:\Naveen\TT fault Data\Extra TT Fault Cases\4%\Phase_a_4%\4%_100% fault at 1_7.202\TTphaseAat4Loading100andFat7p202_02.out,D:\Naveen\TT fault Data\Extra TT Fault Cases\4%\Phase_a_4%\4%_100% fault at 1_7.202\TTphaseAat4Loading100andFat7p202.inf,D:\Naveen\TT fault Data\Extra TT Fault Cases\4%\Phase_a_4%\4%_100% fault at 1_7.202\TTphaseAat4Loading100andFat7p202.infx,25000.0,250000,250001,7.202,1.0,faulty,4.0,A,100,100,True,TT_s4.0_pA_l100,50000,100000.0,180050.0,200050.0,110000,179550,180550.0,199550.0
TT_fault_Data_Extra_TT_Fault_Cases_4_Phase_a_4_4_100_fault_at_2_7_204,TT fault Data\Extra TT Fault Cases\4%\Phase_a_4%\4%_100% fault at 2_7.204,D:\Naveen\TT fault Data\Extra TT Fault Cases\4%\Phase_a_4%\4%_100% fault at 2_7.204\TTphaseAat4Loading100andFat7p204_03.out,D:\Naveen\TT fault Data\Extra TT Fault Cases\4%\Phase_a_4%\4%_100% fault at 2_7.204\TTphaseAat4Loading100andFat7p204_02.out,D:\Naveen\TT fault Data\Extra TT Fault Cases\4%\Phase_a_4%\4%_100% fault at 2_7.204\TTphaseAat4Loading100andFat7p204.inf,D:\Naveen\TT fault Data\Extra TT Fault Cases\4%\Phase_a_4%\4%_100% fault at 2_7.204\TTphaseAat4Loading100andFat7p204.infx,25000.0,250000,250001,7.204,2.0,faulty,4.0,A,100,100,True,TT_s4.0_pA_l100,50000,100000.0,180100.0,200100.0,110000,179600,180600.0,199600.0
TT_fault_Data_Extra_TT_Fault_Cases_4_Phase_a_4_4_100_fault_at_3_7_206,TT fault Data\Extra TT Fault Cases\4%\Phase_a_4%\4%_100% fault at 3_7.206,D:\Naveen\TT fault Data\Extra TT Fault Cases\4%\Phase_a_4%\4%_100% fault at 3_7.206\TTphaseAat4Loading100andFat7p206_03.out,D:\Naveen\TT fault Data\Extra TT Fault Cases\4%\Phase_a_4%\4%_100% fault at 3_7.206\TTphaseAat4Loading100andFat7p206_02.out,D:\Naveen\TT fault Data\Extra TT Fault Cases\4%\Phase_a_4%\4%_100% fault at 3_7.206\TTphaseAat4Loading100andFat7p206.inf,D:\Naveen\TT fault Data\Extra TT Fault Cases\4%\Phase_a_4%\4%_100% fault at 3_7.206\TTphaseAat4Loading100andFat7p206.infx,25000.0,250000,250001,7.206,3.0,faulty,4.0,A,100,100,True,TT_s4.0_pA_l100,50000,100000.0,180150.0,200150.0,110000,179650,180650.0,199650.0
TT_fault_Data_Extra_TT_Fault_Cases_4_Phase_a_4_4_100_fault_at_4_7_208,TT fault Data\Extra TT Fault Cases\4%\Phase_a_4%\4%_100% fault at 4_7.208,D:\Naveen\TT fault Data\Extra TT Fault Cases\4%\Phase_a_4%\4%_100% fault at 4_7.208\TTphaseAat4Loading100andFat7p208_03.out,D:\Naveen\TT fault Data\Extra TT Fault Cases\4%\Phase_a_4%\4%_100% fault at 4_7.208\TTphaseAat4Loading100andFat7p208_02.out,D:\Naveen\TT fault Data\Extra TT Fault Cases\4%\Phase_a_4%\4%_100% fault at 4_7.208\TTphaseAat4Loading100andFat7p208.inf,D:\Naveen\TT fault Data\Extra TT Fault Cases\4%\Phase_a_4%\4%_100% fault at 4_7.208\TTphaseAat4Loading100andFat7p208.infx,25000.0,250000,250001,7.208,4.0,faulty,4.0,A,100,100,True,TT_s4.0_pA_l100,50000,100000.0,180200.0,200200.0,110000,179700,180700.0,199700.0
TT_fault_Data_Extra_TT_Fault_Cases_4_Phase_a_4_4_100_fault_at_5_7_210,TT fault Data\Extra TT Fault Cases\4%\Phase_a_4%\4%_100% fault at 5_7.210,D:\Naveen\TT fault Data\Extra TT Fault Cases\4%\Phase_a_4%\4%_100% fault at 5_7.210\TTphaseAat4Loading100andFat7p210_03.out,D:\Naveen\TT fault Data\Extra TT Fault Cases\4%\Phase_a_4%\4%_100% fault at 5_7.210\TTphaseAat4Loading100andFat7p210_02.out,D:\Naveen\TT fault Data\Extra TT Fault Cases\4%\Phase_a_4%\4%_100% fault at 5_7.210\TTphaseAat4Loading100andFat7p210.inf,D:\Naveen\TT fault Data\Extra TT Fault Cases\4%\Phase_a_4%\4%_100% fault at 5_7.210\TTphaseAat4Loading100andFat7p210.infx,25000.0,250000,250001,7.21,5.0,faulty,4.0,A,100,100,True,TT_s4.0_pA_l100,50000,100000.0,180250.0,200250.0,110000,179750,180750.0,199750.0
TT_fault_Data_Extra_TT_Fault_Cases_4_Phase_a_4_4_100_fault_at_6_7_212,TT fault Data\Extra TT Fault Cases\4%\Phase_a_4%\4%_100% fault at 6_7.212,D:\Naveen\TT fault Data\Extra TT Fault Cases\4%\Phase_a_4%\4%_100% fault at 6_7.212\TTphaseAat4Loading100andFat7p212_03.out,D:\Naveen\TT fault Data\Extra TT Fault Cases\4%\Phase_a_4%\4%_100% fault at 6_7.212\TTphaseAat4Loading100andFat7p212_02.out,D:\Naveen\TT fault Data\Extra TT Fault Cases\4%\Phase_a_4%\4%_100% fault at 6_7.212\TTphaseAat4Loading100andFat7p212.inf,D:\Naveen\TT fault Data\Extra TT Fault Cases\4%\Phase_a_4%\4%_100% fault at 6_7.212\TTphaseAat4Loading100andFat7p212.infx,25000.0,250000,250001,7.212,6.0,faulty,4.0,A,100,100,True,TT_s4.0_pA_l100,50000,100000.0,180300.0,200300.0,110000,179800,180800.0,199800.0
TT_fault_Data_Extra_TT_Fault_Cases_4_Phase_a_4_4_100_fault_at_7_7_214,TT fault Data\Extra TT Fault Cases\4%\Phase_a_4%\4%_100% fault at 7_7.214,D:\Naveen\TT fault Data\Extra TT Fault Cases\4%\Phase_a_4%\4%_100% fault at 7_7.214\TTphaseAat4Loading100andFat7p214_03.out,D:\Naveen\TT fault Data\Extra TT Fault Cases\4%\Phase_a_4%\4%_100% fault at 7_7.214\TTphaseAat4Loading100andFat7p214_02.out,D:\Naveen\TT fault Data\Extra TT Fault Cases\4%\Phase_a_4%\4%_100% fault at 7_7.214\TTphaseAat4Loading100andFat7p214.inf,D:\Naveen\TT fault Data\Extra TT Fault Cases\4%\Phase_a_4%\4%_100% fault at 7_7.214\TTphaseAat4Loading100andFat7p214.infx,25000.0,250000,250001,7.214,7.0,faulty,4.0,A,100,100,True,TT_s4.0_pA_l100,50000,100000.0,180350.0,200350.0,110000,179850,180850.0,199850.0
TT_fault_Data_Extra_TT_Fault_Cases_4_Phase_a_4_4_100_fault_at_8_7_216,TT fault Data\Extra TT Fault Cases\4%\Phase_a_4%\4%_100% fault at 8_7.216,D:\Naveen\TT fault Data\Extra TT Fault Cases\4%\Phase_a_4%\4%_100% fault at 8_7.216\TTphaseAat4Loading100andFat7p216_03.out,D:\Naveen\TT fault Data\Extra TT Fault Cases\4%\Phase_a_4%\4%_100% fault at 8_7.216\TTphaseAat4Loading100andFat7p216_02.out,D:\Naveen\TT fault Data\Extra TT Fault Cases\4%\Phase_a_4%\4%_100% fault at 8_7.216\TTphaseAat4Loading100andFat7p216.inf,D:\Naveen\TT fault Data\Extra TT Fault Cases\4%\Phase_a_4%\4%_100% fault at 8_7.216\TTphaseAat4Loading100andFat7p216.infx,25000.0,250000,250001,7.216,8.0,faulty,4.0,A,100,100,True,TT_s4.0_pA_l100,50000,100000.0,180400.0,200400.0,110000,179900,180900.0,199900.0
TT_fault_Data_Extra_TT_Fault_Cases_4_Phase_a_4_4_100_fault_at_9_7_218,TT fault Data\Extra TT Fault Cases\4%\Phase_a_4%\4%_100% fault at 9_7.218,D:\Naveen\TT fault Data\Extra TT Fault Cases\4%\Phase_a_4%\4%_100% fault at 9_7.218\TTphaseAat4Loading100andFat7p218_03.out,D:\Naveen\TT fault Data\Extra TT Fault Cases\4%\Phase_a_4%\4%_100% fault at 9_7.218\TTphaseAat4Loading100andFat7p218_02.out,D:\Naveen\TT fault Data\Extra TT Fault Cases\4%\Phase_a_4%\4%_100% fault at 9_7.218\TTphaseAat4Loading100andFat7p218.inf,D:\Naveen\TT fault Data\Extra TT Fault Cases\4%\Phase_a_4%\4%_100% fault at 9_7.218\TTphaseAat4Loading100andFat7p218.infx,25000.0,250000,250001,7.218,9.0,faulty,4.0,A,100,100,True,TT_s4.0_pA_l100,50000,100000.0,180450.0,200450.0,110000,179950,180950.0,199950.0
TT_fault_Data_Extra_TT_Fault_Cases_4_Phase_b_4_4_100_fault_at_10_7_22,TT fault Data\Extra TT Fault Cases\4%\Phase_b_4%\4%_100% fault at 10_7.22,D:\Naveen\TT fault Data\Extra TT Fault Cases\4%\Phase_b_4%\4%_100% fault at 10_7.22\TTphaseBat4Loading100andFat7p22_03.out,D:\Naveen\TT fault Data\Extra TT Fault Cases\4%\Phase_b_4%\4%_100% fault at 10_7.22\TTphaseBat4Loading100andFat7p22_02.out,D:\Naveen\TT fault Data\Extra TT Fault Cases\4%\Phase_b_4%\4%_100% fault at 10_7.22\TTphaseBat4Loading100andFat7p22.inf,D:\Naveen\TT fault Data\Extra TT Fault Cases\4%\Phase_b_4%\4%_100% fault at 10_7.22\TTphaseBat4Loading100andFat7p22.infx,25000.0,250000,250001,7.22,10.0,faulty,4.0,B,100,100,True,TT_s4.0_pB_l100,50000,100000.0,180500.0,200500.0,110000,180000,181000.0,200000.0
TT_fault_Data_Extra_TT_Fault_Cases_4_Phase_b_4_4_100_fault_at_1_7_202,TT fault Data\Extra TT Fault Cases\4%\Phase_b_4%\4%_100% fault at 1_7.202,D:\Naveen\TT fault Data\Extra TT Fault Cases\4%\Phase_b_4%\4%_100% fault at 1_7.202\TTphaseBat4Loading100andFat7p202_03.out,D:\Naveen\TT fault Data\Extra TT Fault Cases\4%\Phase_b_4%\4%_100% fault at 1_7.202\TTphaseBat4Loading100andFat7p202_02.out,D:\Naveen\TT fault Data\Extra TT Fault Cases\4%\Phase_b_4%\4%_100% fault at 1_7.202\TTphaseBat4Loading100andFat7p202.inf,D:\Naveen\TT fault Data\Extra TT Fault Cases\4%\Phase_b_4%\4%_100% fault at 1_7.202\TTphaseBat4Loading100andFat7p202.infx,25000.0,250000,250001,7.202,1.0,faulty,4.0,B,100,100,True,TT_s4.0_pB_l100,50000,100000.0,180050.0,200050.0,110000,179550,180550.0,199550.0
TT_fault_Data_Extra_TT_Fault_Cases_4_Phase_b_4_4_100_fault_at_2_7_204,TT fault Data\Extra TT Fault Cases\4%\Phase_b_4%\4%_100% fault at 2_7.204,D:\Naveen\TT fault Data\Extra TT Fault Cases\4%\Phase_b_4%\4%_100% fault at 2_7.204\TTphaseBat4Loading100andFat7p204_03.out,D:\Naveen\TT fault Data\Extra TT Fault Cases\4%\Phase_b_4%\4%_100% fault at 2_7.204\TTphaseBat4Loading100andFat7p204_02.out,D:\Naveen\TT fault Data\Extra TT Fault Cases\4%\Phase_b_4%\4%_100% fault at 2_7.204\TTphaseBat4Loading100andFat7p204.inf,D:\Naveen\TT fault Data\Extra TT Fault Cases\4%\Phase_b_4%\4%_100% fault at 2_7.204\TTphaseBat4Loading100andFat7p204.infx,25000.0,250000,250001,7.204,2.0,faulty,4.0,B,100,100,True,TT_s4.0_pB_l100,50000,100000.0,180100.0,200100.0,110000,179600,180600.0,199600.0
TT_fault_Data_Extra_TT_Fault_Cases_4_Phase_b_4_4_100_fault_at_3_7_206,TT fault Data\Extra TT Fault Cases\4%\Phase_b_4%\4%_100% fault at 3_7.206,D:\Naveen\TT fault Data\Extra TT Fault Cases\4%\Phase_b_4%\4%_100% fault at 3_7.206\TTphaseBat4Loading100andFat7p206_03.out,D:\Naveen\TT fault Data\Extra TT Fault Cases\4%\Phase_b_4%\4%_100% fault at 3_7.206\TTphaseBat4Loading100andFat7p206_02.out,D:\Naveen\TT fault Data\Extra TT Fault Cases\4%\Phase_b_4%\4%_100% fault at 3_7.206\TTphaseBat4Loading100andFat7p206.inf,D:\Naveen\TT fault Data\Extra TT Fault Cases\4%\Phase_b_4%\4%_100% fault at 3_7.206\TTphaseBat4Loading100andFat7p206.infx,25000.0,250000,250001,7.206,3.0,faulty,4.0,B,100,100,True,TT_s4.0_pB_l100,50000,100000.0,180150.0,200150.0,110000,179650,180650.0,199650.0
TT_fault_Data_Extra_TT_Fault_Cases_4_Phase_b_4_4_100_fault_at_4_7_208,TT fault Data\Extra TT Fault Cases\4%\Phase_b_4%\4%_100% fault at 4_7.208,D:\Naveen\TT fault Data\Extra TT Fault Cases\4%\Phase_b_4%\4%_100% fault at 4_7.208\TTphaseBat4Loading100andFat7p208_03.out,D:\Naveen\TT fault Data\Extra TT Fault Cases\4%\Phase_b_4%\4%_100% fault at 4_7.208\TTphaseBat4Loading100andFat7p208_02.out,D:\Naveen\TT fault Data\Extra TT Fault Cases\4%\Phase_b_4%\4%_100% fault at 4_7.208\TTphaseBat4Loading100andFat7p208.inf,D:\Naveen\TT fault Data\Extra TT Fault Cases\4%\Phase_b_4%\4%_100% fault at 4_7.208\TTphaseBat4Loading100andFat7p208.infx,25000.0,250000,250001,7.208,4.0,faulty,4.0,B,100,100,True,TT_s4.0_pB_l100,50000,100000.0,180200.0,200200.0,110000,179700,180700.0,199700.0
TT_fault_Data_Extra_TT_Fault_Cases_4_Phase_b_4_4_100_fault_at_5_7_210,TT fault Data\Extra TT Fault Cases\4%\Phase_b_4%\4%_100% fault at 5_7.210,D:\Naveen\TT fault Data\Extra TT Fault Cases\4%\Phase_b_4%\4%_100% fault at 5_7.210\TTphaseBat4Loading100andFat7p210_03.out,D:\Naveen\TT fault Data\Extra TT Fault Cases\4%\Phase_b_4%\4%_100% fault at 5_7.210\TTphaseBat4Loading100andFat7p210_02.out,D:\Naveen\TT fault Data\Extra TT Fault Cases\4%\Phase_b_4%\4%_100% fault at 5_7.210\TTphaseBat4Loading100andFat7p210.inf,D:\Naveen\TT fault Data\Extra TT Fault Cases\4%\Phase_b_4%\4%_100% fault at 5_7.210\TTphaseBat4Loading100andFat7p210.infx,25000.0,250000,250001,7.21,5.0,faulty,4.0,B,100,100,True,TT_s4.0_pB_l100,50000,100000.0,180250.0,200250.0,110000,179750,180750.0,199750.0
TT_fault_Data_Extra_TT_Fault_Cases_4_Phase_b_4_4_100_fault_at_6_7_212,TT fault Data\Extra TT Fault Cases\4%\Phase_b_4%\4%_100% fault at 6_7.212,D:\Naveen\TT fault Data\Extra TT Fault Cases\4%\Phase_b_4%\4%_100% fault at 6_7.212\TTphaseBat4Loading100andFat7p212_03.out,D:\Naveen\TT fault Data\Extra TT Fault Cases\4%\Phase_b_4%\4%_100% fault at 6_7.212\TTphaseBat4Loading100andFat7p212_02.out,D:\Naveen\TT fault Data\Extra TT Fault Cases\4%\Phase_b_4%\4%_100% fault at 6_7.212\TTphaseBat4Loading100andFat7p212.inf,D:\Naveen\TT fault Data\Extra TT Fault Cases\4%\Phase_b_4%\4%_100% fault at 6_7.212\TTphaseBat4Loading100andFat7p212.infx,25000.0,250000,250001,7.212,6.0,faulty,4.0,B,100,100,True,TT_s4.0_pB_l100,50000,100000.0,180300.0,200300.0,110000,179800,180800.0,199800.0
TT_fault_Data_Extra_TT_Fault_Cases_4_Phase_b_4_4_100_fault_at_7_7_214,TT fault Data\Extra TT Fault Cases\4%\Phase_b_4%\4%_100% fault at 7_7.214,D:\Naveen\TT fault Data\Extra TT Fault Cases\4%\Phase_b_4%\4%_100% fault at 7_7.214\TTphaseBat4Loading100andFat7p214_03.out,D:\Naveen\TT fault Data\Extra TT Fault Cases\4%\Phase_b_4%\4%_100% fault at 7_7.214\TTphaseBat4Loading100andFat7p214_02.out,D:\Naveen\TT fault Data\Extra TT Fault Cases\4%\Phase_b_4%\4%_100% fault at 7_7.214\TTphaseBat4Loading100andFat7p214.inf,D:\Naveen\TT fault Data\Extra TT Fault Cases\4%\Phase_b_4%\4%_100% fault at 7_7.214\TTphaseBat4Loading100andFat7p214.infx,25000.0,250000,250001,7.214,7.0,faulty,4.0,B,100,100,True,TT_s4.0_pB_l100,50000,100000.0,180350.0,200350.0,110000,179850,180850.0,199850.0
TT_fault_Data_Extra_TT_Fault_Cases_4_Phase_b_4_4_100_fault_at_8_7_216,TT fault Data\Extra TT Fault Cases\4%\Phase_b_4%\4%_100% fault at 8_7.216,D:\Naveen\TT fault Data\Extra TT Fault Cases\4%\Phase_b_4%\4%_100% fault at 8_7.216\TTphaseBat4Loading100andFat7p216_03.out,D:\Naveen\TT fault Data\Extra TT Fault Cases\4%\Phase_b_4%\4%_100% fault at 8_7.216\TTphaseBat4Loading100andFat7p216_02.out,D:\Naveen\TT fault Data\Extra TT Fault Cases\4%\Phase_b_4%\4%_100% fault at 8_7.216\TTphaseBat4Loading100andFat7p216.inf,D:\Naveen\TT fault Data\Extra TT Fault Cases\4%\Phase_b_4%\4%_100% fault at 8_7.216\TTphaseBat4Loading100andFat7p216.infx,25000.0,250000,250001,7.216,8.0,faulty,4.0,B,100,100,True,TT_s4.0_pB_l100,50000,100000.0,180400.0,200400.0,110000,179900,180900.0,199900.0
TT_fault_Data_Extra_TT_Fault_Cases_4_Phase_b_4_4_100_fault_at_9_7_218,TT fault Data\Extra TT Fault Cases\4%\Phase_b_4%\4%_100% fault at 9_7.218,D:\Naveen\TT fault Data\Extra TT Fault Cases\4%\Phase_b_4%\4%_100% fault at 9_7.218\TTphaseBat4Loading100andFat7p218_03.out,D:\Naveen\TT fault Data\Extra TT Fault Cases\4%\Phase_b_4%\4%_100% fault at 9_7.218\TTphaseBat4Loading100andFat7p218_02.out,D:\Naveen\TT fault Data\Extra TT Fault Cases\4%\Phase_b_4%\4%_100% fault at 9_7.218\TTphaseBat4Loading100andFat7p218.inf,D:\Naveen\TT fault Data\Extra TT Fault Cases\4%\Phase_b_4%\4%_100% fault at 9_7.218\TTphaseBat4Loading100andFat7p218.infx,25000.0,250000,250001,7.218,9.0,faulty,4.0,B,100,100,True,TT_s4.0_pB_l100,50000,100000.0,180450.0,200450.0,110000,179950,180950.0,199950.0
TT_fault_Data_Extra_TT_Fault_Cases_4_Phase_c_4_4_100_fault_at_10_7_22,TT fault Data\Extra TT Fault Cases\4%\Phase_c_4%\4%_100% fault at 10_7.22,D:\Naveen\TT fault Data\Extra TT Fault Cases\4%\Phase_c_4%\4%_100% fault at 10_7.22\TTphaseCat4Loading100andFat7p22_03.out,D:\Naveen\TT fault Data\Extra TT Fault Cases\4%\Phase_c_4%\4%_100% fault at 10_7.22\TTphaseCat4Loading100andFat7p22_02.out,D:\Naveen\TT fault Data\Extra TT Fault Cases\4%\Phase_c_4%\4%_100% fault at 10_7.22\TTphaseCat4Loading100andFat7p22.inf,D:\Naveen\TT fault Data\Extra TT Fault Cases\4%\Phase_c_4%\4%_100% fault at 10_7.22\TTphaseCat4Loading100andFat7p22.infx,25000.0,250000,250001,7.22,10.0,faulty,4.0,C,100,100,True,TT_s4.0_pC_l100,50000,100000.0,180500.0,200500.0,110000,180000,181000.0,200000.0
TT_fault_Data_Extra_TT_Fault_Cases_4_Phase_c_4_4_100_fault_at_1_7_202,TT fault Data\Extra TT Fault Cases\4%\Phase_c_4%\4%_100% fault at 1_7.202,D:\Naveen\TT fault Data\Extra TT Fault Cases\4%\Phase_c_4%\4%_100% fault at 1_7.202\TTphaseCat4Loading100andFat7p202_03.out,D:\Naveen\TT fault Data\Extra TT Fault Cases\4%\Phase_c_4%\4%_100% fault at 1_7.202\TTphaseCat4Loading100andFat7p202_02.out,D:\Naveen\TT fault Data\Extra TT Fault Cases\4%\Phase_c_4%\4%_100% fault at 1_7.202\TTphaseCat4Loading100andFat7p202.inf,D:\Naveen\TT fault Data\Extra TT Fault Cases\4%\Phase_c_4%\4%_100% fault at 1_7.202\TTphaseCat4Loading100andFat7p202.infx,25000.0,250000,250001,7.202,1.0,faulty,4.0,C,100,100,True,TT_s4.0_pC_l100,50000,100000.0,180050.0,200050.0,110000,179550,180550.0,199550.0
TT_fault_Data_Extra_TT_Fault_Cases_4_Phase_c_4_4_100_fault_at_2_7_204,TT fault Data\Extra TT Fault Cases\4%\Phase_c_4%\4%_100% fault at 2_7.204,D:\Naveen\TT fault Data\Extra TT Fault Cases\4%\Phase_c_4%\4%_100% fault at 2_7.204\TTphaseCat4Loading100andFat7p204_03.out,D:\Naveen\TT fault Data\Extra TT Fault Cases\4%\Phase_c_4%\4%_100% fault at 2_7.204\TTphaseCat4Loading100andFat7p204_02.out,D:\Naveen\TT fault Data\Extra TT Fault Cases\4%\Phase_c_4%\4%_100% fault at 2_7.204\TTphaseCat4Loading100andFat7p204.inf,D:\Naveen\TT fault Data\Extra TT Fault Cases\4%\Phase_c_4%\4%_100% fault at 2_7.204\TTphaseCat4Loading100andFat7p204.infx,25000.0,250000,250001,7.204,2.0,faulty,4.0,C,100,100,True,TT_s4.0_pC_l100,50000,100000.0,180100.0,200100.0,110000,179600,180600.0,199600.0
TT_fault_Data_Extra_TT_Fault_Cases_4_Phase_c_4_4_100_fault_at_3_7_206,TT fault Data\Extra TT Fault Cases\4%\Phase_c_4%\4%_100% fault at 3_7.206,D:\Naveen\TT fault Data\Extra TT Fault Cases\4%\Phase_c_4%\4%_100% fault at 3_7.206\TTphaseCat4Loading100andFat7p206_03.out,D:\Naveen\TT fault Data\Extra TT Fault Cases\4%\Phase_c_4%\4%_100% fault at 3_7.206\TTphaseCat4Loading100andFat7p206_02.out,D:\Naveen\TT fault Data\Extra TT Fault Cases\4%\Phase_c_4%\4%_100% fault at 3_7.206\TTphaseCat4Loading100andFat7p206.inf,D:\Naveen\TT fault Data\Extra TT Fault Cases\4%\Phase_c_4%\4%_100% fault at 3_7.206\TTphaseCat4Loading100andFat7p206.infx,25000.0,250000,250001,7.206,3.0,faulty,4.0,C,100,100,True,TT_s4.0_pC_l100,50000,100000.0,180150.0,200150.0,110000,179650,180650.0,199650.0
TT_fault_Data_Extra_TT_Fault_Cases_4_Phase_c_4_4_100_fault_at_4_7_208,TT fault Data\Extra TT Fault Cases\4%\Phase_c_4%\4%_100% fault at 4_7.208,D:\Naveen\TT fault Data\Extra TT Fault Cases\4%\Phase_c_4%\4%_100% fault at 4_7.208\TTphaseCat4Loading100andFat7p208_03.out,D:\Naveen\TT fault Data\Extra TT Fault Cases\4%\Phase_c_4%\4%_100% fault at 4_7.208\TTphaseCat4Loading100andFat7p208_02.out,D:\Naveen\TT fault Data\Extra TT Fault Cases\4%\Phase_c_4%\4%_100% fault at 4_7.208\TTphaseCat4Loading100andFat7p208.inf,D:\Naveen\TT fault Data\Extra TT Fault Cases\4%\Phase_c_4%\4%_100% fault at 4_7.208\TTphaseCat4Loading100andFat7p208.infx,25000.0,250000,250001,7.208,4.0,faulty,4.0,C,100,100,True,TT_s4.0_pC_l100,50000,100000.0,180200.0,200200.0,110000,179700,180700.0,199700.0
TT_fault_Data_Extra_TT_Fault_Cases_4_Phase_c_4_4_100_fault_at_5_7_210,TT fault Data\Extra TT Fault Cases\4%\Phase_c_4%\4%_100% fault at 5_7.210,D:\Naveen\TT fault Data\Extra TT Fault Cases\4%\Phase_c_4%\4%_100% fault at 5_7.210\TTphaseCat4Loading100andFat7p21_03.out,D:\Naveen\TT fault Data\Extra TT Fault Cases\4%\Phase_c_4%\4%_100% fault at 5_7.210\TTphaseCat4Loading100andFat7p21_02.out,D:\Naveen\TT fault Data\Extra TT Fault Cases\4%\Phase_c_4%\4%_100% fault at 5_7.210\TTphaseCat4Loading100andFat7p21.inf,D:\Naveen\TT fault Data\Extra TT Fault Cases\4%\Phase_c_4%\4%_100% fault at 5_7.210\TTphaseCat4Loading100andFat7p21.infx,25000.0,250000,250001,7.21,5.0,faulty,4.0,C,100,100,True,TT_s4.0_pC_l100,50000,100000.0,180250.0,200250.0,110000,179750,180750.0,199750.0
TT_fault_Data_Extra_TT_Fault_Cases_4_Phase_c_4_4_100_fault_at_6_7_212,TT fault Data\Extra TT Fault Cases\4%\Phase_c_4%\4%_100% fault at 6_7.212,D:\Naveen\TT fault Data\Extra TT Fault Cases\4%\Phase_c_4%\4%_100% fault at 6_7.212\TTphaseCat4Loading100andFat7p212_03.out,D:\Naveen\TT fault Data\Extra TT Fault Cases\4%\Phase_c_4%\4%_100% fault at 6_7.212\TTphaseCat4Loading100andFat7p212_02.out,D:\Naveen\TT fault Data\Extra TT Fault Cases\4%\Phase_c_4%\4%_100% fault at 6_7.212\TTphaseCat4Loading100andFat7p212.inf,D:\Naveen\TT fault Data\Extra TT Fault Cases\4%\Phase_c_4%\4%_100% fault at 6_7.212\TTphaseCat4Loading100andFat7p212.infx,25000.0,250000,250001,7.212,6.0,faulty,4.0,C,100,100,True,TT_s4.0_pC_l100,50000,100000.0,180300.0,200300.0,110000,179800,180800.0,199800.0
TT_fault_Data_Extra_TT_Fault_Cases_4_Phase_c_4_4_100_fault_at_7_7_214,TT fault Data\Extra TT Fault Cases\4%\Phase_c_4%\4%_100% fault at 7_7.214,D:\Naveen\TT fault Data\Extra TT Fault Cases\4%\Phase_c_4%\4%_100% fault at 7_7.214\TTphaseCat4Loading100andFat7p214_03.out,D:\Naveen\TT fault Data\Extra TT Fault Cases\4%\Phase_c_4%\4%_100% fault at 7_7.214\TTphaseCat4Loading100andFat7p214_02.out,D:\Naveen\TT fault Data\Extra TT Fault Cases\4%\Phase_c_4%\4%_100% fault at 7_7.214\TTphaseCat4Loading100andFat7p214.inf,D:\Naveen\TT fault Data\Extra TT Fault Cases\4%\Phase_c_4%\4%_100% fault at 7_7.214\TTphaseCat4Loading100andFat7p214.infx,25000.0,250000,250001,7.214,7.0,faulty,4.0,C,100,100,True,TT_s4.0_pC_l100,50000,100000.0,180350.0,200350.0,110000,179850,180850.0,199850.0
TT_fault_Data_Extra_TT_Fault_Cases_4_Phase_c_4_4_100_fault_at_8_7_216,TT fault Data\Extra TT Fault Cases\4%\Phase_c_4%\4%_100% fault at 8_7.216,D:\Naveen\TT fault Data\Extra TT Fault Cases\4%\Phase_c_4%\4%_100% fault at 8_7.216\TTphaseCat4Loading100andFat7p216_03.out,D:\Naveen\TT fault Data\Extra TT Fault Cases\4%\Phase_c_4%\4%_100% fault at 8_7.216\TTphaseCat4Loading100andFat7p216_02.out,D:\Naveen\TT fault Data\Extra TT Fault Cases\4%\Phase_c_4%\4%_100% fault at 8_7.216\TTphaseCat4Loading100andFat7p216.inf,D:\Naveen\TT fault Data\Extra TT Fault Cases\4%\Phase_c_4%\4%_100% fault at 8_7.216\TTphaseCat4Loading100andFat7p216.infx,25000.0,250000,250001,7.216,8.0,faulty,4.0,C,100,100,True,TT_s4.0_pC_l100,50000,100000.0,180400.0,200400.0,110000,179900,180900.0,199900.0
TT_fault_Data_Extra_TT_Fault_Cases_4_Phase_c_4_4_100_fault_at_9_7_218,TT fault Data\Extra TT Fault Cases\4%\Phase_c_4%\4%_100% fault at 9_7.218,D:\Naveen\TT fault Data\Extra TT Fault Cases\4%\Phase_c_4%\4%_100% fault at 9_7.218\TTphaseCat4Loading100andFat7p218_03.out,D:\Naveen\TT fault Data\Extra TT Fault Cases\4%\Phase_c_4%\4%_100% fault at 9_7.218\TTphaseCat4Loading100andFat7p218_02.out,D:\Naveen\TT fault Data\Extra TT Fault Cases\4%\Phase_c_4%\4%_100% fault at 9_7.218\TTphaseCat4Loading100andFat7p218.inf,D:\Naveen\TT fault Data\Extra TT Fault Cases\4%\Phase_c_4%\4%_100% fault at 9_7.218\TTphaseCat4Loading100andFat7p218.infx,25000.0,250000,250001,7.218,9.0,faulty,4.0,C,100,100,True,TT_s4.0_pC_l100,50000,100000.0,180450.0,200450.0,110000,179950,180950.0,199950.0
TT_fault_Data_Extra_TT_Fault_Cases_5_Phase_a_5_5_100_fault_at_10_7_22,TT fault Data\Extra TT Fault Cases\5%\Phase_a_5%\5%_100% fault at 10_7.22,D:\Naveen\TT fault Data\Extra TT Fault Cases\5%\Phase_a_5%\5%_100% fault at 10_7.22\TTphaseAat5Loading100andFat7p22_03.out,D:\Naveen\TT fault Data\Extra TT Fault Cases\5%\Phase_a_5%\5%_100% fault at 10_7.22\TTphaseAat5Loading100andFat7p22_02.out,D:\Naveen\TT fault Data\Extra TT Fault Cases\5%\Phase_a_5%\5%_100% fault at 10_7.22\TTphaseAat5Loading100andFat7p22.inf,D:\Naveen\TT fault Data\Extra TT Fault Cases\5%\Phase_a_5%\5%_100% fault at 10_7.22\TTphaseAat5Loading100andFat7p22.infx,25000.0,250000,250001,7.22,10.0,faulty,5.0,A,100,100,True,TT_s5.0_pA_l100,50000,100000.0,180500.0,200500.0,110000,180000,181000.0,200000.0
TT_fault_Data_Extra_TT_Fault_Cases_5_Phase_a_5_5_100_fault_at_1_7_202,TT fault Data\Extra TT Fault Cases\5%\Phase_a_5%\5%_100% fault at 1_7.202,D:\Naveen\TT fault Data\Extra TT Fault Cases\5%\Phase_a_5%\5%_100% fault at 1_7.202\TTphaseAat5Loading100andFat7p202_03.out,D:\Naveen\TT fault Data\Extra TT Fault Cases\5%\Phase_a_5%\5%_100% fault at 1_7.202\TTphaseAat5Loading100andFat7p202_02.out,D:\Naveen\TT fault Data\Extra TT Fault Cases\5%\Phase_a_5%\5%_100% fault at 1_7.202\TTphaseAat5Loading100andFat7p202.inf,D:\Naveen\TT fault Data\Extra TT Fault Cases\5%\Phase_a_5%\5%_100% fault at 1_7.202\TTphaseAat5Loading100andFat7p202.infx,25000.0,250000,250001,7.202,1.0,faulty,5.0,A,100,100,True,TT_s5.0_pA_l100,50000,100000.0,180050.0,200050.0,110000,179550,180550.0,199550.0
TT_fault_Data_Extra_TT_Fault_Cases_5_Phase_a_5_5_100_fault_at_2_7_204,TT fault Data\Extra TT Fault Cases\5%\Phase_a_5%\5%_100% fault at 2_7.204,D:\Naveen\TT fault Data\Extra TT Fault Cases\5%\Phase_a_5%\5%_100% fault at 2_7.204\TTphaseAat5Loading100andFat7p204_03.out,D:\Naveen\TT fault Data\Extra TT Fault Cases\5%\Phase_a_5%\5%_100% fault at 2_7.204\TTphaseAat5Loading100andFat7p204_02.out,D:\Naveen\TT fault Data\Extra TT Fault Cases\5%\Phase_a_5%\5%_100% fault at 2_7.204\TTphaseAat5Loading100andFat7p204.inf,D:\Naveen\TT fault Data\Extra TT Fault Cases\5%\Phase_a_5%\5%_100% fault at 2_7.204\TTphaseAat5Loading100andFat7p204.infx,25000.0,250000,250001,7.204,2.0,faulty,5.0,A,100,100,True,TT_s5.0_pA_l100,50000,100000.0,180100.0,200100.0,110000,179600,180600.0,199600.0
TT_fault_Data_Extra_TT_Fault_Cases_5_Phase_a_5_5_100_fault_at_3_7_206,TT fault Data\Extra TT Fault Cases\5%\Phase_a_5%\5%_100% fault at 3_7.206,D:\Naveen\TT fault Data\Extra TT Fault Cases\5%\Phase_a_5%\5%_100% fault at 3_7.206\TTphaseAat5Loading100andFat7p206_03.out,D:\Naveen\TT fault Data\Extra TT Fault Cases\5%\Phase_a_5%\5%_100% fault at 3_7.206\TTphaseAat5Loading100andFat7p206_02.out,D:\Naveen\TT fault Data\Extra TT Fault Cases\5%\Phase_a_5%\5%_100% fault at 3_7.206\TTphaseAat5Loading100andFat7p206.inf,D:\Naveen\TT fault Data\Extra TT Fault Cases\5%\Phase_a_5%\5%_100% fault at 3_7.206\TTphaseAat5Loading100andFat7p206.infx,25000.0,250000,250001,7.206,3.0,faulty,5.0,A,100,100,True,TT_s5.0_pA_l100,50000,100000.0,180150.0,200150.0,110000,179650,180650.0,199650.0
TT_fault_Data_Extra_TT_Fault_Cases_5_Phase_a_5_5_100_fault_at_4_7_208,TT fault Data\Extra TT Fault Cases\5%\Phase_a_5%\5%_100% fault at 4_7.208,D:\Naveen\TT fault Data\Extra TT Fault Cases\5%\Phase_a_5%\5%_100% fault at 4_7.208\TTphaseAat5Loading100andFat7p208_03.out,D:\Naveen\TT fault Data\Extra TT Fault Cases\5%\Phase_a_5%\5%_100% fault at 4_7.208\TTphaseAat5Loading100andFat7p208_02.out,D:\Naveen\TT fault Data\Extra TT Fault Cases\5%\Phase_a_5%\5%_100% fault at 4_7.208\TTphaseAat5Loading100andFat7p208.inf,D:\Naveen\TT fault Data\Extra TT Fault Cases\5%\Phase_a_5%\5%_100% fault at 4_7.208\TTphaseAat5Loading100andFat7p208.infx,25000.0,250000,250001,7.208,4.0,faulty,5.0,A,100,100,True,TT_s5.0_pA_l100,50000,100000.0,180200.0,200200.0,110000,179700,180700.0,199700.0
TT_fault_Data_Extra_TT_Fault_Cases_5_Phase_a_5_5_100_fault_at_5_7_210,TT fault Data\Extra TT Fault Cases\5%\Phase_a_5%\5%_100% fault at 5_7.210,D:\Naveen\TT fault Data\Extra TT Fault Cases\5%\Phase_a_5%\5%_100% fault at 5_7.210\TTphaseAat5Loading100andFat7p21_03.out,D:\Naveen\TT fault Data\Extra TT Fault Cases\5%\Phase_a_5%\5%_100% fault at 5_7.210\TTphaseAat5Loading100andFat7p21_02.out,D:\Naveen\TT fault Data\Extra TT Fault Cases\5%\Phase_a_5%\5%_100% fault at 5_7.210\TTphaseAat5Loading100andFat7p21.inf,D:\Naveen\TT fault Data\Extra TT Fault Cases\5%\Phase_a_5%\5%_100% fault at 5_7.210\TTphaseAat5Loading100andFat7p21.infx,25000.0,250000,250001,7.21,5.0,faulty,5.0,A,100,100,True,TT_s5.0_pA_l100,50000,100000.0,180250.0,200250.0,110000,179750,180750.0,199750.0
TT_fault_Data_Extra_TT_Fault_Cases_5_Phase_a_5_5_100_fault_at_6_7_212,TT fault Data\Extra TT Fault Cases\5%\Phase_a_5%\5%_100% fault at 6_7.212,D:\Naveen\TT fault Data\Extra TT Fault Cases\5%\Phase_a_5%\5%_100% fault at 6_7.212\TTphaseAat5Loading100andFat7p212_03.out,D:\Naveen\TT fault Data\Extra TT Fault Cases\5%\Phase_a_5%\5%_100% fault at 6_7.212\TTphaseAat5Loading100andFat7p212_02.out,D:\Naveen\TT fault Data\Extra TT Fault Cases\5%\Phase_a_5%\5%_100% fault at 6_7.212\TTphaseAat5Loading100andFat7p212.inf,D:\Naveen\TT fault Data\Extra TT Fault Cases\5%\Phase_a_5%\5%_100% fault at 6_7.212\TTphaseAat5Loading100andFat7p212.infx,25000.0,250000,250001,7.212,6.0,faulty,5.0,A,100,100,True,TT_s5.0_pA_l100,50000,100000.0,180300.0,200300.0,110000,179800,180800.0,199800.0
TT_fault_Data_Extra_TT_Fault_Cases_5_Phase_a_5_5_100_fault_at_7_7_214,TT fault Data\Extra TT Fault Cases\5%\Phase_a_5%\5%_100% fault at 7_7.214,D:\Naveen\TT fault Data\Extra TT Fault Cases\5%\Phase_a_5%\5%_100% fault at 7_7.214\TTphaseAat5Loading100andFat7p214_03.out,D:\Naveen\TT fault Data\Extra TT Fault Cases\5%\Phase_a_5%\5%_100% fault at 7_7.214\TTphaseAat5Loading100andFat7p214_02.out,D:\Naveen\TT fault Data\Extra TT Fault Cases\5%\Phase_a_5%\5%_100% fault at 7_7.214\TTphaseAat5Loading100andFat7p214.inf,D:\Naveen\TT fault Data\Extra TT Fault Cases\5%\Phase_a_5%\5%_100% fault at 7_7.214\TTphaseAat5Loading100andFat7p214.infx,25000.0,250000,250001,7.214,7.0,faulty,5.0,A,100,100,True,TT_s5.0_pA_l100,50000,100000.0,180350.0,200350.0,110000,179850,180850.0,199850.0
TT_fault_Data_Extra_TT_Fault_Cases_5_Phase_a_5_5_100_fault_at_8_7_216,TT fault Data\Extra TT Fault Cases\5%\Phase_a_5%\5%_100% fault at 8_7.216,D:\Naveen\TT fault Data\Extra TT Fault Cases\5%\Phase_a_5%\5%_100% fault at 8_7.216\TTphaseAat5Loading100andFat7p216_03.out,D:\Naveen\TT fault Data\Extra TT Fault Cases\5%\Phase_a_5%\5%_100% fault at 8_7.216\TTphaseAat5Loading100andFat7p216_02.out,D:\Naveen\TT fault Data\Extra TT Fault Cases\5%\Phase_a_5%\5%_100% fault at 8_7.216\TTphaseAat5Loading100andFat7p216.inf,D:\Naveen\TT fault Data\Extra TT Fault Cases\5%\Phase_a_5%\5%_100% fault at 8_7.216\TTphaseAat5Loading100andFat7p216.infx,25000.0,250000,250001,7.216,8.0,faulty,5.0,A,100,100,True,TT_s5.0_pA_l100,50000,100000.0,180400.0,200400.0,110000,179900,180900.0,199900.0
TT_fault_Data_Extra_TT_Fault_Cases_5_Phase_a_5_5_100_fault_at_9_7_218,TT fault Data\Extra TT Fault Cases\5%\Phase_a_5%\5%_100% fault at 9_7.218,D:\Naveen\TT fault Data\Extra TT Fault Cases\5%\Phase_a_5%\5%_100% fault at 9_7.218\TTphaseAat5Loading100andFat7p218_03.out,D:\Naveen\TT fault Data\Extra TT Fault Cases\5%\Phase_a_5%\5%_100% fault at 9_7.218\TTphaseAat5Loading100andFat7p218_02.out,D:\Naveen\TT fault Data\Extra TT Fault Cases\5%\Phase_a_5%\5%_100% fault at 9_7.218\TTphaseAat5Loading100andFat7p218.inf,D:\Naveen\TT fault Data\Extra TT Fault Cases\5%\Phase_a_5%\5%_100% fault at 9_7.218\TTphaseAat5Loading100andFat7p218.infx,25000.0,250000,250001,7.218,9.0,faulty,5.0,A,100,100,True,TT_s5.0_pA_l100,50000,100000.0,180450.0,200450.0,110000,179950,180950.0,199950.0
TT_fault_Data_Extra_TT_Fault_Cases_5_Phase_b_5_5_100_fault_at_10_7_22,TT fault Data\Extra TT Fault Cases\5%\Phase_b_5%\5%_100% fault at 10_7.22,D:\Naveen\TT fault Data\Extra TT Fault Cases\5%\Phase_b_5%\5%_100% fault at 10_7.22\TTphaseBat5Loading100andFat7p22_03.out,D:\Naveen\TT fault Data\Extra TT Fault Cases\5%\Phase_b_5%\5%_100% fault at 10_7.22\TTphaseBat5Loading100andFat7p22_02.out,D:\Naveen\TT fault Data\Extra TT Fault Cases\5%\Phase_b_5%\5%_100% fault at 10_7.22\TTphaseBat5Loading100andFat7p22.inf,D:\Naveen\TT fault Data\Extra TT Fault Cases\5%\Phase_b_5%\5%_100% fault at 10_7.22\TTphaseBat5Loading100andFat7p22.infx,25000.0,250000,250001,7.22,10.0,faulty,5.0,B,100,100,True,TT_s5.0_pB_l100,50000,100000.0,180500.0,200500.0,110000,180000,181000.0,200000.0
TT_fault_Data_Extra_TT_Fault_Cases_5_Phase_b_5_5_100_fault_at_1_7_202,TT fault Data\Extra TT Fault Cases\5%\Phase_b_5%\5%_100% fault at 1_7.202,D:\Naveen\TT fault Data\Extra TT Fault Cases\5%\Phase_b_5%\5%_100% fault at 1_7.202\TTphaseAat5Loading100andFat7p202_03.out,D:\Naveen\TT fault Data\Extra TT Fault Cases\5%\Phase_b_5%\5%_100% fault at 1_7.202\TTphaseAat5Loading100andFat7p202_02.out,D:\Naveen\TT fault Data\Extra TT Fault Cases\5%\Phase_b_5%\5%_100% fault at 1_7.202\TTphaseAat5Loading100andFat7p202.inf,D:\Naveen\TT fault Data\Extra TT Fault Cases\5%\Phase_b_5%\5%_100% fault at 1_7.202\TTphaseAat5Loading100andFat7p202.infx,25000.0,250000,250001,7.202,1.0,faulty,5.0,B,100,100,True,TT_s5.0_pB_l100,50000,100000.0,180050.0,200050.0,110000,179550,180550.0,199550.0
TT_fault_Data_Extra_TT_Fault_Cases_5_Phase_b_5_5_100_fault_at_2_7_204,TT fault Data\Extra TT Fault Cases\5%\Phase_b_5%\5%_100% fault at 2_7.204,D:\Naveen\TT fault Data\Extra TT Fault Cases\5%\Phase_b_5%\5%_100% fault at 2_7.204\TTphaseBat5Loading100andFat7p204_03.out,D:\Naveen\TT fault Data\Extra TT Fault Cases\5%\Phase_b_5%\5%_100% fault at 2_7.204\TTphaseBat5Loading100andFat7p204_02.out,D:\Naveen\TT fault Data\Extra TT Fault Cases\5%\Phase_b_5%\5%_100% fault at 2_7.204\TTphaseBat5Loading100andFat7p204.inf,D:\Naveen\TT fault Data\Extra TT Fault Cases\5%\Phase_b_5%\5%_100% fault at 2_7.204\TTphaseBat5Loading100andFat7p204.infx,25000.0,250000,250001,7.204,2.0,faulty,5.0,B,100,100,True,TT_s5.0_pB_l100,50000,100000.0,180100.0,200100.0,110000,179600,180600.0,199600.0
TT_fault_Data_Extra_TT_Fault_Cases_5_Phase_b_5_5_100_fault_at_3_7_206,TT fault Data\Extra TT Fault Cases\5%\Phase_b_5%\5%_100% fault at 3_7.206,D:\Naveen\TT fault Data\Extra TT Fault Cases\5%\Phase_b_5%\5%_100% fault at 3_7.206\TTphaseBat5Loading100andFat7p206_03.out,D:\Naveen\TT fault Data\Extra TT Fault Cases\5%\Phase_b_5%\5%_100% fault at 3_7.206\TTphaseBat5Loading100andFat7p206_02.out,D:\Naveen\TT fault Data\Extra TT Fault Cases\5%\Phase_b_5%\5%_100% fault at 3_7.206\TTphaseBat5Loading100andFat7p206.inf,D:\Naveen\TT fault Data\Extra TT Fault Cases\5%\Phase_b_5%\5%_100% fault at 3_7.206\TTphaseBat5Loading100andFat7p206.infx,25000.0,250000,250001,7.206,3.0,faulty,5.0,B,100,100,True,TT_s5.0_pB_l100,50000,100000.0,180150.0,200150.0,110000,179650,180650.0,199650.0
TT_fault_Data_Extra_TT_Fault_Cases_5_Phase_b_5_5_100_fault_at_4_7_208,TT fault Data\Extra TT Fault Cases\5%\Phase_b_5%\5%_100% fault at 4_7.208,D:\Naveen\TT fault Data\Extra TT Fault Cases\5%\Phase_b_5%\5%_100% fault at 4_7.208\TTphaseBat5Loading100andFat7p208_03.out,D:\Naveen\TT fault Data\Extra TT Fault Cases\5%\Phase_b_5%\5%_100% fault at 4_7.208\TTphaseBat5Loading100andFat7p208_02.out,D:\Naveen\TT fault Data\Extra TT Fault Cases\5%\Phase_b_5%\5%_100% fault at 4_7.208\TTphaseBat5Loading100andFat7p208.inf,D:\Naveen\TT fault Data\Extra TT Fault Cases\5%\Phase_b_5%\5%_100% fault at 4_7.208\TTphaseBat5Loading100andFat7p208.infx,25000.0,250000,250001,7.208,4.0,faulty,5.0,B,100,100,True,TT_s5.0_pB_l100,50000,100000.0,180200.0,200200.0,110000,179700,180700.0,199700.0
TT_fault_Data_Extra_TT_Fault_Cases_5_Phase_b_5_5_100_fault_at_5_7_210,TT fault Data\Extra TT Fault Cases\5%\Phase_b_5%\5%_100% fault at 5_7.210,D:\Naveen\TT fault Data\Extra TT Fault Cases\5%\Phase_b_5%\5%_100% fault at 5_7.210\TTphaseBat5Loading100andFat7p21_03.out,D:\Naveen\TT fault Data\Extra TT Fault Cases\5%\Phase_b_5%\5%_100% fault at 5_7.210\TTphaseBat5Loading100andFat7p21_02.out,D:\Naveen\TT fault Data\Extra TT Fault Cases\5%\Phase_b_5%\5%_100% fault at 5_7.210\TTphaseBat5Loading100andFat7p21.inf,D:\Naveen\TT fault Data\Extra TT Fault Cases\5%\Phase_b_5%\5%_100% fault at 5_7.210\TTphaseBat5Loading100andFat7p21.infx,25000.0,250000,250001,7.21,5.0,faulty,5.0,B,100,100,True,TT_s5.0_pB_l100,50000,100000.0,180250.0,200250.0,110000,179750,180750.0,199750.0
TT_fault_Data_Extra_TT_Fault_Cases_5_Phase_b_5_5_100_fault_at_6_7_212,TT fault Data\Extra TT Fault Cases\5%\Phase_b_5%\5%_100% fault at 6_7.212,D:\Naveen\TT fault Data\Extra TT Fault Cases\5%\Phase_b_5%\5%_100% fault at 6_7.212\TTphaseBat5Loading100andFat7p212_03.out,D:\Naveen\TT fault Data\Extra TT Fault Cases\5%\Phase_b_5%\5%_100% fault at 6_7.212\TTphaseBat5Loading100andFat7p212_02.out,D:\Naveen\TT fault Data\Extra TT Fault Cases\5%\Phase_b_5%\5%_100% fault at 6_7.212\TTphaseBat5Loading100andFat7p212.inf,D:\Naveen\TT fault Data\Extra TT Fault Cases\5%\Phase_b_5%\5%_100% fault at 6_7.212\TTphaseBat5Loading100andFat7p212.infx,25000.0,250000,250001,7.212,6.0,faulty,5.0,B,100,100,True,TT_s5.0_pB_l100,50000,100000.0,180300.0,200300.0,110000,179800,180800.0,199800.0
TT_fault_Data_Extra_TT_Fault_Cases_5_Phase_b_5_5_100_fault_at_7_7_214,TT fault Data\Extra TT Fault Cases\5%\Phase_b_5%\5%_100% fault at 7_7.214,D:\Naveen\TT fault Data\Extra TT Fault Cases\5%\Phase_b_5%\5%_100% fault at 7_7.214\TTphaseBat5Loading100andFat7p214_03.out,D:\Naveen\TT fault Data\Extra TT Fault Cases\5%\Phase_b_5%\5%_100% fault at 7_7.214\TTphaseBat5Loading100andFat7p214_02.out,D:\Naveen\TT fault Data\Extra TT Fault Cases\5%\Phase_b_5%\5%_100% fault at 7_7.214\TTphaseBat5Loading100andFat7p214.inf,D:\Naveen\TT fault Data\Extra TT Fault Cases\5%\Phase_b_5%\5%_100% fault at 7_7.214\TTphaseBat5Loading100andFat7p214.infx,25000.0,250000,250001,7.214,7.0,faulty,5.0,B,100,100,True,TT_s5.0_pB_l100,50000,100000.0,180350.0,200350.0,110000,179850,180850.0,199850.0
TT_fault_Data_Extra_TT_Fault_Cases_5_Phase_b_5_5_100_fault_at_8_7_216,TT fault Data\Extra TT Fault Cases\5%\Phase_b_5%\5%_100% fault at 8_7.216,D:\Naveen\TT fault Data\Extra TT Fault Cases\5%\Phase_b_5%\5%_100% fault at 8_7.216\TTphaseBat5Loading100andFat7p216_03.out,D:\Naveen\TT fault Data\Extra TT Fault Cases\5%\Phase_b_5%\5%_100% fault at 8_7.216\TTphaseBat5Loading100andFat7p216_02.out,D:\Naveen\TT fault Data\Extra TT Fault Cases\5%\Phase_b_5%\5%_100% fault at 8_7.216\TTphaseBat5Loading100andFat7p216.inf,D:\Naveen\TT fault Data\Extra TT Fault Cases\5%\Phase_b_5%\5%_100% fault at 8_7.216\TTphaseBat5Loading100andFat7p216.infx,25000.0,250000,250001,7.216,8.0,faulty,5.0,B,100,100,True,TT_s5.0_pB_l100,50000,100000.0,180400.0,200400.0,110000,179900,180900.0,199900.0
TT_fault_Data_Extra_TT_Fault_Cases_5_Phase_b_5_5_100_fault_at_9_7_218,TT fault Data\Extra TT Fault Cases\5%\Phase_b_5%\5%_100% fault at 9_7.218,D:\Naveen\TT fault Data\Extra TT Fault Cases\5%\Phase_b_5%\5%_100% fault at 9_7.218\TTphaseBat5Loading100andFat7p218_03.out,D:\Naveen\TT fault Data\Extra TT Fault Cases\5%\Phase_b_5%\5%_100% fault at 9_7.218\TTphaseBat5Loading100andFat7p218_02.out,D:\Naveen\TT fault Data\Extra TT Fault Cases\5%\Phase_b_5%\5%_100% fault at 9_7.218\TTphaseBat5Loading100andFat7p218.inf,D:\Naveen\TT fault Data\Extra TT Fault Cases\5%\Phase_b_5%\5%_100% fault at 9_7.218\TTphaseBat5Loading100andFat7p218.infx,25000.0,250000,250001,7.218,9.0,faulty,5.0,B,100,100,True,TT_s5.0_pB_l100,50000,100000.0,180450.0,200450.0,110000,179950,180950.0,199950.0
TT_fault_Data_Extra_TT_Fault_Cases_5_Phase_c_5_5_100_fault_at_10_7_22,TT fault Data\Extra TT Fault Cases\5%\Phase_c_5%\5%_100% fault at 10_7.22,D:\Naveen\TT fault Data\Extra TT Fault Cases\5%\Phase_c_5%\5%_100% fault at 10_7.22\TTphaseCat5Loading100andFat7p22_03.out,D:\Naveen\TT fault Data\Extra TT Fault Cases\5%\Phase_c_5%\5%_100% fault at 10_7.22\TTphaseCat5Loading100andFat7p22_02.out,D:\Naveen\TT fault Data\Extra TT Fault Cases\5%\Phase_c_5%\5%_100% fault at 10_7.22\TTphaseCat5Loading100andFat7p22.inf,D:\Naveen\TT fault Data\Extra TT Fault Cases\5%\Phase_c_5%\5%_100% fault at 10_7.22\TTphaseCat5Loading100andFat7p22.infx,25000.0,250000,250001,7.22,10.0,faulty,5.0,C,100,100,True,TT_s5.0_pC_l100,50000,100000.0,180500.0,200500.0,110000,180000,181000.0,200000.0
TT_fault_Data_Extra_TT_Fault_Cases_5_Phase_c_5_5_100_fault_at_1_7_202,TT fault Data\Extra TT Fault Cases\5%\Phase_c_5%\5%_100% fault at 1_7.202,D:\Naveen\TT fault Data\Extra TT Fault Cases\5%\Phase_c_5%\5%_100% fault at 1_7.202\TTphaseCat5Loading100andFat7p202_03.out,D:\Naveen\TT fault Data\Extra TT Fault Cases\5%\Phase_c_5%\5%_100% fault at 1_7.202\TTphaseCat5Loading100andFat7p202_02.out,D:\Naveen\TT fault Data\Extra TT Fault Cases\5%\Phase_c_5%\5%_100% fault at 1_7.202\TTphaseCat5Loading100andFat7p202.inf,D:\Naveen\TT fault Data\Extra TT Fault Cases\5%\Phase_c_5%\5%_100% fault at 1_7.202\TTphaseCat5Loading100andFat7p202.infx,25000.0,250000,250001,7.202,1.0,faulty,5.0,C,100,100,True,TT_s5.0_pC_l100,50000,100000.0,180050.0,200050.0,110000,179550,180550.0,199550.0
TT_fault_Data_Extra_TT_Fault_Cases_5_Phase_c_5_5_100_fault_at_2_7_204,TT fault Data\Extra TT Fault Cases\5%\Phase_c_5%\5%_100% fault at 2_7.204,D:\Naveen\TT fault Data\Extra TT Fault Cases\5%\Phase_c_5%\5%_100% fault at 2_7.204\TTphaseCat5Loading100andFat7p204_03.out,D:\Naveen\TT fault Data\Extra TT Fault Cases\5%\Phase_c_5%\5%_100% fault at 2_7.204\TTphaseCat5Loading100andFat7p204_02.out,D:\Naveen\TT fault Data\Extra TT Fault Cases\5%\Phase_c_5%\5%_100% fault at 2_7.204\TTphaseCat5Loading100andFat7p204.inf,D:\Naveen\TT fault Data\Extra TT Fault Cases\5%\Phase_c_5%\5%_100% fault at 2_7.204\TTphaseCat5Loading100andFat7p204.infx,25000.0,250000,250001,7.204,2.0,faulty,5.0,C,100,100,True,TT_s5.0_pC_l100,50000,100000.0,180100.0,200100.0,110000,179600,180600.0,199600.0
TT_fault_Data_Extra_TT_Fault_Cases_5_Phase_c_5_5_100_fault_at_3_7_206,TT fault Data\Extra TT Fault Cases\5%\Phase_c_5%\5%_100% fault at 3_7.206,D:\Naveen\TT fault Data\Extra TT Fault Cases\5%\Phase_c_5%\5%_100% fault at 3_7.206\TTphaseCat5Loading100andFat7p206_03.out,D:\Naveen\TT fault Data\Extra TT Fault Cases\5%\Phase_c_5%\5%_100% fault at 3_7.206\TTphaseCat5Loading100andFat7p206_02.out,D:\Naveen\TT fault Data\Extra TT Fault Cases\5%\Phase_c_5%\5%_100% fault at 3_7.206\TTphaseCat5Loading100andFat7p206.inf,D:\Naveen\TT fault Data\Extra TT Fault Cases\5%\Phase_c_5%\5%_100% fault at 3_7.206\TTphaseCat5Loading100andFat7p206.infx,25000.0,250000,250001,7.206,3.0,faulty,5.0,C,100,100,True,TT_s5.0_pC_l100,50000,100000.0,180150.0,200150.0,110000,179650,180650.0,199650.0
TT_fault_Data_Extra_TT_Fault_Cases_5_Phase_c_5_5_100_fault_at_4_7_208,TT fault Data\Extra TT Fault Cases\5%\Phase_c_5%\5%_100% fault at 4_7.208,D:\Naveen\TT fault Data\Extra TT Fault Cases\5%\Phase_c_5%\5%_100% fault at 4_7.208\TTphaseCat5Loading100andFat7p208_03.out,D:\Naveen\TT fault Data\Extra TT Fault Cases\5%\Phase_c_5%\5%_100% fault at 4_7.208\TTphaseCat5Loading100andFat7p208_02.out,D:\Naveen\TT fault Data\Extra TT Fault Cases\5%\Phase_c_5%\5%_100% fault at 4_7.208\TTphaseCat5Loading100andFat7p208.inf,D:\Naveen\TT fault Data\Extra TT Fault Cases\5%\Phase_c_5%\5%_100% fault at 4_7.208\TTphaseCat5Loading100andFat7p208.infx,25000.0,250000,250001,7.208,4.0,faulty,5.0,C,100,100,True,TT_s5.0_pC_l100,50000,100000.0,180200.0,200200.0,110000,179700,180700.0,199700.0
TT_fault_Data_Extra_TT_Fault_Cases_5_Phase_c_5_5_100_fault_at_5_7_21,TT fault Data\Extra TT Fault Cases\5%\Phase_c_5%\5%_100% fault at 5_7.21,D:\Naveen\TT fault Data\Extra TT Fault Cases\5%\Phase_c_5%\5%_100% fault at 5_7.21\TTphaseCat5Loading100andFat7p21_03.out,D:\Naveen\TT fault Data\Extra TT Fault Cases\5%\Phase_c_5%\5%_100% fault at 5_7.21\TTphaseCat5Loading100andFat7p21_02.out,D:\Naveen\TT fault Data\Extra TT Fault Cases\5%\Phase_c_5%\5%_100% fault at 5_7.21\TTphaseCat5Loading100andFat7p21.inf,D:\Naveen\TT fault Data\Extra TT Fault Cases\5%\Phase_c_5%\5%_100% fault at 5_7.21\TTphaseCat5Loading100andFat7p21.infx,25000.0,250000,250001,7.21,5.0,faulty,5.0,C,100,100,True,TT_s5.0_pC_l100,50000,100000.0,180250.0,200250.0,110000,179750,180750.0,199750.0
TT_fault_Data_Extra_TT_Fault_Cases_5_Phase_c_5_5_100_fault_at_6_7_212,TT fault Data\Extra TT Fault Cases\5%\Phase_c_5%\5%_100% fault at 6_7.212,D:\Naveen\TT fault Data\Extra TT Fault Cases\5%\Phase_c_5%\5%_100% fault at 6_7.212\TTphaseCat5Loading100andFat7p212_03.out,D:\Naveen\TT fault Data\Extra TT Fault Cases\5%\Phase_c_5%\5%_100% fault at 6_7.212\TTphaseCat5Loading100andFat7p212_02.out,D:\Naveen\TT fault Data\Extra TT Fault Cases\5%\Phase_c_5%\5%_100% fault at 6_7.212\TTphaseCat5Loading100andFat7p212.inf,D:\Naveen\TT fault Data\Extra TT Fault Cases\5%\Phase_c_5%\5%_100% fault at 6_7.212\TTphaseCat5Loading100andFat7p212.infx,25000.0,250000,250001,7.212,6.0,faulty,5.0,C,100,100,True,TT_s5.0_pC_l100,50000,100000.0,180300.0,200300.0,110000,179800,180800.0,199800.0
TT_fault_Data_Extra_TT_Fault_Cases_5_Phase_c_5_5_100_fault_at_7_7_214,TT fault Data\Extra TT Fault Cases\5%\Phase_c_5%\5%_100% fault at 7_7.214,D:\Naveen\TT fault Data\Extra TT Fault Cases\5%\Phase_c_5%\5%_100% fault at 7_7.214\TTphaseCat5Loading100andFat7p214_03.out,D:\Naveen\TT fault Data\Extra TT Fault Cases\5%\Phase_c_5%\5%_100% fault at 7_7.214\TTphaseCat5Loading100andFat7p214_02.out,D:\Naveen\TT fault Data\Extra TT Fault Cases\5%\Phase_c_5%\5%_100% fault at 7_7.214\TTphaseCat5Loading100andFat7p214.inf,D:\Naveen\TT fault Data\Extra TT Fault Cases\5%\Phase_c_5%\5%_100% fault at 7_7.214\TTphaseCat5Loading100andFat7p214.infx,25000.0,250000,250001,7.214,7.0,faulty,5.0,C,100,100,True,TT_s5.0_pC_l100,50000,100000.0,180350.0,200350.0,110000,179850,180850.0,199850.0
TT_fault_Data_Extra_TT_Fault_Cases_5_Phase_c_5_5_100_fault_at_8_7_216,TT fault Data\Extra TT Fault Cases\5%\Phase_c_5%\5%_100% fault at 8_7.216,D:\Naveen\TT fault Data\Extra TT Fault Cases\5%\Phase_c_5%\5%_100% fault at 8_7.216\TTphaseCat5Loading100andFat7p216_03.out,D:\Naveen\TT fault Data\Extra TT Fault Cases\5%\Phase_c_5%\5%_100% fault at 8_7.216\TTphaseCat5Loading100andFat7p216_02.out,D:\Naveen\TT fault Data\Extra TT Fault Cases\5%\Phase_c_5%\5%_100% fault at 8_7.216\TTphaseCat5Loading100andFat7p216.inf,D:\Naveen\TT fault Data\Extra TT Fault Cases\5%\Phase_c_5%\5%_100% fault at 8_7.216\TTphaseCat5Loading100andFat7p216.infx,25000.0,250000,250001,7.216,8.0,faulty,5.0,C,100,100,True,TT_s5.0_pC_l100,50000,100000.0,180400.0,200400.0,110000,179900,180900.0,199900.0
TT_fault_Data_Extra_TT_Fault_Cases_5_Phase_c_5_5_100_fault_at_9_7_218,TT fault Data\Extra TT Fault Cases\5%\Phase_c_5%\5%_100% fault at 9_7.218,D:\Naveen\TT fault Data\Extra TT Fault Cases\5%\Phase_c_5%\5%_100% fault at 9_7.218\TTphaseCat5Loading100andFat7p218_03.out,D:\Naveen\TT fault Data\Extra TT Fault Cases\5%\Phase_c_5%\5%_100% fault at 9_7.218\TTphaseCat5Loading100andFat7p218_02.out,D:\Naveen\TT fault Data\Extra TT Fault Cases\5%\Phase_c_5%\5%_100% fault at 9_7.218\TTphaseCat5Loading100andFat7p218.inf,D:\Naveen\TT fault Data\Extra TT Fault Cases\5%\Phase_c_5%\5%_100% fault at 9_7.218\TTphaseCat5Loading100andFat7p218.infx,25000.0,250000,250001,7.218,9.0,faulty,5.0,C,100,100,True,TT_s5.0_pC_l100,50000,100000.0,180450.0,200450.0,110000,179950,180950.0,199950.0
