window_id,case_id,group_id,state,label,severity_pct,phase,load_label,load_pct,inception_s,variant,region,src_start,scale
0,Healthy_case_data_0_Loading,HLT_lNL,healthy,0,0.0,,NL,0,,,steady,67000,0.0047647012397646
1,Healthy_case_data_0_Loading,HLT_lNL,healthy,0,0.0,,NL,0,,,steady,71000,0.0047647012397646
2,Healthy_case_data_0_Loading,HLT_lNL,healthy,0,0.0,,NL,0,,,steady,75000,0.0047647012397646
3,Healthy_case_data_0_Loading,HLT_lNL,healthy,0,0.0,,NL,0,,,steady,79000,0.0047647012397646
4,Healthy_case_data_0_Loading,HLT_lNL,healthy,0,0.0,,NL,0,,,steady,83000,0.0047647012397646
5,Healthy_case_data_0_Loading,HLT_lNL,healthy,0,0.0,,NL,0,,,steady,87000,0.0047647012397646
6,Healthy_case_data_0_Loading,HLT_lNL,healthy,0,0.0,,NL,0,,,steady,91000,0.0047647012397646
7,Healthy_case_data_0_Loading,HLT_lNL,healthy,0,0.0,,NL,0,,,steady,95000,0.0047647012397646
8,Healthy_case_data_0_Loading,HLT_lNL,healthy,0,0.0,,NL,0,,,steady,99000,0.0047647012397646
9,Healthy_case_data_0_Loading,HLT_lNL,healthy,0,0.0,,NL,0,,,steady,103000,0.0047647012397646
10,Healthy_case_data_0_Loading,HLT_lNL,healthy,0,0.0,,NL,0,,,steady,107000,0.0047647012397646
11,Healthy_case_data_0_Loading,HLT_lNL,healthy,0,0.0,,NL,0,,,steady,111000,0.0047647012397646
12,Healthy_case_data_0_Loading,HLT_lNL,healthy,0,0.0,,NL,0,,,steady,115000,0.0047647012397646
13,Healthy_case_data_0_Loading,HLT_lNL,healthy,0,0.0,,NL,0,,,steady,119000,0.0047647012397646
14,Healthy_case_data_0_Loading,HLT_lNL,healthy,0,0.0,,NL,0,,,steady,123000,0.0047647012397646
15,Healthy_case_data_10_Loading,HLT_l10,healthy,0,0.0,,10,10,,,steady,101000,0.0056329807266592
16,Healthy_case_data_10_Loading,HLT_l10,healthy,0,0.0,,10,10,,,steady,105000,0.0056329807266592
17,Healthy_case_data_10_Loading,HLT_l10,healthy,0,0.0,,10,10,,,steady,109000,0.0056329807266592
18,Healthy_case_data_10_Loading,HLT_l10,healthy,0,0.0,,10,10,,,steady,113000,0.0056329807266592
19,Healthy_case_data_10_Loading,HLT_l10,healthy,0,0.0,,10,10,,,steady,117000,0.0056329807266592
20,Healthy_case_data_10_Loading,HLT_l10,healthy,0,0.0,,10,10,,,steady,121000,0.0056329807266592
21,Healthy_case_data_100_Loading,HLT_l100,healthy,0,0.0,,100,100,,,steady,101000,0.0281713102012872
22,Healthy_case_data_100_Loading,HLT_l100,healthy,0,0.0,,100,100,,,steady,105000,0.0281713102012872
23,Healthy_case_data_100_Loading,HLT_l100,healthy,0,0.0,,100,100,,,steady,109000,0.0281713102012872
24,Healthy_case_data_100_Loading,HLT_l100,healthy,0,0.0,,100,100,,,steady,113000,0.0281713102012872
25,Healthy_case_data_100_Loading,HLT_l100,healthy,0,0.0,,100,100,,,steady,117000,0.0281713102012872
26,Healthy_case_data_100_Loading,HLT_l100,healthy,0,0.0,,100,100,,,steady,121000,0.0281713102012872
27,Healthy_case_data_15_Loading,HLT_l15,healthy,0,0.0,,15,15,,,steady,101000,0.0065323584713041
28,Healthy_case_data_15_Loading,HLT_l15,healthy,0,0.0,,15,15,,,steady,105000,0.0065323584713041
29,Healthy_case_data_15_Loading,HLT_l15,healthy,0,0.0,,15,15,,,steady,109000,0.0065323584713041
30,Healthy_case_data_15_Loading,HLT_l15,healthy,0,0.0,,15,15,,,steady,113000,0.0065323584713041
31,Healthy_case_data_15_Loading,HLT_l15,healthy,0,0.0,,15,15,,,steady,117000,0.0065323584713041
32,Healthy_case_data_15_Loading,HLT_l15,healthy,0,0.0,,15,15,,,steady,121000,0.0065323584713041
33,Healthy_case_data_20_Loading,HLT_l20,healthy,0,0.0,,20,20,,,steady,101000,0.0075961668044328
34,Healthy_case_data_20_Loading,HLT_l20,healthy,0,0.0,,20,20,,,steady,105000,0.0075961668044328
35,Healthy_case_data_20_Loading,HLT_l20,healthy,0,0.0,,20,20,,,steady,109000,0.0075961668044328
36,Healthy_case_data_20_Loading,HLT_l20,healthy,0,0.0,,20,20,,,steady,113000,0.0075961668044328
37,Healthy_case_data_20_Loading,HLT_l20,healthy,0,0.0,,20,20,,,steady,117000,0.0075961668044328
38,Healthy_case_data_20_Loading,HLT_l20,healthy,0,0.0,,20,20,,,steady,121000,0.0075961668044328
39,Healthy_case_data_25_Loading,HLT_l25,healthy,0,0.0,,25,25,,,steady,101000,0.0087598403915762
40,Healthy_case_data_25_Loading,HLT_l25,healthy,0,0.0,,25,25,,,steady,105000,0.0087598403915762
41,Healthy_case_data_25_Loading,HLT_l25,healthy,0,0.0,,25,25,,,steady,109000,0.0087598403915762
42,Healthy_case_data_25_Loading,HLT_l25,healthy,0,0.0,,25,25,,,steady,113000,0.0087598403915762
43,Healthy_case_data_25_Loading,HLT_l25,healthy,0,0.0,,25,25,,,steady,117000,0.0087598403915762
44,Healthy_case_data_25_Loading,HLT_l25,healthy,0,0.0,,25,25,,,steady,121000,0.0087598403915762
45,Healthy_case_data_30_Loading,HLT_l30,healthy,0,0.0,,30,30,,,steady,101000,0.0099844243377447
46,Healthy_case_data_30_Loading,HLT_l30,healthy,0,0.0,,30,30,,,steady,105000,0.0099844243377447
47,Healthy_case_data_30_Loading,HLT_l30,healthy,0,0.0,,30,30,,,steady,109000,0.0099844243377447
48,Healthy_case_data_30_Loading,HLT_l30,healthy,0,0.0,,30,30,,,steady,113000,0.0099844243377447
49,Healthy_case_data_30_Loading,HLT_l30,healthy,0,0.0,,30,30,,,steady,117000,0.0099844243377447
50,Healthy_case_data_30_Loading,HLT_l30,healthy,0,0.0,,30,30,,,steady,121000,0.0099844243377447
51,Healthy_case_data_35_Loading,HLT_l35,healthy,0,0.0,,35,35,,,steady,101000,0.0112465498968958
52,Healthy_case_data_35_Loading,HLT_l35,healthy,0,0.0,,35,35,,,steady,105000,0.0112465498968958
53,Healthy_case_data_35_Loading,HLT_l35,healthy,0,0.0,,35,35,,,steady,109000,0.0112465498968958
54,Healthy_case_data_35_Loading,HLT_l35,healthy,0,0.0,,35,35,,,steady,113000,0.0112465498968958
55,Healthy_case_data_35_Loading,HLT_l35,healthy,0,0.0,,35,35,,,steady,117000,0.0112465498968958
56,Healthy_case_data_35_Loading,HLT_l35,healthy,0,0.0,,35,35,,,steady,121000,0.0112465498968958
57,Healthy_case_data_40_Loading,HLT_l40,healthy,0,0.0,,40,40,,,steady,101000,0.0125318672508001
58,Healthy_case_data_40_Loading,HLT_l40,healthy,0,0.0,,40,40,,,steady,105000,0.0125318672508001
59,Healthy_case_data_40_Loading,HLT_l40,healthy,0,0.0,,40,40,,,steady,109000,0.0125318672508001
60,Healthy_case_data_40_Loading,HLT_l40,healthy,0,0.0,,40,40,,,steady,113000,0.0125318672508001
61,Healthy_case_data_40_Loading,HLT_l40,healthy,0,0.0,,40,40,,,steady,117000,0.0125318672508001
62,Healthy_case_data_40_Loading,HLT_l40,healthy,0,0.0,,40,40,,,steady,121000,0.0125318672508001
63,Healthy_case_data_45_Loading,HLT_l45,healthy,0,0.0,,45,45,,,steady,101000,0.0138312904164195
64,Healthy_case_data_45_Loading,HLT_l45,healthy,0,0.0,,45,45,,,steady,105000,0.0138312904164195
65,Healthy_case_data_45_Loading,HLT_l45,healthy,0,0.0,,45,45,,,steady,109000,0.0138312904164195
66,Healthy_case_data_45_Loading,HLT_l45,healthy,0,0.0,,45,45,,,steady,113000,0.0138312904164195
67,Healthy_case_data_45_Loading,HLT_l45,healthy,0,0.0,,45,45,,,steady,117000,0.0138312904164195
68,Healthy_case_data_45_Loading,HLT_l45,healthy,0,0.0,,45,45,,,steady,121000,0.0138312904164195
69,Healthy_case_data_5_Loading,HLT_l5,healthy,0,0.0,,5,5,,,steady,101000,0.0049967733211815
70,Healthy_case_data_5_Loading,HLT_l5,healthy,0,0.0,,5,5,,,steady,105000,0.0049967733211815
71,Healthy_case_data_5_Loading,HLT_l5,healthy,0,0.0,,5,5,,,steady,109000,0.0049967733211815
72,Healthy_case_data_5_Loading,HLT_l5,healthy,0,0.0,,5,5,,,steady,113000,0.0049967733211815
73,Healthy_case_data_5_Loading,HLT_l5,healthy,0,0.0,,5,5,,,steady,117000,0.0049967733211815
74,Healthy_case_data_5_Loading,HLT_l5,healthy,0,0.0,,5,5,,,steady,121000,0.0049967733211815
75,Healthy_case_data_50_Loading,HLT_l50,healthy,0,0.0,,50,50,,,steady,101000,0.0151388831436634
76,Healthy_case_data_50_Loading,HLT_l50,healthy,0,0.0,,50,50,,,steady,105000,0.0151388831436634
77,Healthy_case_data_50_Loading,HLT_l50,healthy,0,0.0,,50,50,,,steady,109000,0.0151388831436634
78,Healthy_case_data_50_Loading,HLT_l50,healthy,0,0.0,,50,50,,,steady,113000,0.0151388831436634
79,Healthy_case_data_50_Loading,HLT_l50,healthy,0,0.0,,50,50,,,steady,117000,0.0151388831436634
80,Healthy_case_data_50_Loading,HLT_l50,healthy,0,0.0,,50,50,,,steady,121000,0.0151388831436634
81,Healthy_case_data_55_Loading,HLT_l55,healthy,0,0.0,,55,55,,,steady,101000,0.0164506547152996
82,Healthy_case_data_55_Loading,HLT_l55,healthy,0,0.0,,55,55,,,steady,105000,0.0164506547152996
83,Healthy_case_data_55_Loading,HLT_l55,healthy,0,0.0,,55,55,,,steady,109000,0.0164506547152996
84,Healthy_case_data_55_Loading,HLT_l55,healthy,0,0.0,,55,55,,,steady,113000,0.0164506547152996
85,Healthy_case_data_55_Loading,HLT_l55,healthy,0,0.0,,55,55,,,steady,117000,0.0164506547152996
86,Healthy_case_data_55_Loading,HLT_l55,healthy,0,0.0,,55,55,,,steady,121000,0.0164506547152996
87,Healthy_case_data_60_Loading,HLT_l60,healthy,0,0.0,,60,60,,,steady,101000,0.0177638586610555
88,Healthy_case_data_60_Loading,HLT_l60,healthy,0,0.0,,60,60,,,steady,105000,0.0177638586610555
89,Healthy_case_data_60_Loading,HLT_l60,healthy,0,0.0,,60,60,,,steady,109000,0.0177638586610555
90,Healthy_case_data_60_Loading,HLT_l60,healthy,0,0.0,,60,60,,,steady,113000,0.0177638586610555
91,Healthy_case_data_60_Loading,HLT_l60,healthy,0,0.0,,60,60,,,steady,117000,0.0177638586610555
92,Healthy_case_data_60_Loading,HLT_l60,healthy,0,0.0,,60,60,,,steady,121000,0.0177638586610555
93,Healthy_case_data_65_Loading,HLT_l65,healthy,0,0.0,,65,65,,,steady,101000,0.0190765559673309
94,Healthy_case_data_65_Loading,HLT_l65,healthy,0,0.0,,65,65,,,steady,105000,0.0190765559673309
95,Healthy_case_data_65_Loading,HLT_l65,healthy,0,0.0,,65,65,,,steady,109000,0.0190765559673309
96,Healthy_case_data_65_Loading,HLT_l65,healthy,0,0.0,,65,65,,,steady,113000,0.0190765559673309
97,Healthy_case_data_65_Loading,HLT_l65,healthy,0,0.0,,65,65,,,steady,117000,0.0190765559673309
98,Healthy_case_data_65_Loading,HLT_l65,healthy,0,0.0,,65,65,,,steady,121000,0.0190765559673309
99,Healthy_case_data_70_Loading,HLT_l70,healthy,0,0.0,,70,70,,,steady,101000,0.0203873626887798
100,Healthy_case_data_70_Loading,HLT_l70,healthy,0,0.0,,70,70,,,steady,105000,0.0203873626887798
101,Healthy_case_data_70_Loading,HLT_l70,healthy,0,0.0,,70,70,,,steady,109000,0.0203873626887798
102,Healthy_case_data_70_Loading,HLT_l70,healthy,0,0.0,,70,70,,,steady,113000,0.0203873626887798
103,Healthy_case_data_70_Loading,HLT_l70,healthy,0,0.0,,70,70,,,steady,117000,0.0203873626887798
104,Healthy_case_data_70_Loading,HLT_l70,healthy,0,0.0,,70,70,,,steady,121000,0.0203873626887798
105,Healthy_case_data_75_Loading,HLT_l75,healthy,0,0.0,,75,75,,,steady,101000,0.0216952729970216
106,Healthy_case_data_75_Loading,HLT_l75,healthy,0,0.0,,75,75,,,steady,105000,0.0216952729970216
107,Healthy_case_data_75_Loading,HLT_l75,healthy,0,0.0,,75,75,,,steady,109000,0.0216952729970216
108,Healthy_case_data_75_Loading,HLT_l75,healthy,0,0.0,,75,75,,,steady,113000,0.0216952729970216
109,Healthy_case_data_75_Loading,HLT_l75,healthy,0,0.0,,75,75,,,steady,117000,0.0216952729970216
110,Healthy_case_data_75_Loading,HLT_l75,healthy,0,0.0,,75,75,,,steady,121000,0.0216952729970216
111,Healthy_case_data_80_Loading,HLT_l80,healthy,0,0.0,,80,80,,,steady,101000,0.0229995530098676
112,Healthy_case_data_80_Loading,HLT_l80,healthy,0,0.0,,80,80,,,steady,105000,0.0229995530098676
113,Healthy_case_data_80_Loading,HLT_l80,healthy,0,0.0,,80,80,,,steady,109000,0.0229995530098676
114,Healthy_case_data_80_Loading,HLT_l80,healthy,0,0.0,,80,80,,,steady,113000,0.0229995530098676
115,Healthy_case_data_80_Loading,HLT_l80,healthy,0,0.0,,80,80,,,steady,117000,0.0229995530098676
116,Healthy_case_data_80_Loading,HLT_l80,healthy,0,0.0,,80,80,,,steady,121000,0.0229995530098676
117,Healthy_case_data_85_Loading,HLT_l85,healthy,0,0.0,,85,85,,,steady,101000,0.0242996513843536
118,Healthy_case_data_85_Loading,HLT_l85,healthy,0,0.0,,85,85,,,steady,105000,0.0242996513843536
119,Healthy_case_data_85_Loading,HLT_l85,healthy,0,0.0,,85,85,,,steady,109000,0.0242996513843536
120,Healthy_case_data_85_Loading,HLT_l85,healthy,0,0.0,,85,85,,,steady,113000,0.0242996513843536
121,Healthy_case_data_85_Loading,HLT_l85,healthy,0,0.0,,85,85,,,steady,117000,0.0242996513843536
122,Healthy_case_data_85_Loading,HLT_l85,healthy,0,0.0,,85,85,,,steady,121000,0.0242996513843536
123,Healthy_case_data_90_Loading,HLT_l90,healthy,0,0.0,,90,90,,,steady,101000,0.0255951657891273
124,Healthy_case_data_90_Loading,HLT_l90,healthy,0,0.0,,90,90,,,steady,105000,0.0255951657891273
125,Healthy_case_data_90_Loading,HLT_l90,healthy,0,0.0,,90,90,,,steady,109000,0.0255951657891273
126,Healthy_case_data_90_Loading,HLT_l90,healthy,0,0.0,,90,90,,,steady,113000,0.0255951657891273
127,Healthy_case_data_90_Loading,HLT_l90,healthy,0,0.0,,90,90,,,steady,117000,0.0255951657891273
128,Healthy_case_data_90_Loading,HLT_l90,healthy,0,0.0,,90,90,,,steady,121000,0.0255951657891273
129,Healthy_case_data_95_Loading,HLT_l95,healthy,0,0.0,,95,95,,,steady,101000,0.0268857926130294
130,Healthy_case_data_95_Loading,HLT_l95,healthy,0,0.0,,95,95,,,steady,105000,0.0268857926130294
131,Healthy_case_data_95_Loading,HLT_l95,healthy,0,0.0,,95,95,,,steady,109000,0.0268857926130294
132,Healthy_case_data_95_Loading,HLT_l95,healthy,0,0.0,,95,95,,,steady,113000,0.0268857926130294
133,Healthy_case_data_95_Loading,HLT_l95,healthy,0,0.0,,95,95,,,steady,117000,0.0268857926130294
134,Healthy_case_data_95_Loading,HLT_l95,healthy,0,0.0,,95,95,,,steady,121000,0.0268857926130294
137,TT_fault_Data_0_3_Phase_a_0_3_0_3_100,TT_s0.3_pA_l100,healthy,0,0.0,,100,100,7.2,,prefault,118000,0.0281685851514339
139,TT_fault_Data_0_3_Phase_a_0_3_0_3_100,TT_s0.3_pA_l100,healthy,0,0.0,,100,100,7.2,,prefault,126000,0.0281685851514339
145,TT_fault_Data_0_3_Phase_a_0_3_0_3_100,TT_s0.3_pA_l100,healthy,0,0.0,,100,100,7.2,,prefault,150000,0.0281685851514339
146,TT_fault_Data_0_3_Phase_a_0_3_0_3_100,TT_s0.3_pA_l100,healthy,0,0.0,,100,100,7.2,,prefault,154000,0.0281685851514339
157,TT_fault_Data_0_3_Phase_a_0_3_0_3_100,TT_s0.3_pA_l100,faulty,1,0.3,A,100,100,7.2,,fault,183000,0.0281685851514339
161,TT_fault_Data_0_3_Phase_a_0_3_0_3_100,TT_s0.3_pA_l100,faulty,1,0.3,A,100,100,7.2,,fault,185000,0.0281685851514339
163,TT_fault_Data_0_3_Phase_a_0_3_0_3_100,TT_s0.3_pA_l100,faulty,1,0.3,A,100,100,7.2,,fault,186000,0.0281685851514339
164,TT_fault_Data_0_3_Phase_a_0_3_0_3_100,TT_s0.3_pA_l100,faulty,1,0.3,A,100,100,7.2,,fault,186500,0.0281685851514339
165,TT_fault_Data_0_3_Phase_a_0_3_0_3_100,TT_s0.3_pA_l100,faulty,1,0.3,A,100,100,7.2,,fault,187000,0.0281685851514339
166,TT_fault_Data_0_3_Phase_a_0_3_0_3_100,TT_s0.3_pA_l100,faulty,1,0.3,A,100,100,7.2,,fault,187500,0.0281685851514339
167,TT_fault_Data_0_3_Phase_a_0_3_0_3_100,TT_s0.3_pA_l100,faulty,1,0.3,A,100,100,7.2,,fault,188000,0.0281685851514339
169,TT_fault_Data_0_3_Phase_a_0_3_0_3_100,TT_s0.3_pA_l100,faulty,1,0.3,A,100,100,7.2,,fault,189000,0.0281685851514339
172,TT_fault_Data_0_3_Phase_a_0_3_0_3_100,TT_s0.3_pA_l100,faulty,1,0.3,A,100,100,7.2,,fault,190500,0.0281685851514339
175,TT_fault_Data_0_3_Phase_a_0_3_0_3_100,TT_s0.3_pA_l100,faulty,1,0.3,A,100,100,7.2,,fault,192000,0.0281685851514339
177,TT_fault_Data_0_3_Phase_a_0_3_0_3_100,TT_s0.3_pA_l100,faulty,1,0.3,A,100,100,7.2,,fault,193000,0.0281685851514339
178,TT_fault_Data_0_3_Phase_a_0_3_0_3_100,TT_s0.3_pA_l100,faulty,1,0.3,A,100,100,7.2,,fault,193500,0.0281685851514339
189,TT_fault_Data_0_3_Phase_a_0_3_0_3_20,TT_s0.3_pA_l20,healthy,0,0.0,,20,20,7.2,,prefault,118000,0.0075932797044515
191,TT_fault_Data_0_3_Phase_a_0_3_0_3_20,TT_s0.3_pA_l20,healthy,0,0.0,,20,20,7.2,,prefault,126000,0.0075932797044515
197,TT_fault_Data_0_3_Phase_a_0_3_0_3_20,TT_s0.3_pA_l20,healthy,0,0.0,,20,20,7.2,,prefault,150000,0.0075932797044515
198,TT_fault_Data_0_3_Phase_a_0_3_0_3_20,TT_s0.3_pA_l20,healthy,0,0.0,,20,20,7.2,,prefault,154000,0.0075932797044515
209,TT_fault_Data_0_3_Phase_a_0_3_0_3_20,TT_s0.3_pA_l20,faulty,1,0.3,A,20,20,7.2,,fault,183000,0.0075932797044515
213,TT_fault_Data_0_3_Phase_a_0_3_0_3_20,TT_s0.3_pA_l20,faulty,1,0.3,A,20,20,7.2,,fault,185000,0.0075932797044515
215,TT_fault_Data_0_3_Phase_a_0_3_0_3_20,TT_s0.3_pA_l20,faulty,1,0.3,A,20,20,7.2,,fault,186000,0.0075932797044515
216,TT_fault_Data_0_3_Phase_a_0_3_0_3_20,TT_s0.3_pA_l20,faulty,1,0.3,A,20,20,7.2,,fault,186500,0.0075932797044515
217,TT_fault_Data_0_3_Phase_a_0_3_0_3_20,TT_s0.3_pA_l20,faulty,1,0.3,A,20,20,7.2,,fault,187000,0.0075932797044515
218,TT_fault_Data_0_3_Phase_a_0_3_0_3_20,TT_s0.3_pA_l20,faulty,1,0.3,A,20,20,7.2,,fault,187500,0.0075932797044515
219,TT_fault_Data_0_3_Phase_a_0_3_0_3_20,TT_s0.3_pA_l20,faulty,1,0.3,A,20,20,7.2,,fault,188000,0.0075932797044515
221,TT_fault_Data_0_3_Phase_a_0_3_0_3_20,TT_s0.3_pA_l20,faulty,1,0.3,A,20,20,7.2,,fault,189000,0.0075932797044515
224,TT_fault_Data_0_3_Phase_a_0_3_0_3_20,TT_s0.3_pA_l20,faulty,1,0.3,A,20,20,7.2,,fault,190500,0.0075932797044515
227,TT_fault_Data_0_3_Phase_a_0_3_0_3_20,TT_s0.3_pA_l20,faulty,1,0.3,A,20,20,7.2,,fault,192000,0.0075932797044515
229,TT_fault_Data_0_3_Phase_a_0_3_0_3_20,TT_s0.3_pA_l20,faulty,1,0.3,A,20,20,7.2,,fault,193000,0.0075932797044515
230,TT_fault_Data_0_3_Phase_a_0_3_0_3_20,TT_s0.3_pA_l20,faulty,1,0.3,A,20,20,7.2,,fault,193500,0.0075932797044515
241,TT_fault_Data_0_3_Phase_a_0_3_0_3_40,TT_s0.3_pA_l40,healthy,0,0.0,,40,40,7.2,,prefault,118000,0.0125286476686596
243,TT_fault_Data_0_3_Phase_a_0_3_0_3_40,TT_s0.3_pA_l40,healthy,0,0.0,,40,40,7.2,,prefault,126000,0.0125286476686596
249,TT_fault_Data_0_3_Phase_a_0_3_0_3_40,TT_s0.3_pA_l40,healthy,0,0.0,,40,40,7.2,,prefault,150000,0.0125286476686596
250,TT_fault_Data_0_3_Phase_a_0_3_0_3_40,TT_s0.3_pA_l40,healthy,0,0.0,,40,40,7.2,,prefault,154000,0.0125286476686596
261,TT_fault_Data_0_3_Phase_a_0_3_0_3_40,TT_s0.3_pA_l40,faulty,1,0.3,A,40,40,7.2,,fault,183000,0.0125286476686596
265,TT_fault_Data_0_3_Phase_a_0_3_0_3_40,TT_s0.3_pA_l40,faulty,1,0.3,A,40,40,7.2,,fault,185000,0.0125286476686596
267,TT_fault_Data_0_3_Phase_a_0_3_0_3_40,TT_s0.3_pA_l40,faulty,1,0.3,A,40,40,7.2,,fault,186000,0.0125286476686596
268,TT_fault_Data_0_3_Phase_a_0_3_0_3_40,TT_s0.3_pA_l40,faulty,1,0.3,A,40,40,7.2,,fault,186500,0.0125286476686596
269,TT_fault_Data_0_3_Phase_a_0_3_0_3_40,TT_s0.3_pA_l40,faulty,1,0.3,A,40,40,7.2,,fault,187000,0.0125286476686596
270,TT_fault_Data_0_3_Phase_a_0_3_0_3_40,TT_s0.3_pA_l40,faulty,1,0.3,A,40,40,7.2,,fault,187500,0.0125286476686596
271,TT_fault_Data_0_3_Phase_a_0_3_0_3_40,TT_s0.3_pA_l40,faulty,1,0.3,A,40,40,7.2,,fault,188000,0.0125286476686596
273,TT_fault_Data_0_3_Phase_a_0_3_0_3_40,TT_s0.3_pA_l40,faulty,1,0.3,A,40,40,7.2,,fault,189000,0.0125286476686596
276,TT_fault_Data_0_3_Phase_a_0_3_0_3_40,TT_s0.3_pA_l40,faulty,1,0.3,A,40,40,7.2,,fault,190500,0.0125286476686596
279,TT_fault_Data_0_3_Phase_a_0_3_0_3_40,TT_s0.3_pA_l40,faulty,1,0.3,A,40,40,7.2,,fault,192000,0.0125286476686596
281,TT_fault_Data_0_3_Phase_a_0_3_0_3_40,TT_s0.3_pA_l40,faulty,1,0.3,A,40,40,7.2,,fault,193000,0.0125286476686596
282,TT_fault_Data_0_3_Phase_a_0_3_0_3_40,TT_s0.3_pA_l40,faulty,1,0.3,A,40,40,7.2,,fault,193500,0.0125286476686596
293,TT_fault_Data_0_3_Phase_a_0_3_0_3_60,TT_s0.3_pA_l60,healthy,0,0.0,,60,60,7.2,,prefault,118000,0.0177607033401727
295,TT_fault_Data_0_3_Phase_a_0_3_0_3_60,TT_s0.3_pA_l60,healthy,0,0.0,,60,60,7.2,,prefault,126000,0.0177607033401727
301,TT_fault_Data_0_3_Phase_a_0_3_0_3_60,TT_s0.3_pA_l60,healthy,0,0.0,,60,60,7.2,,prefault,150000,0.0177607033401727
302,TT_fault_Data_0_3_Phase_a_0_3_0_3_60,TT_s0.3_pA_l60,healthy,0,0.0,,60,60,7.2,,prefault,154000,0.0177607033401727
313,TT_fault_Data_0_3_Phase_a_0_3_0_3_60,TT_s0.3_pA_l60,faulty,1,0.3,A,60,60,7.2,,fault,183000,0.0177607033401727
317,TT_fault_Data_0_3_Phase_a_0_3_0_3_60,TT_s0.3_pA_l60,faulty,1,0.3,A,60,60,7.2,,fault,185000,0.0177607033401727
319,TT_fault_Data_0_3_Phase_a_0_3_0_3_60,TT_s0.3_pA_l60,faulty,1,0.3,A,60,60,7.2,,fault,186000,0.0177607033401727
320,TT_fault_Data_0_3_Phase_a_0_3_0_3_60,TT_s0.3_pA_l60,faulty,1,0.3,A,60,60,7.2,,fault,186500,0.0177607033401727
321,TT_fault_Data_0_3_Phase_a_0_3_0_3_60,TT_s0.3_pA_l60,faulty,1,0.3,A,60,60,7.2,,fault,187000,0.0177607033401727
322,TT_fault_Data_0_3_Phase_a_0_3_0_3_60,TT_s0.3_pA_l60,faulty,1,0.3,A,60,60,7.2,,fault,187500,0.0177607033401727
323,TT_fault_Data_0_3_Phase_a_0_3_0_3_60,TT_s0.3_pA_l60,faulty,1,0.3,A,60,60,7.2,,fault,188000,0.0177607033401727
325,TT_fault_Data_0_3_Phase_a_0_3_0_3_60,TT_s0.3_pA_l60,faulty,1,0.3,A,60,60,7.2,,fault,189000,0.0177607033401727
328,TT_fault_Data_0_3_Phase_a_0_3_0_3_60,TT_s0.3_pA_l60,faulty,1,0.3,A,60,60,7.2,,fault,190500,0.0177607033401727
331,TT_fault_Data_0_3_Phase_a_0_3_0_3_60,TT_s0.3_pA_l60,faulty,1,0.3,A,60,60,7.2,,fault,192000,0.0177607033401727
333,TT_fault_Data_0_3_Phase_a_0_3_0_3_60,TT_s0.3_pA_l60,faulty,1,0.3,A,60,60,7.2,,fault,193000,0.0177607033401727
334,TT_fault_Data_0_3_Phase_a_0_3_0_3_60,TT_s0.3_pA_l60,faulty,1,0.3,A,60,60,7.2,,fault,193500,0.0177607033401727
345,TT_fault_Data_0_3_Phase_a_0_3_0_3_80,TT_s0.3_pA_l80,healthy,0,0.0,,80,80,7.2,,prefault,118000,0.0229965765029191
347,TT_fault_Data_0_3_Phase_a_0_3_0_3_80,TT_s0.3_pA_l80,healthy,0,0.0,,80,80,7.2,,prefault,126000,0.0229965765029191
353,TT_fault_Data_0_3_Phase_a_0_3_0_3_80,TT_s0.3_pA_l80,healthy,0,0.0,,80,80,7.2,,prefault,150000,0.0229965765029191
354,TT_fault_Data_0_3_Phase_a_0_3_0_3_80,TT_s0.3_pA_l80,healthy,0,0.0,,80,80,7.2,,prefault,154000,0.0229965765029191
365,TT_fault_Data_0_3_Phase_a_0_3_0_3_80,TT_s0.3_pA_l80,faulty,1,0.3,A,80,80,7.2,,fault,183000,0.0229965765029191
369,TT_fault_Data_0_3_Phase_a_0_3_0_3_80,TT_s0.3_pA_l80,faulty,1,0.3,A,80,80,7.2,,fault,185000,0.0229965765029191
371,TT_fault_Data_0_3_Phase_a_0_3_0_3_80,TT_s0.3_pA_l80,faulty,1,0.3,A,80,80,7.2,,fault,186000,0.0229965765029191
372,TT_fault_Data_0_3_Phase_a_0_3_0_3_80,TT_s0.3_pA_l80,faulty,1,0.3,A,80,80,7.2,,fault,186500,0.0229965765029191
373,TT_fault_Data_0_3_Phase_a_0_3_0_3_80,TT_s0.3_pA_l80,faulty,1,0.3,A,80,80,7.2,,fault,187000,0.0229965765029191
374,TT_fault_Data_0_3_Phase_a_0_3_0_3_80,TT_s0.3_pA_l80,faulty,1,0.3,A,80,80,7.2,,fault,187500,0.0229965765029191
375,TT_fault_Data_0_3_Phase_a_0_3_0_3_80,TT_s0.3_pA_l80,faulty,1,0.3,A,80,80,7.2,,fault,188000,0.0229965765029191
377,TT_fault_Data_0_3_Phase_a_0_3_0_3_80,TT_s0.3_pA_l80,faulty,1,0.3,A,80,80,7.2,,fault,189000,0.0229965765029191
380,TT_fault_Data_0_3_Phase_a_0_3_0_3_80,TT_s0.3_pA_l80,faulty,1,0.3,A,80,80,7.2,,fault,190500,0.0229965765029191
383,TT_fault_Data_0_3_Phase_a_0_3_0_3_80,TT_s0.3_pA_l80,faulty,1,0.3,A,80,80,7.2,,fault,192000,0.0229965765029191
385,TT_fault_Data_0_3_Phase_a_0_3_0_3_80,TT_s0.3_pA_l80,faulty,1,0.3,A,80,80,7.2,,fault,193000,0.0229965765029191
386,TT_fault_Data_0_3_Phase_a_0_3_0_3_80,TT_s0.3_pA_l80,faulty,1,0.3,A,80,80,7.2,,fault,193500,0.0229965765029191
409,TT_fault_Data_0_3_Phase_a_0_3_0_3_NL,TT_s0.3_pA_lNL,healthy,0,0.0,,NL,0,7.2,,prefault,136000,0.004741339944303
457,TT_fault_Data_0_3_Phase_b_0_3_0_3_100,TT_s0.3_pB_l100,healthy,0,0.0,,100,100,7.2,,prefault,118000,0.0281685851514339
459,TT_fault_Data_0_3_Phase_b_0_3_0_3_100,TT_s0.3_pB_l100,healthy,0,0.0,,100,100,7.2,,prefault,126000,0.0281685851514339
465,TT_fault_Data_0_3_Phase_b_0_3_0_3_100,TT_s0.3_pB_l100,healthy,0,0.0,,100,100,7.2,,prefault,150000,0.0281685851514339
466,TT_fault_Data_0_3_Phase_b_0_3_0_3_100,TT_s0.3_pB_l100,healthy,0,0.0,,100,100,7.2,,prefault,154000,0.0281685851514339
477,TT_fault_Data_0_3_Phase_b_0_3_0_3_100,TT_s0.3_pB_l100,faulty,1,0.3,B,100,100,7.2,,fault,183000,0.0281685851514339
481,TT_fault_Data_0_3_Phase_b_0_3_0_3_100,TT_s0.3_pB_l100,faulty,1,0.3,B,100,100,7.2,,fault,185000,0.0281685851514339
483,TT_fault_Data_0_3_Phase_b_0_3_0_3_100,TT_s0.3_pB_l100,faulty,1,0.3,B,100,100,7.2,,fault,186000,0.0281685851514339
484,TT_fault_Data_0_3_Phase_b_0_3_0_3_100,TT_s0.3_pB_l100,faulty,1,0.3,B,100,100,7.2,,fault,186500,0.0281685851514339
485,TT_fault_Data_0_3_Phase_b_0_3_0_3_100,TT_s0.3_pB_l100,faulty,1,0.3,B,100,100,7.2,,fault,187000,0.0281685851514339
486,TT_fault_Data_0_3_Phase_b_0_3_0_3_100,TT_s0.3_pB_l100,faulty,1,0.3,B,100,100,7.2,,fault,187500,0.0281685851514339
487,TT_fault_Data_0_3_Phase_b_0_3_0_3_100,TT_s0.3_pB_l100,faulty,1,0.3,B,100,100,7.2,,fault,188000,0.0281685851514339
489,TT_fault_Data_0_3_Phase_b_0_3_0_3_100,TT_s0.3_pB_l100,faulty,1,0.3,B,100,100,7.2,,fault,189000,0.0281685851514339
492,TT_fault_Data_0_3_Phase_b_0_3_0_3_100,TT_s0.3_pB_l100,faulty,1,0.3,B,100,100,7.2,,fault,190500,0.0281685851514339
495,TT_fault_Data_0_3_Phase_b_0_3_0_3_100,TT_s0.3_pB_l100,faulty,1,0.3,B,100,100,7.2,,fault,192000,0.0281685851514339
497,TT_fault_Data_0_3_Phase_b_0_3_0_3_100,TT_s0.3_pB_l100,faulty,1,0.3,B,100,100,7.2,,fault,193000,0.0281685851514339
498,TT_fault_Data_0_3_Phase_b_0_3_0_3_100,TT_s0.3_pB_l100,faulty,1,0.3,B,100,100,7.2,,fault,193500,0.0281685851514339
509,TT_fault_Data_0_3_Phase_b_0_3_0_3_20,TT_s0.3_pB_l20,healthy,0,0.0,,20,20,7.2,,prefault,118000,0.0075932797044515
511,TT_fault_Data_0_3_Phase_b_0_3_0_3_20,TT_s0.3_pB_l20,healthy,0,0.0,,20,20,7.2,,prefault,126000,0.0075932797044515
517,TT_fault_Data_0_3_Phase_b_0_3_0_3_20,TT_s0.3_pB_l20,healthy,0,0.0,,20,20,7.2,,prefault,150000,0.0075932797044515
518,TT_fault_Data_0_3_Phase_b_0_3_0_3_20,TT_s0.3_pB_l20,healthy,0,0.0,,20,20,7.2,,prefault,154000,0.0075932797044515
529,TT_fault_Data_0_3_Phase_b_0_3_0_3_20,TT_s0.3_pB_l20,faulty,1,0.3,B,20,20,7.2,,fault,183000,0.0075932797044515
533,TT_fault_Data_0_3_Phase_b_0_3_0_3_20,TT_s0.3_pB_l20,faulty,1,0.3,B,20,20,7.2,,fault,185000,0.0075932797044515
535,TT_fault_Data_0_3_Phase_b_0_3_0_3_20,TT_s0.3_pB_l20,faulty,1,0.3,B,20,20,7.2,,fault,186000,0.0075932797044515
536,TT_fault_Data_0_3_Phase_b_0_3_0_3_20,TT_s0.3_pB_l20,faulty,1,0.3,B,20,20,7.2,,fault,186500,0.0075932797044515
537,TT_fault_Data_0_3_Phase_b_0_3_0_3_20,TT_s0.3_pB_l20,faulty,1,0.3,B,20,20,7.2,,fault,187000,0.0075932797044515
538,TT_fault_Data_0_3_Phase_b_0_3_0_3_20,TT_s0.3_pB_l20,faulty,1,0.3,B,20,20,7.2,,fault,187500,0.0075932797044515
539,TT_fault_Data_0_3_Phase_b_0_3_0_3_20,TT_s0.3_pB_l20,faulty,1,0.3,B,20,20,7.2,,fault,188000,0.0075932797044515
541,TT_fault_Data_0_3_Phase_b_0_3_0_3_20,TT_s0.3_pB_l20,faulty,1,0.3,B,20,20,7.2,,fault,189000,0.0075932797044515
544,TT_fault_Data_0_3_Phase_b_0_3_0_3_20,TT_s0.3_pB_l20,faulty,1,0.3,B,20,20,7.2,,fault,190500,0.0075932797044515
547,TT_fault_Data_0_3_Phase_b_0_3_0_3_20,TT_s0.3_pB_l20,faulty,1,0.3,B,20,20,7.2,,fault,192000,0.0075932797044515
549,TT_fault_Data_0_3_Phase_b_0_3_0_3_20,TT_s0.3_pB_l20,faulty,1,0.3,B,20,20,7.2,,fault,193000,0.0075932797044515
550,TT_fault_Data_0_3_Phase_b_0_3_0_3_20,TT_s0.3_pB_l20,faulty,1,0.3,B,20,20,7.2,,fault,193500,0.0075932797044515
561,TT_fault_Data_0_3_Phase_b_0_3_0_3_40,TT_s0.3_pB_l40,healthy,0,0.0,,40,40,7.2,,prefault,118000,0.0125286476686596
563,TT_fault_Data_0_3_Phase_b_0_3_0_3_40,TT_s0.3_pB_l40,healthy,0,0.0,,40,40,7.2,,prefault,126000,0.0125286476686596
569,TT_fault_Data_0_3_Phase_b_0_3_0_3_40,TT_s0.3_pB_l40,healthy,0,0.0,,40,40,7.2,,prefault,150000,0.0125286476686596
570,TT_fault_Data_0_3_Phase_b_0_3_0_3_40,TT_s0.3_pB_l40,healthy,0,0.0,,40,40,7.2,,prefault,154000,0.0125286476686596
581,TT_fault_Data_0_3_Phase_b_0_3_0_3_40,TT_s0.3_pB_l40,faulty,1,0.3,B,40,40,7.2,,fault,183000,0.0125286476686596
585,TT_fault_Data_0_3_Phase_b_0_3_0_3_40,TT_s0.3_pB_l40,faulty,1,0.3,B,40,40,7.2,,fault,185000,0.0125286476686596
587,TT_fault_Data_0_3_Phase_b_0_3_0_3_40,TT_s0.3_pB_l40,faulty,1,0.3,B,40,40,7.2,,fault,186000,0.0125286476686596
588,TT_fault_Data_0_3_Phase_b_0_3_0_3_40,TT_s0.3_pB_l40,faulty,1,0.3,B,40,40,7.2,,fault,186500,0.0125286476686596
589,TT_fault_Data_0_3_Phase_b_0_3_0_3_40,TT_s0.3_pB_l40,faulty,1,0.3,B,40,40,7.2,,fault,187000,0.0125286476686596
590,TT_fault_Data_0_3_Phase_b_0_3_0_3_40,TT_s0.3_pB_l40,faulty,1,0.3,B,40,40,7.2,,fault,187500,0.0125286476686596
591,TT_fault_Data_0_3_Phase_b_0_3_0_3_40,TT_s0.3_pB_l40,faulty,1,0.3,B,40,40,7.2,,fault,188000,0.0125286476686596
593,TT_fault_Data_0_3_Phase_b_0_3_0_3_40,TT_s0.3_pB_l40,faulty,1,0.3,B,40,40,7.2,,fault,189000,0.0125286476686596
596,TT_fault_Data_0_3_Phase_b_0_3_0_3_40,TT_s0.3_pB_l40,faulty,1,0.3,B,40,40,7.2,,fault,190500,0.0125286476686596
599,TT_fault_Data_0_3_Phase_b_0_3_0_3_40,TT_s0.3_pB_l40,faulty,1,0.3,B,40,40,7.2,,fault,192000,0.0125286476686596
601,TT_fault_Data_0_3_Phase_b_0_3_0_3_40,TT_s0.3_pB_l40,faulty,1,0.3,B,40,40,7.2,,fault,193000,0.0125286476686596
602,TT_fault_Data_0_3_Phase_b_0_3_0_3_40,TT_s0.3_pB_l40,faulty,1,0.3,B,40,40,7.2,,fault,193500,0.0125286476686596
613,TT_fault_Data_0_3_Phase_b_0_3_0_3_60,TT_s0.3_pB_l60,healthy,0,0.0,,60,60,7.2,,prefault,118000,0.0177607033401727
615,TT_fault_Data_0_3_Phase_b_0_3_0_3_60,TT_s0.3_pB_l60,healthy,0,0.0,,60,60,7.2,,prefault,126000,0.0177607033401727
621,TT_fault_Data_0_3_Phase_b_0_3_0_3_60,TT_s0.3_pB_l60,healthy,0,0.0,,60,60,7.2,,prefault,150000,0.0177607033401727
622,TT_fault_Data_0_3_Phase_b_0_3_0_3_60,TT_s0.3_pB_l60,healthy,0,0.0,,60,60,7.2,,prefault,154000,0.0177607033401727
633,TT_fault_Data_0_3_Phase_b_0_3_0_3_60,TT_s0.3_pB_l60,faulty,1,0.3,B,60,60,7.2,,fault,183000,0.0177607033401727
637,TT_fault_Data_0_3_Phase_b_0_3_0_3_60,TT_s0.3_pB_l60,faulty,1,0.3,B,60,60,7.2,,fault,185000,0.0177607033401727
639,TT_fault_Data_0_3_Phase_b_0_3_0_3_60,TT_s0.3_pB_l60,faulty,1,0.3,B,60,60,7.2,,fault,186000,0.0177607033401727
640,TT_fault_Data_0_3_Phase_b_0_3_0_3_60,TT_s0.3_pB_l60,faulty,1,0.3,B,60,60,7.2,,fault,186500,0.0177607033401727
641,TT_fault_Data_0_3_Phase_b_0_3_0_3_60,TT_s0.3_pB_l60,faulty,1,0.3,B,60,60,7.2,,fault,187000,0.0177607033401727
642,TT_fault_Data_0_3_Phase_b_0_3_0_3_60,TT_s0.3_pB_l60,faulty,1,0.3,B,60,60,7.2,,fault,187500,0.0177607033401727
643,TT_fault_Data_0_3_Phase_b_0_3_0_3_60,TT_s0.3_pB_l60,faulty,1,0.3,B,60,60,7.2,,fault,188000,0.0177607033401727
645,TT_fault_Data_0_3_Phase_b_0_3_0_3_60,TT_s0.3_pB_l60,faulty,1,0.3,B,60,60,7.2,,fault,189000,0.0177607033401727
648,TT_fault_Data_0_3_Phase_b_0_3_0_3_60,TT_s0.3_pB_l60,faulty,1,0.3,B,60,60,7.2,,fault,190500,0.0177607033401727
651,TT_fault_Data_0_3_Phase_b_0_3_0_3_60,TT_s0.3_pB_l60,faulty,1,0.3,B,60,60,7.2,,fault,192000,0.0177607033401727
653,TT_fault_Data_0_3_Phase_b_0_3_0_3_60,TT_s0.3_pB_l60,faulty,1,0.3,B,60,60,7.2,,fault,193000,0.0177607033401727
654,TT_fault_Data_0_3_Phase_b_0_3_0_3_60,TT_s0.3_pB_l60,faulty,1,0.3,B,60,60,7.2,,fault,193500,0.0177607033401727
665,TT_fault_Data_0_3_Phase_b_0_3_0_3_80,TT_s0.3_pB_l80,healthy,0,0.0,,80,80,7.2,,prefault,118000,0.0229965765029191
667,TT_fault_Data_0_3_Phase_b_0_3_0_3_80,TT_s0.3_pB_l80,healthy,0,0.0,,80,80,7.2,,prefault,126000,0.0229965765029191
673,TT_fault_Data_0_3_Phase_b_0_3_0_3_80,TT_s0.3_pB_l80,healthy,0,0.0,,80,80,7.2,,prefault,150000,0.0229965765029191
674,TT_fault_Data_0_3_Phase_b_0_3_0_3_80,TT_s0.3_pB_l80,healthy,0,0.0,,80,80,7.2,,prefault,154000,0.0229965765029191
685,TT_fault_Data_0_3_Phase_b_0_3_0_3_80,TT_s0.3_pB_l80,faulty,1,0.3,B,80,80,7.2,,fault,183000,0.0229965765029191
689,TT_fault_Data_0_3_Phase_b_0_3_0_3_80,TT_s0.3_pB_l80,faulty,1,0.3,B,80,80,7.2,,fault,185000,0.0229965765029191
691,TT_fault_Data_0_3_Phase_b_0_3_0_3_80,TT_s0.3_pB_l80,faulty,1,0.3,B,80,80,7.2,,fault,186000,0.0229965765029191
692,TT_fault_Data_0_3_Phase_b_0_3_0_3_80,TT_s0.3_pB_l80,faulty,1,0.3,B,80,80,7.2,,fault,186500,0.0229965765029191
693,TT_fault_Data_0_3_Phase_b_0_3_0_3_80,TT_s0.3_pB_l80,faulty,1,0.3,B,80,80,7.2,,fault,187000,0.0229965765029191
694,TT_fault_Data_0_3_Phase_b_0_3_0_3_80,TT_s0.3_pB_l80,faulty,1,0.3,B,80,80,7.2,,fault,187500,0.0229965765029191
695,TT_fault_Data_0_3_Phase_b_0_3_0_3_80,TT_s0.3_pB_l80,faulty,1,0.3,B,80,80,7.2,,fault,188000,0.0229965765029191
697,TT_fault_Data_0_3_Phase_b_0_3_0_3_80,TT_s0.3_pB_l80,faulty,1,0.3,B,80,80,7.2,,fault,189000,0.0229965765029191
700,TT_fault_Data_0_3_Phase_b_0_3_0_3_80,TT_s0.3_pB_l80,faulty,1,0.3,B,80,80,7.2,,fault,190500,0.0229965765029191
703,TT_fault_Data_0_3_Phase_b_0_3_0_3_80,TT_s0.3_pB_l80,faulty,1,0.3,B,80,80,7.2,,fault,192000,0.0229965765029191
705,TT_fault_Data_0_3_Phase_b_0_3_0_3_80,TT_s0.3_pB_l80,faulty,1,0.3,B,80,80,7.2,,fault,193000,0.0229965765029191
706,TT_fault_Data_0_3_Phase_b_0_3_0_3_80,TT_s0.3_pB_l80,faulty,1,0.3,B,80,80,7.2,,fault,193500,0.0229965765029191
729,TT_fault_Data_0_3_Phase_b_0_3_0_3_NL,TT_s0.3_pB_lNL,healthy,0,0.0,,NL,0,7.2,,prefault,136000,0.004741339944303
777,TT_fault_Data_0_3_Phase_c_0_3_0_3_100,TT_s0.3_pC_l100,healthy,0,0.0,,100,100,7.2,,prefault,118000,0.0281685665249824
779,TT_fault_Data_0_3_Phase_c_0_3_0_3_100,TT_s0.3_pC_l100,healthy,0,0.0,,100,100,7.2,,prefault,126000,0.0281685665249824
785,TT_fault_Data_0_3_Phase_c_0_3_0_3_100,TT_s0.3_pC_l100,healthy,0,0.0,,100,100,7.2,,prefault,150000,0.0281685665249824
786,TT_fault_Data_0_3_Phase_c_0_3_0_3_100,TT_s0.3_pC_l100,healthy,0,0.0,,100,100,7.2,,prefault,154000,0.0281685665249824
797,TT_fault_Data_0_3_Phase_c_0_3_0_3_100,TT_s0.3_pC_l100,faulty,1,0.3,C,100,100,7.2,,fault,183000,0.0281685665249824
801,TT_fault_Data_0_3_Phase_c_0_3_0_3_100,TT_s0.3_pC_l100,faulty,1,0.3,C,100,100,7.2,,fault,185000,0.0281685665249824
803,TT_fault_Data_0_3_Phase_c_0_3_0_3_100,TT_s0.3_pC_l100,faulty,1,0.3,C,100,100,7.2,,fault,186000,0.0281685665249824
804,TT_fault_Data_0_3_Phase_c_0_3_0_3_100,TT_s0.3_pC_l100,faulty,1,0.3,C,100,100,7.2,,fault,186500,0.0281685665249824
805,TT_fault_Data_0_3_Phase_c_0_3_0_3_100,TT_s0.3_pC_l100,faulty,1,0.3,C,100,100,7.2,,fault,187000,0.0281685665249824
806,TT_fault_Data_0_3_Phase_c_0_3_0_3_100,TT_s0.3_pC_l100,faulty,1,0.3,C,100,100,7.2,,fault,187500,0.0281685665249824
807,TT_fault_Data_0_3_Phase_c_0_3_0_3_100,TT_s0.3_pC_l100,faulty,1,0.3,C,100,100,7.2,,fault,188000,0.0281685665249824
809,TT_fault_Data_0_3_Phase_c_0_3_0_3_100,TT_s0.3_pC_l100,faulty,1,0.3,C,100,100,7.2,,fault,189000,0.0281685665249824
812,TT_fault_Data_0_3_Phase_c_0_3_0_3_100,TT_s0.3_pC_l100,faulty,1,0.3,C,100,100,7.2,,fault,190500,0.0281685665249824
815,TT_fault_Data_0_3_Phase_c_0_3_0_3_100,TT_s0.3_pC_l100,faulty,1,0.3,C,100,100,7.2,,fault,192000,0.0281685665249824
817,TT_fault_Data_0_3_Phase_c_0_3_0_3_100,TT_s0.3_pC_l100,faulty,1,0.3,C,100,100,7.2,,fault,193000,0.0281685665249824
818,TT_fault_Data_0_3_Phase_c_0_3_0_3_100,TT_s0.3_pC_l100,faulty,1,0.3,C,100,100,7.2,,fault,193500,0.0281685665249824
829,TT_fault_Data_0_3_Phase_c_0_3_0_3_20,TT_s0.3_pC_l20,healthy,0,0.0,,20,20,7.2,,prefault,118000,0.0075930142775177
831,TT_fault_Data_0_3_Phase_c_0_3_0_3_20,TT_s0.3_pC_l20,healthy,0,0.0,,20,20,7.2,,prefault,126000,0.0075930142775177
837,TT_fault_Data_0_3_Phase_c_0_3_0_3_20,TT_s0.3_pC_l20,healthy,0,0.0,,20,20,7.2,,prefault,150000,0.0075930142775177
838,TT_fault_Data_0_3_Phase_c_0_3_0_3_20,TT_s0.3_pC_l20,healthy,0,0.0,,20,20,7.2,,prefault,154000,0.0075930142775177
849,TT_fault_Data_0_3_Phase_c_0_3_0_3_20,TT_s0.3_pC_l20,faulty,1,0.3,C,20,20,7.2,,fault,183000,0.0075930142775177
853,TT_fault_Data_0_3_Phase_c_0_3_0_3_20,TT_s0.3_pC_l20,faulty,1,0.3,C,20,20,7.2,,fault,185000,0.0075930142775177
855,TT_fault_Data_0_3_Phase_c_0_3_0_3_20,TT_s0.3_pC_l20,faulty,1,0.3,C,20,20,7.2,,fault,186000,0.0075930142775177
856,TT_fault_Data_0_3_Phase_c_0_3_0_3_20,TT_s0.3_pC_l20,faulty,1,0.3,C,20,20,7.2,,fault,186500,0.0075930142775177
857,TT_fault_Data_0_3_Phase_c_0_3_0_3_20,TT_s0.3_pC_l20,faulty,1,0.3,C,20,20,7.2,,fault,187000,0.0075930142775177
858,TT_fault_Data_0_3_Phase_c_0_3_0_3_20,TT_s0.3_pC_l20,faulty,1,0.3,C,20,20,7.2,,fault,187500,0.0075930142775177
859,TT_fault_Data_0_3_Phase_c_0_3_0_3_20,TT_s0.3_pC_l20,faulty,1,0.3,C,20,20,7.2,,fault,188000,0.0075930142775177
861,TT_fault_Data_0_3_Phase_c_0_3_0_3_20,TT_s0.3_pC_l20,faulty,1,0.3,C,20,20,7.2,,fault,189000,0.0075930142775177
864,TT_fault_Data_0_3_Phase_c_0_3_0_3_20,TT_s0.3_pC_l20,faulty,1,0.3,C,20,20,7.2,,fault,190500,0.0075930142775177
867,TT_fault_Data_0_3_Phase_c_0_3_0_3_20,TT_s0.3_pC_l20,faulty,1,0.3,C,20,20,7.2,,fault,192000,0.0075930142775177
869,TT_fault_Data_0_3_Phase_c_0_3_0_3_20,TT_s0.3_pC_l20,faulty,1,0.3,C,20,20,7.2,,fault,193000,0.0075930142775177
870,TT_fault_Data_0_3_Phase_c_0_3_0_3_20,TT_s0.3_pC_l20,faulty,1,0.3,C,20,20,7.2,,fault,193500,0.0075930142775177
881,TT_fault_Data_0_3_Phase_c_0_3_0_3_40,TT_s0.3_pC_l40,healthy,0,0.0,,40,40,7.2,,prefault,118000,0.0125283971428871
883,TT_fault_Data_0_3_Phase_c_0_3_0_3_40,TT_s0.3_pC_l40,healthy,0,0.0,,40,40,7.2,,prefault,126000,0.0125283971428871
889,TT_fault_Data_0_3_Phase_c_0_3_0_3_40,TT_s0.3_pC_l40,healthy,0,0.0,,40,40,7.2,,prefault,150000,0.0125283971428871
890,TT_fault_Data_0_3_Phase_c_0_3_0_3_40,TT_s0.3_pC_l40,healthy,0,0.0,,40,40,7.2,,prefault,154000,0.0125283971428871
901,TT_fault_Data_0_3_Phase_c_0_3_0_3_40,TT_s0.3_pC_l40,faulty,1,0.3,C,40,40,7.2,,fault,183000,0.0125283971428871
905,TT_fault_Data_0_3_Phase_c_0_3_0_3_40,TT_s0.3_pC_l40,faulty,1,0.3,C,40,40,7.2,,fault,185000,0.0125283971428871
907,TT_fault_Data_0_3_Phase_c_0_3_0_3_40,TT_s0.3_pC_l40,faulty,1,0.3,C,40,40,7.2,,fault,186000,0.0125283971428871
908,TT_fault_Data_0_3_Phase_c_0_3_0_3_40,TT_s0.3_pC_l40,faulty,1,0.3,C,40,40,7.2,,fault,186500,0.0125283971428871
909,TT_fault_Data_0_3_Phase_c_0_3_0_3_40,TT_s0.3_pC_l40,faulty,1,0.3,C,40,40,7.2,,fault,187000,0.0125283971428871
910,TT_fault_Data_0_3_Phase_c_0_3_0_3_40,TT_s0.3_pC_l40,faulty,1,0.3,C,40,40,7.2,,fault,187500,0.0125283971428871
911,TT_fault_Data_0_3_Phase_c_0_3_0_3_40,TT_s0.3_pC_l40,faulty,1,0.3,C,40,40,7.2,,fault,188000,0.0125283971428871
913,TT_fault_Data_0_3_Phase_c_0_3_0_3_40,TT_s0.3_pC_l40,faulty,1,0.3,C,40,40,7.2,,fault,189000,0.0125283971428871
916,TT_fault_Data_0_3_Phase_c_0_3_0_3_40,TT_s0.3_pC_l40,faulty,1,0.3,C,40,40,7.2,,fault,190500,0.0125283971428871
919,TT_fault_Data_0_3_Phase_c_0_3_0_3_40,TT_s0.3_pC_l40,faulty,1,0.3,C,40,40,7.2,,fault,192000,0.0125283971428871
921,TT_fault_Data_0_3_Phase_c_0_3_0_3_40,TT_s0.3_pC_l40,faulty,1,0.3,C,40,40,7.2,,fault,193000,0.0125283971428871
922,TT_fault_Data_0_3_Phase_c_0_3_0_3_40,TT_s0.3_pC_l40,faulty,1,0.3,C,40,40,7.2,,fault,193500,0.0125283971428871
933,TT_fault_Data_0_3_Phase_c_0_3_0_3_60,TT_s0.3_pC_l60,healthy,0,0.0,,60,60,7.2,,prefault,118000,0.0177605058997869
935,TT_fault_Data_0_3_Phase_c_0_3_0_3_60,TT_s0.3_pC_l60,healthy,0,0.0,,60,60,7.2,,prefault,126000,0.0177605058997869
941,TT_fault_Data_0_3_Phase_c_0_3_0_3_60,TT_s0.3_pC_l60,healthy,0,0.0,,60,60,7.2,,prefault,150000,0.0177605058997869
942,TT_fault_Data_0_3_Phase_c_0_3_0_3_60,TT_s0.3_pC_l60,healthy,0,0.0,,60,60,7.2,,prefault,154000,0.0177605058997869
953,TT_fault_Data_0_3_Phase_c_0_3_0_3_60,TT_s0.3_pC_l60,faulty,1,0.3,C,60,60,7.2,,fault,183000,0.0177605058997869
957,TT_fault_Data_0_3_Phase_c_0_3_0_3_60,TT_s0.3_pC_l60,faulty,1,0.3,C,60,60,7.2,,fault,185000,0.0177605058997869
959,TT_fault_Data_0_3_Phase_c_0_3_0_3_60,TT_s0.3_pC_l60,faulty,1,0.3,C,60,60,7.2,,fault,186000,0.0177605058997869
960,TT_fault_Data_0_3_Phase_c_0_3_0_3_60,TT_s0.3_pC_l60,faulty,1,0.3,C,60,60,7.2,,fault,186500,0.0177605058997869
961,TT_fault_Data_0_3_Phase_c_0_3_0_3_60,TT_s0.3_pC_l60,faulty,1,0.3,C,60,60,7.2,,fault,187000,0.0177605058997869
962,TT_fault_Data_0_3_Phase_c_0_3_0_3_60,TT_s0.3_pC_l60,faulty,1,0.3,C,60,60,7.2,,fault,187500,0.0177605058997869
963,TT_fault_Data_0_3_Phase_c_0_3_0_3_60,TT_s0.3_pC_l60,faulty,1,0.3,C,60,60,7.2,,fault,188000,0.0177605058997869
965,TT_fault_Data_0_3_Phase_c_0_3_0_3_60,TT_s0.3_pC_l60,faulty,1,0.3,C,60,60,7.2,,fault,189000,0.0177605058997869
968,TT_fault_Data_0_3_Phase_c_0_3_0_3_60,TT_s0.3_pC_l60,faulty,1,0.3,C,60,60,7.2,,fault,190500,0.0177605058997869
971,TT_fault_Data_0_3_Phase_c_0_3_0_3_60,TT_s0.3_pC_l60,faulty,1,0.3,C,60,60,7.2,,fault,192000,0.0177605058997869
973,TT_fault_Data_0_3_Phase_c_0_3_0_3_60,TT_s0.3_pC_l60,faulty,1,0.3,C,60,60,7.2,,fault,193000,0.0177605058997869
974,TT_fault_Data_0_3_Phase_c_0_3_0_3_60,TT_s0.3_pC_l60,faulty,1,0.3,C,60,60,7.2,,fault,193500,0.0177605058997869
985,TT_fault_Data_0_3_Phase_c_0_3_0_3_80,TT_s0.3_pC_l80,healthy,0,0.0,,80,80,7.2,,prefault,118000,0.0229964572936296
987,TT_fault_Data_0_3_Phase_c_0_3_0_3_80,TT_s0.3_pC_l80,healthy,0,0.0,,80,80,7.2,,prefault,126000,0.0229964572936296
993,TT_fault_Data_0_3_Phase_c_0_3_0_3_80,TT_s0.3_pC_l80,healthy,0,0.0,,80,80,7.2,,prefault,150000,0.0229964572936296
994,TT_fault_Data_0_3_Phase_c_0_3_0_3_80,TT_s0.3_pC_l80,healthy,0,0.0,,80,80,7.2,,prefault,154000,0.0229964572936296
1005,TT_fault_Data_0_3_Phase_c_0_3_0_3_80,TT_s0.3_pC_l80,faulty,1,0.3,C,80,80,7.2,,fault,183000,0.0229964572936296
1009,TT_fault_Data_0_3_Phase_c_0_3_0_3_80,TT_s0.3_pC_l80,faulty,1,0.3,C,80,80,7.2,,fault,185000,0.0229964572936296
1011,TT_fault_Data_0_3_Phase_c_0_3_0_3_80,TT_s0.3_pC_l80,faulty,1,0.3,C,80,80,7.2,,fault,186000,0.0229964572936296
1012,TT_fault_Data_0_3_Phase_c_0_3_0_3_80,TT_s0.3_pC_l80,faulty,1,0.3,C,80,80,7.2,,fault,186500,0.0229964572936296
1013,TT_fault_Data_0_3_Phase_c_0_3_0_3_80,TT_s0.3_pC_l80,faulty,1,0.3,C,80,80,7.2,,fault,187000,0.0229964572936296
1014,TT_fault_Data_0_3_Phase_c_0_3_0_3_80,TT_s0.3_pC_l80,faulty,1,0.3,C,80,80,7.2,,fault,187500,0.0229964572936296
1015,TT_fault_Data_0_3_Phase_c_0_3_0_3_80,TT_s0.3_pC_l80,faulty,1,0.3,C,80,80,7.2,,fault,188000,0.0229964572936296
1017,TT_fault_Data_0_3_Phase_c_0_3_0_3_80,TT_s0.3_pC_l80,faulty,1,0.3,C,80,80,7.2,,fault,189000,0.0229964572936296
1020,TT_fault_Data_0_3_Phase_c_0_3_0_3_80,TT_s0.3_pC_l80,faulty,1,0.3,C,80,80,7.2,,fault,190500,0.0229964572936296
1023,TT_fault_Data_0_3_Phase_c_0_3_0_3_80,TT_s0.3_pC_l80,faulty,1,0.3,C,80,80,7.2,,fault,192000,0.0229964572936296
1025,TT_fault_Data_0_3_Phase_c_0_3_0_3_80,TT_s0.3_pC_l80,faulty,1,0.3,C,80,80,7.2,,fault,193000,0.0229964572936296
1026,TT_fault_Data_0_3_Phase_c_0_3_0_3_80,TT_s0.3_pC_l80,faulty,1,0.3,C,80,80,7.2,,fault,193500,0.0229964572936296
1049,TT_fault_Data_0_3_Phase_c_0_3_0_3_NL,TT_s0.3_pC_lNL,healthy,0,0.0,,NL,0,7.2,,prefault,136000,0.0047412849962711
1097,TT_fault_Data_0_5_Phase_a_0_5_0_5_100,TT_s0.5_pA_l100,healthy,0,0.0,,100,100,7.2,,prefault,118000,0.0281716752797365
1099,TT_fault_Data_0_5_Phase_a_0_5_0_5_100,TT_s0.5_pA_l100,healthy,0,0.0,,100,100,7.2,,prefault,126000,0.0281716752797365
1105,TT_fault_Data_0_5_Phase_a_0_5_0_5_100,TT_s0.5_pA_l100,healthy,0,0.0,,100,100,7.2,,prefault,150000,0.0281716752797365
1106,TT_fault_Data_0_5_Phase_a_0_5_0_5_100,TT_s0.5_pA_l100,healthy,0,0.0,,100,100,7.2,,prefault,154000,0.0281716752797365
1117,TT_fault_Data_0_5_Phase_a_0_5_0_5_100,TT_s0.5_pA_l100,faulty,1,0.5,A,100,100,7.2,,fault,183000,0.0281716752797365
1121,TT_fault_Data_0_5_Phase_a_0_5_0_5_100,TT_s0.5_pA_l100,faulty,1,0.5,A,100,100,7.2,,fault,185000,0.0281716752797365
1123,TT_fault_Data_0_5_Phase_a_0_5_0_5_100,TT_s0.5_pA_l100,faulty,1,0.5,A,100,100,7.2,,fault,186000,0.0281716752797365
1124,TT_fault_Data_0_5_Phase_a_0_5_0_5_100,TT_s0.5_pA_l100,faulty,1,0.5,A,100,100,7.2,,fault,186500,0.0281716752797365
1125,TT_fault_Data_0_5_Phase_a_0_5_0_5_100,TT_s0.5_pA_l100,faulty,1,0.5,A,100,100,7.2,,fault,187000,0.0281716752797365
1126,TT_fault_Data_0_5_Phase_a_0_5_0_5_100,TT_s0.5_pA_l100,faulty,1,0.5,A,100,100,7.2,,fault,187500,0.0281716752797365
1127,TT_fault_Data_0_5_Phase_a_0_5_0_5_100,TT_s0.5_pA_l100,faulty,1,0.5,A,100,100,7.2,,fault,188000,0.0281716752797365
1129,TT_fault_Data_0_5_Phase_a_0_5_0_5_100,TT_s0.5_pA_l100,faulty,1,0.5,A,100,100,7.2,,fault,189000,0.0281716752797365
1132,TT_fault_Data_0_5_Phase_a_0_5_0_5_100,TT_s0.5_pA_l100,faulty,1,0.5,A,100,100,7.2,,fault,190500,0.0281716752797365
1135,TT_fault_Data_0_5_Phase_a_0_5_0_5_100,TT_s0.5_pA_l100,faulty,1,0.5,A,100,100,7.2,,fault,192000,0.0281716752797365
1137,TT_fault_Data_0_5_Phase_a_0_5_0_5_100,TT_s0.5_pA_l100,faulty,1,0.5,A,100,100,7.2,,fault,193000,0.0281716752797365
1138,TT_fault_Data_0_5_Phase_a_0_5_0_5_100,TT_s0.5_pA_l100,faulty,1,0.5,A,100,100,7.2,,fault,193500,0.0281716752797365
1201,TT_fault_Data_0_5_Phase_a_0_5_0_5_40,TT_s0.5_pA_l40,healthy,0,0.0,,40,40,7.2,,prefault,118000,0.0125286420807242
1203,TT_fault_Data_0_5_Phase_a_0_5_0_5_40,TT_s0.5_pA_l40,healthy,0,0.0,,40,40,7.2,,prefault,126000,0.0125286420807242
1209,TT_fault_Data_0_5_Phase_a_0_5_0_5_40,TT_s0.5_pA_l40,healthy,0,0.0,,40,40,7.2,,prefault,150000,0.0125286420807242
1210,TT_fault_Data_0_5_Phase_a_0_5_0_5_40,TT_s0.5_pA_l40,healthy,0,0.0,,40,40,7.2,,prefault,154000,0.0125286420807242
1221,TT_fault_Data_0_5_Phase_a_0_5_0_5_40,TT_s0.5_pA_l40,faulty,1,0.5,A,40,40,7.2,,fault,183000,0.0125286420807242
1225,TT_fault_Data_0_5_Phase_a_0_5_0_5_40,TT_s0.5_pA_l40,faulty,1,0.5,A,40,40,7.2,,fault,185000,0.0125286420807242
1227,TT_fault_Data_0_5_Phase_a_0_5_0_5_40,TT_s0.5_pA_l40,faulty,1,0.5,A,40,40,7.2,,fault,186000,0.0125286420807242
1228,TT_fault_Data_0_5_Phase_a_0_5_0_5_40,TT_s0.5_pA_l40,faulty,1,0.5,A,40,40,7.2,,fault,186500,0.0125286420807242
1229,TT_fault_Data_0_5_Phase_a_0_5_0_5_40,TT_s0.5_pA_l40,faulty,1,0.5,A,40,40,7.2,,fault,187000,0.0125286420807242
1230,TT_fault_Data_0_5_Phase_a_0_5_0_5_40,TT_s0.5_pA_l40,faulty,1,0.5,A,40,40,7.2,,fault,187500,0.0125286420807242
1231,TT_fault_Data_0_5_Phase_a_0_5_0_5_40,TT_s0.5_pA_l40,faulty,1,0.5,A,40,40,7.2,,fault,188000,0.0125286420807242
1233,TT_fault_Data_0_5_Phase_a_0_5_0_5_40,TT_s0.5_pA_l40,faulty,1,0.5,A,40,40,7.2,,fault,189000,0.0125286420807242
1236,TT_fault_Data_0_5_Phase_a_0_5_0_5_40,TT_s0.5_pA_l40,faulty,1,0.5,A,40,40,7.2,,fault,190500,0.0125286420807242
1239,TT_fault_Data_0_5_Phase_a_0_5_0_5_40,TT_s0.5_pA_l40,faulty,1,0.5,A,40,40,7.2,,fault,192000,0.0125286420807242
1241,TT_fault_Data_0_5_Phase_a_0_5_0_5_40,TT_s0.5_pA_l40,faulty,1,0.5,A,40,40,7.2,,fault,193000,0.0125286420807242
1242,TT_fault_Data_0_5_Phase_a_0_5_0_5_40,TT_s0.5_pA_l40,faulty,1,0.5,A,40,40,7.2,,fault,193500,0.0125286420807242
1253,TT_fault_Data_0_5_Phase_a_0_5_0_5_60,TT_s0.5_pA_l60,healthy,0,0.0,,60,60,7.2,,prefault,118000,0.0177642256021499
1255,TT_fault_Data_0_5_Phase_a_0_5_0_5_60,TT_s0.5_pA_l60,healthy,0,0.0,,60,60,7.2,,prefault,126000,0.0177642256021499
1261,TT_fault_Data_0_5_Phase_a_0_5_0_5_60,TT_s0.5_pA_l60,healthy,0,0.0,,60,60,7.2,,prefault,150000,0.0177642256021499
1262,TT_fault_Data_0_5_Phase_a_0_5_0_5_60,TT_s0.5_pA_l60,healthy,0,0.0,,60,60,7.2,,prefault,154000,0.0177642256021499
1273,TT_fault_Data_0_5_Phase_a_0_5_0_5_60,TT_s0.5_pA_l60,faulty,1,0.5,A,60,60,7.2,,fault,183000,0.0177642256021499
1277,TT_fault_Data_0_5_Phase_a_0_5_0_5_60,TT_s0.5_pA_l60,faulty,1,0.5,A,60,60,7.2,,fault,185000,0.0177642256021499
1279,TT_fault_Data_0_5_Phase_a_0_5_0_5_60,TT_s0.5_pA_l60,faulty,1,0.5,A,60,60,7.2,,fault,186000,0.0177642256021499
1280,TT_fault_Data_0_5_Phase_a_0_5_0_5_60,TT_s0.5_pA_l60,faulty,1,0.5,A,60,60,7.2,,fault,186500,0.0177642256021499
1281,TT_fault_Data_0_5_Phase_a_0_5_0_5_60,TT_s0.5_pA_l60,faulty,1,0.5,A,60,60,7.2,,fault,187000,0.0177642256021499
1282,TT_fault_Data_0_5_Phase_a_0_5_0_5_60,TT_s0.5_pA_l60,faulty,1,0.5,A,60,60,7.2,,fault,187500,0.0177642256021499
1283,TT_fault_Data_0_5_Phase_a_0_5_0_5_60,TT_s0.5_pA_l60,faulty,1,0.5,A,60,60,7.2,,fault,188000,0.0177642256021499
1285,TT_fault_Data_0_5_Phase_a_0_5_0_5_60,TT_s0.5_pA_l60,faulty,1,0.5,A,60,60,7.2,,fault,189000,0.0177642256021499
1288,TT_fault_Data_0_5_Phase_a_0_5_0_5_60,TT_s0.5_pA_l60,faulty,1,0.5,A,60,60,7.2,,fault,190500,0.0177642256021499
1291,TT_fault_Data_0_5_Phase_a_0_5_0_5_60,TT_s0.5_pA_l60,faulty,1,0.5,A,60,60,7.2,,fault,192000,0.0177642256021499
1293,TT_fault_Data_0_5_Phase_a_0_5_0_5_60,TT_s0.5_pA_l60,faulty,1,0.5,A,60,60,7.2,,fault,193000,0.0177642256021499
1294,TT_fault_Data_0_5_Phase_a_0_5_0_5_60,TT_s0.5_pA_l60,faulty,1,0.5,A,60,60,7.2,,fault,193500,0.0177642256021499
1305,TT_fault_Data_0_5_Phase_a_0_5_0_5_80,TT_s0.5_pA_l80,healthy,0,0.0,,80,80,7.2,,prefault,118000,0.0229965560138225
1307,TT_fault_Data_0_5_Phase_a_0_5_0_5_80,TT_s0.5_pA_l80,healthy,0,0.0,,80,80,7.2,,prefault,126000,0.0229965560138225
1313,TT_fault_Data_0_5_Phase_a_0_5_0_5_80,TT_s0.5_pA_l80,healthy,0,0.0,,80,80,7.2,,prefault,150000,0.0229965560138225
1314,TT_fault_Data_0_5_Phase_a_0_5_0_5_80,TT_s0.5_pA_l80,healthy,0,0.0,,80,80,7.2,,prefault,154000,0.0229965560138225
1325,TT_fault_Data_0_5_Phase_a_0_5_0_5_80,TT_s0.5_pA_l80,faulty,1,0.5,A,80,80,7.2,,fault,183000,0.0229965560138225
1329,TT_fault_Data_0_5_Phase_a_0_5_0_5_80,TT_s0.5_pA_l80,faulty,1,0.5,A,80,80,7.2,,fault,185000,0.0229965560138225
1331,TT_fault_Data_0_5_Phase_a_0_5_0_5_80,TT_s0.5_pA_l80,faulty,1,0.5,A,80,80,7.2,,fault,186000,0.0229965560138225
1332,TT_fault_Data_0_5_Phase_a_0_5_0_5_80,TT_s0.5_pA_l80,faulty,1,0.5,A,80,80,7.2,,fault,186500,0.0229965560138225
1333,TT_fault_Data_0_5_Phase_a_0_5_0_5_80,TT_s0.5_pA_l80,faulty,1,0.5,A,80,80,7.2,,fault,187000,0.0229965560138225
1334,TT_fault_Data_0_5_Phase_a_0_5_0_5_80,TT_s0.5_pA_l80,faulty,1,0.5,A,80,80,7.2,,fault,187500,0.0229965560138225
1335,TT_fault_Data_0_5_Phase_a_0_5_0_5_80,TT_s0.5_pA_l80,faulty,1,0.5,A,80,80,7.2,,fault,188000,0.0229965560138225
1337,TT_fault_Data_0_5_Phase_a_0_5_0_5_80,TT_s0.5_pA_l80,faulty,1,0.5,A,80,80,7.2,,fault,189000,0.0229965560138225
1340,TT_fault_Data_0_5_Phase_a_0_5_0_5_80,TT_s0.5_pA_l80,faulty,1,0.5,A,80,80,7.2,,fault,190500,0.0229965560138225
1343,TT_fault_Data_0_5_Phase_a_0_5_0_5_80,TT_s0.5_pA_l80,faulty,1,0.5,A,80,80,7.2,,fault,192000,0.0229965560138225
1345,TT_fault_Data_0_5_Phase_a_0_5_0_5_80,TT_s0.5_pA_l80,faulty,1,0.5,A,80,80,7.2,,fault,193000,0.0229965560138225
1346,TT_fault_Data_0_5_Phase_a_0_5_0_5_80,TT_s0.5_pA_l80,faulty,1,0.5,A,80,80,7.2,,fault,193500,0.0229965560138225
1357,TT_fault_Data_0_5_Phase_a_0_5_0_5_NL,TT_s0.5_pA_lNL,healthy,0,0.0,,NL,0,7.2,,prefault,88000,0.0047532869502902
1359,TT_fault_Data_0_5_Phase_a_0_5_0_5_NL,TT_s0.5_pA_lNL,healthy,0,0.0,,NL,0,7.2,,prefault,96000,0.0047532869502902
1365,TT_fault_Data_0_5_Phase_a_0_5_0_5_NL,TT_s0.5_pA_lNL,healthy,0,0.0,,NL,0,7.2,,prefault,120000,0.0047532869502902
1366,TT_fault_Data_0_5_Phase_a_0_5_0_5_NL,TT_s0.5_pA_lNL,healthy,0,0.0,,NL,0,7.2,,prefault,124000,0.0047532869502902
1377,TT_fault_Data_0_5_Phase_a_0_5_0_5_NL,TT_s0.5_pA_lNL,healthy,0,0.0,,NL,0,7.2,,prefault,168000,0.0047532869502902
1381,TT_fault_Data_0_5_Phase_a_0_5_0_5_NL,TT_s0.5_pA_lNL,faulty,1,0.5,A,NL,0,7.2,,fault,181000,0.0047532869502902
1383,TT_fault_Data_0_5_Phase_a_0_5_0_5_NL,TT_s0.5_pA_lNL,faulty,1,0.5,A,NL,0,7.2,,fault,182000,0.0047532869502902
1385,TT_fault_Data_0_5_Phase_a_0_5_0_5_NL,TT_s0.5_pA_lNL,faulty,1,0.5,A,NL,0,7.2,,fault,183000,0.0047532869502902
1388,TT_fault_Data_0_5_Phase_a_0_5_0_5_NL,TT_s0.5_pA_lNL,faulty,1,0.5,A,NL,0,7.2,,fault,184500,0.0047532869502902
1389,TT_fault_Data_0_5_Phase_a_0_5_0_5_NL,TT_s0.5_pA_lNL,faulty,1,0.5,A,NL,0,7.2,,fault,185000,0.0047532869502902
1390,TT_fault_Data_0_5_Phase_a_0_5_0_5_NL,TT_s0.5_pA_lNL,faulty,1,0.5,A,NL,0,7.2,,fault,185500,0.0047532869502902
1395,TT_fault_Data_0_5_Phase_a_0_5_0_5_NL,TT_s0.5_pA_lNL,faulty,1,0.5,A,NL,0,7.2,,fault,188000,0.0047532869502902
1396,TT_fault_Data_0_5_Phase_a_0_5_0_5_NL,TT_s0.5_pA_lNL,faulty,1,0.5,A,NL,0,7.2,,fault,188500,0.0047532869502902
1398,TT_fault_Data_0_5_Phase_a_0_5_0_5_NL,TT_s0.5_pA_lNL,faulty,1,0.5,A,NL,0,7.2,,fault,189500,0.0047532869502902
1413,TT_fault_Data_0_5_Phase_a_0_5_0_5_NL,TT_s0.5_pA_lNL,faulty,1,0.5,A,NL,0,7.2,,fault,197000,0.0047532869502902
1414,TT_fault_Data_0_5_Phase_a_0_5_0_5_NL,TT_s0.5_pA_lNL,faulty,1,0.5,A,NL,0,7.2,,fault,197500,0.0047532869502902
1417,TT_fault_Data_0_5_Phase_b_0_5_0_5_100,TT_s0.5_pB_l100,healthy,0,0.0,,100,100,7.2,,prefault,118000,0.0281685590744018
1419,TT_fault_Data_0_5_Phase_b_0_5_0_5_100,TT_s0.5_pB_l100,healthy,0,0.0,,100,100,7.2,,prefault,126000,0.0281685590744018
1425,TT_fault_Data_0_5_Phase_b_0_5_0_5_100,TT_s0.5_pB_l100,healthy,0,0.0,,100,100,7.2,,prefault,150000,0.0281685590744018
1426,TT_fault_Data_0_5_Phase_b_0_5_0_5_100,TT_s0.5_pB_l100,healthy,0,0.0,,100,100,7.2,,prefault,154000,0.0281685590744018
1437,TT_fault_Data_0_5_Phase_b_0_5_0_5_100,TT_s0.5_pB_l100,faulty,1,0.5,B,100,100,7.2,,fault,183000,0.0281685590744018
1441,TT_fault_Data_0_5_Phase_b_0_5_0_5_100,TT_s0.5_pB_l100,faulty,1,0.5,B,100,100,7.2,,fault,185000,0.0281685590744018
1443,TT_fault_Data_0_5_Phase_b_0_5_0_5_100,TT_s0.5_pB_l100,faulty,1,0.5,B,100,100,7.2,,fault,186000,0.0281685590744018
1444,TT_fault_Data_0_5_Phase_b_0_5_0_5_100,TT_s0.5_pB_l100,faulty,1,0.5,B,100,100,7.2,,fault,186500,0.0281685590744018
1445,TT_fault_Data_0_5_Phase_b_0_5_0_5_100,TT_s0.5_pB_l100,faulty,1,0.5,B,100,100,7.2,,fault,187000,0.0281685590744018
1446,TT_fault_Data_0_5_Phase_b_0_5_0_5_100,TT_s0.5_pB_l100,faulty,1,0.5,B,100,100,7.2,,fault,187500,0.0281685590744018
1447,TT_fault_Data_0_5_Phase_b_0_5_0_5_100,TT_s0.5_pB_l100,faulty,1,0.5,B,100,100,7.2,,fault,188000,0.0281685590744018
1449,TT_fault_Data_0_5_Phase_b_0_5_0_5_100,TT_s0.5_pB_l100,faulty,1,0.5,B,100,100,7.2,,fault,189000,0.0281685590744018
1452,TT_fault_Data_0_5_Phase_b_0_5_0_5_100,TT_s0.5_pB_l100,faulty,1,0.5,B,100,100,7.2,,fault,190500,0.0281685590744018
1455,TT_fault_Data_0_5_Phase_b_0_5_0_5_100,TT_s0.5_pB_l100,faulty,1,0.5,B,100,100,7.2,,fault,192000,0.0281685590744018
1457,TT_fault_Data_0_5_Phase_b_0_5_0_5_100,TT_s0.5_pB_l100,faulty,1,0.5,B,100,100,7.2,,fault,193000,0.0281685590744018
1458,TT_fault_Data_0_5_Phase_b_0_5_0_5_100,TT_s0.5_pB_l100,faulty,1,0.5,B,100,100,7.2,,fault,193500,0.0281685590744018
1521,TT_fault_Data_0_5_Phase_b_0_5_0_5_40,TT_s0.5_pB_l40,healthy,0,0.0,,40,40,7.2,,prefault,118000,0.0125286420807242
1523,TT_fault_Data_0_5_Phase_b_0_5_0_5_40,TT_s0.5_pB_l40,healthy,0,0.0,,40,40,7.2,,prefault,126000,0.0125286420807242
1529,TT_fault_Data_0_5_Phase_b_0_5_0_5_40,TT_s0.5_pB_l40,healthy,0,0.0,,40,40,7.2,,prefault,150000,0.0125286420807242
1530,TT_fault_Data_0_5_Phase_b_0_5_0_5_40,TT_s0.5_pB_l40,healthy,0,0.0,,40,40,7.2,,prefault,154000,0.0125286420807242
1541,TT_fault_Data_0_5_Phase_b_0_5_0_5_40,TT_s0.5_pB_l40,faulty,1,0.5,B,40,40,7.2,,fault,183000,0.0125286420807242
1545,TT_fault_Data_0_5_Phase_b_0_5_0_5_40,TT_s0.5_pB_l40,faulty,1,0.5,B,40,40,7.2,,fault,185000,0.0125286420807242
1547,TT_fault_Data_0_5_Phase_b_0_5_0_5_40,TT_s0.5_pB_l40,faulty,1,0.5,B,40,40,7.2,,fault,186000,0.0125286420807242
1548,TT_fault_Data_0_5_Phase_b_0_5_0_5_40,TT_s0.5_pB_l40,faulty,1,0.5,B,40,40,7.2,,fault,186500,0.0125286420807242
1549,TT_fault_Data_0_5_Phase_b_0_5_0_5_40,TT_s0.5_pB_l40,faulty,1,0.5,B,40,40,7.2,,fault,187000,0.0125286420807242
1550,TT_fault_Data_0_5_Phase_b_0_5_0_5_40,TT_s0.5_pB_l40,faulty,1,0.5,B,40,40,7.2,,fault,187500,0.0125286420807242
1551,TT_fault_Data_0_5_Phase_b_0_5_0_5_40,TT_s0.5_pB_l40,faulty,1,0.5,B,40,40,7.2,,fault,188000,0.0125286420807242
1553,TT_fault_Data_0_5_Phase_b_0_5_0_5_40,TT_s0.5_pB_l40,faulty,1,0.5,B,40,40,7.2,,fault,189000,0.0125286420807242
1556,TT_fault_Data_0_5_Phase_b_0_5_0_5_40,TT_s0.5_pB_l40,faulty,1,0.5,B,40,40,7.2,,fault,190500,0.0125286420807242
1559,TT_fault_Data_0_5_Phase_b_0_5_0_5_40,TT_s0.5_pB_l40,faulty,1,0.5,B,40,40,7.2,,fault,192000,0.0125286420807242
1561,TT_fault_Data_0_5_Phase_b_0_5_0_5_40,TT_s0.5_pB_l40,faulty,1,0.5,B,40,40,7.2,,fault,193000,0.0125286420807242
1562,TT_fault_Data_0_5_Phase_b_0_5_0_5_40,TT_s0.5_pB_l40,faulty,1,0.5,B,40,40,7.2,,fault,193500,0.0125286420807242
1573,TT_fault_Data_0_5_Phase_b_0_5_0_5_60,TT_s0.5_pB_l60,healthy,0,0.0,,60,60,7.2,,prefault,118000,0.0177606921643018
1575,TT_fault_Data_0_5_Phase_b_0_5_0_5_60,TT_s0.5_pB_l60,healthy,0,0.0,,60,60,7.2,,prefault,126000,0.0177606921643018
1581,TT_fault_Data_0_5_Phase_b_0_5_0_5_60,TT_s0.5_pB_l60,healthy,0,0.0,,60,60,7.2,,prefault,150000,0.0177606921643018
1582,TT_fault_Data_0_5_Phase_b_0_5_0_5_60,TT_s0.5_pB_l60,healthy,0,0.0,,60,60,7.2,,prefault,154000,0.0177606921643018
1593,TT_fault_Data_0_5_Phase_b_0_5_0_5_60,TT_s0.5_pB_l60,faulty,1,0.5,B,60,60,7.2,,fault,183000,0.0177606921643018
1597,TT_fault_Data_0_5_Phase_b_0_5_0_5_60,TT_s0.5_pB_l60,faulty,1,0.5,B,60,60,7.2,,fault,185000,0.0177606921643018
1599,TT_fault_Data_0_5_Phase_b_0_5_0_5_60,TT_s0.5_pB_l60,faulty,1,0.5,B,60,60,7.2,,fault,186000,0.0177606921643018
1600,TT_fault_Data_0_5_Phase_b_0_5_0_5_60,TT_s0.5_pB_l60,faulty,1,0.5,B,60,60,7.2,,fault,186500,0.0177606921643018
1601,TT_fault_Data_0_5_Phase_b_0_5_0_5_60,TT_s0.5_pB_l60,faulty,1,0.5,B,60,60,7.2,,fault,187000,0.0177606921643018
1602,TT_fault_Data_0_5_Phase_b_0_5_0_5_60,TT_s0.5_pB_l60,faulty,1,0.5,B,60,60,7.2,,fault,187500,0.0177606921643018
1603,TT_fault_Data_0_5_Phase_b_0_5_0_5_60,TT_s0.5_pB_l60,faulty,1,0.5,B,60,60,7.2,,fault,188000,0.0177606921643018
1605,TT_fault_Data_0_5_Phase_b_0_5_0_5_60,TT_s0.5_pB_l60,faulty,1,0.5,B,60,60,7.2,,fault,189000,0.0177606921643018
1608,TT_fault_Data_0_5_Phase_b_0_5_0_5_60,TT_s0.5_pB_l60,faulty,1,0.5,B,60,60,7.2,,fault,190500,0.0177606921643018
1611,TT_fault_Data_0_5_Phase_b_0_5_0_5_60,TT_s0.5_pB_l60,faulty,1,0.5,B,60,60,7.2,,fault,192000,0.0177606921643018
1613,TT_fault_Data_0_5_Phase_b_0_5_0_5_60,TT_s0.5_pB_l60,faulty,1,0.5,B,60,60,7.2,,fault,193000,0.0177606921643018
1614,TT_fault_Data_0_5_Phase_b_0_5_0_5_60,TT_s0.5_pB_l60,faulty,1,0.5,B,60,60,7.2,,fault,193500,0.0177606921643018
1625,TT_fault_Data_0_5_Phase_b_0_5_0_5_80,TT_s0.5_pB_l80,healthy,0,0.0,,80,80,7.2,,prefault,118000,0.0229965560138225
1627,TT_fault_Data_0_5_Phase_b_0_5_0_5_80,TT_s0.5_pB_l80,healthy,0,0.0,,80,80,7.2,,prefault,126000,0.0229965560138225
1633,TT_fault_Data_0_5_Phase_b_0_5_0_5_80,TT_s0.5_pB_l80,healthy,0,0.0,,80,80,7.2,,prefault,150000,0.0229965560138225
1634,TT_fault_Data_0_5_Phase_b_0_5_0_5_80,TT_s0.5_pB_l80,healthy,0,0.0,,80,80,7.2,,prefault,154000,0.0229965560138225
1645,TT_fault_Data_0_5_Phase_b_0_5_0_5_80,TT_s0.5_pB_l80,faulty,1,0.5,B,80,80,7.2,,fault,183000,0.0229965560138225
1649,TT_fault_Data_0_5_Phase_b_0_5_0_5_80,TT_s0.5_pB_l80,faulty,1,0.5,B,80,80,7.2,,fault,185000,0.0229965560138225
1651,TT_fault_Data_0_5_Phase_b_0_5_0_5_80,TT_s0.5_pB_l80,faulty,1,0.5,B,80,80,7.2,,fault,186000,0.0229965560138225
1652,TT_fault_Data_0_5_Phase_b_0_5_0_5_80,TT_s0.5_pB_l80,faulty,1,0.5,B,80,80,7.2,,fault,186500,0.0229965560138225
1653,TT_fault_Data_0_5_Phase_b_0_5_0_5_80,TT_s0.5_pB_l80,faulty,1,0.5,B,80,80,7.2,,fault,187000,0.0229965560138225
1654,TT_fault_Data_0_5_Phase_b_0_5_0_5_80,TT_s0.5_pB_l80,faulty,1,0.5,B,80,80,7.2,,fault,187500,0.0229965560138225
1655,TT_fault_Data_0_5_Phase_b_0_5_0_5_80,TT_s0.5_pB_l80,faulty,1,0.5,B,80,80,7.2,,fault,188000,0.0229965560138225
1657,TT_fault_Data_0_5_Phase_b_0_5_0_5_80,TT_s0.5_pB_l80,faulty,1,0.5,B,80,80,7.2,,fault,189000,0.0229965560138225
1660,TT_fault_Data_0_5_Phase_b_0_5_0_5_80,TT_s0.5_pB_l80,faulty,1,0.5,B,80,80,7.2,,fault,190500,0.0229965560138225
1663,TT_fault_Data_0_5_Phase_b_0_5_0_5_80,TT_s0.5_pB_l80,faulty,1,0.5,B,80,80,7.2,,fault,192000,0.0229965560138225
1665,TT_fault_Data_0_5_Phase_b_0_5_0_5_80,TT_s0.5_pB_l80,faulty,1,0.5,B,80,80,7.2,,fault,193000,0.0229965560138225
1666,TT_fault_Data_0_5_Phase_b_0_5_0_5_80,TT_s0.5_pB_l80,faulty,1,0.5,B,80,80,7.2,,fault,193500,0.0229965560138225
1677,TT_fault_Data_0_5_Phase_b_0_5_0_5_NL,TT_s0.5_pB_lNL,healthy,0,0.0,,NL,0,7.2,,prefault,88000,0.0047532869502902
1679,TT_fault_Data_0_5_Phase_b_0_5_0_5_NL,TT_s0.5_pB_lNL,healthy,0,0.0,,NL,0,7.2,,prefault,96000,0.0047532869502902
1685,TT_fault_Data_0_5_Phase_b_0_5_0_5_NL,TT_s0.5_pB_lNL,healthy,0,0.0,,NL,0,7.2,,prefault,120000,0.0047532869502902
1686,TT_fault_Data_0_5_Phase_b_0_5_0_5_NL,TT_s0.5_pB_lNL,healthy,0,0.0,,NL,0,7.2,,prefault,124000,0.0047532869502902
1697,TT_fault_Data_0_5_Phase_b_0_5_0_5_NL,TT_s0.5_pB_lNL,healthy,0,0.0,,NL,0,7.2,,prefault,168000,0.0047532869502902
1701,TT_fault_Data_0_5_Phase_b_0_5_0_5_NL,TT_s0.5_pB_lNL,faulty,1,0.5,B,NL,0,7.2,,fault,181000,0.0047532869502902
1703,TT_fault_Data_0_5_Phase_b_0_5_0_5_NL,TT_s0.5_pB_lNL,faulty,1,0.5,B,NL,0,7.2,,fault,182000,0.0047532869502902
1705,TT_fault_Data_0_5_Phase_b_0_5_0_5_NL,TT_s0.5_pB_lNL,faulty,1,0.5,B,NL,0,7.2,,fault,183000,0.0047532869502902
1708,TT_fault_Data_0_5_Phase_b_0_5_0_5_NL,TT_s0.5_pB_lNL,faulty,1,0.5,B,NL,0,7.2,,fault,184500,0.0047532869502902
1709,TT_fault_Data_0_5_Phase_b_0_5_0_5_NL,TT_s0.5_pB_lNL,faulty,1,0.5,B,NL,0,7.2,,fault,185000,0.0047532869502902
1710,TT_fault_Data_0_5_Phase_b_0_5_0_5_NL,TT_s0.5_pB_lNL,faulty,1,0.5,B,NL,0,7.2,,fault,185500,0.0047532869502902
1715,TT_fault_Data_0_5_Phase_b_0_5_0_5_NL,TT_s0.5_pB_lNL,faulty,1,0.5,B,NL,0,7.2,,fault,188000,0.0047532869502902
1716,TT_fault_Data_0_5_Phase_b_0_5_0_5_NL,TT_s0.5_pB_lNL,faulty,1,0.5,B,NL,0,7.2,,fault,188500,0.0047532869502902
1718,TT_fault_Data_0_5_Phase_b_0_5_0_5_NL,TT_s0.5_pB_lNL,faulty,1,0.5,B,NL,0,7.2,,fault,189500,0.0047532869502902
1733,TT_fault_Data_0_5_Phase_b_0_5_0_5_NL,TT_s0.5_pB_lNL,faulty,1,0.5,B,NL,0,7.2,,fault,197000,0.0047532869502902
1734,TT_fault_Data_0_5_Phase_b_0_5_0_5_NL,TT_s0.5_pB_lNL,faulty,1,0.5,B,NL,0,7.2,,fault,197500,0.0047532869502902
1737,TT_fault_Data_0_5_Phase_c_0_5_0_5_100,TT_s0.5_pC_l100,healthy,0,0.0,,100,100,7.2,,prefault,118000,0.0281717870384454
1739,TT_fault_Data_0_5_Phase_c_0_5_0_5_100,TT_s0.5_pC_l100,healthy,0,0.0,,100,100,7.2,,prefault,126000,0.0281717870384454
1745,TT_fault_Data_0_5_Phase_c_0_5_0_5_100,TT_s0.5_pC_l100,healthy,0,0.0,,100,100,7.2,,prefault,150000,0.0281717870384454
1746,TT_fault_Data_0_5_Phase_c_0_5_0_5_100,TT_s0.5_pC_l100,healthy,0,0.0,,100,100,7.2,,prefault,154000,0.0281717870384454
1757,TT_fault_Data_0_5_Phase_c_0_5_0_5_100,TT_s0.5_pC_l100,faulty,1,0.5,C,100,100,7.2,,fault,183000,0.0281717870384454
1761,TT_fault_Data_0_5_Phase_c_0_5_0_5_100,TT_s0.5_pC_l100,faulty,1,0.5,C,100,100,7.2,,fault,185000,0.0281717870384454
1763,TT_fault_Data_0_5_Phase_c_0_5_0_5_100,TT_s0.5_pC_l100,faulty,1,0.5,C,100,100,7.2,,fault,186000,0.0281717870384454
1764,TT_fault_Data_0_5_Phase_c_0_5_0_5_100,TT_s0.5_pC_l100,faulty,1,0.5,C,100,100,7.2,,fault,186500,0.0281717870384454
1765,TT_fault_Data_0_5_Phase_c_0_5_0_5_100,TT_s0.5_pC_l100,faulty,1,0.5,C,100,100,7.2,,fault,187000,0.0281717870384454
1766,TT_fault_Data_0_5_Phase_c_0_5_0_5_100,TT_s0.5_pC_l100,faulty,1,0.5,C,100,100,7.2,,fault,187500,0.0281717870384454
1767,TT_fault_Data_0_5_Phase_c_0_5_0_5_100,TT_s0.5_pC_l100,faulty,1,0.5,C,100,100,7.2,,fault,188000,0.0281717870384454
1769,TT_fault_Data_0_5_Phase_c_0_5_0_5_100,TT_s0.5_pC_l100,faulty,1,0.5,C,100,100,7.2,,fault,189000,0.0281717870384454
1772,TT_fault_Data_0_5_Phase_c_0_5_0_5_100,TT_s0.5_pC_l100,faulty,1,0.5,C,100,100,7.2,,fault,190500,0.0281717870384454
1775,TT_fault_Data_0_5_Phase_c_0_5_0_5_100,TT_s0.5_pC_l100,faulty,1,0.5,C,100,100,7.2,,fault,192000,0.0281717870384454
1777,TT_fault_Data_0_5_Phase_c_0_5_0_5_100,TT_s0.5_pC_l100,faulty,1,0.5,C,100,100,7.2,,fault,193000,0.0281717870384454
1778,TT_fault_Data_0_5_Phase_c_0_5_0_5_100,TT_s0.5_pC_l100,faulty,1,0.5,C,100,100,7.2,,fault,193500,0.0281717870384454
1841,TT_fault_Data_0_5_Phase_c_0_5_0_5_40,TT_s0.5_pC_l40,healthy,0,0.0,,40,40,7.2,,prefault,118000,0.0125286420807242
1843,TT_fault_Data_0_5_Phase_c_0_5_0_5_40,TT_s0.5_pC_l40,healthy,0,0.0,,40,40,7.2,,prefault,126000,0.0125286420807242
1849,TT_fault_Data_0_5_Phase_c_0_5_0_5_40,TT_s0.5_pC_l40,healthy,0,0.0,,40,40,7.2,,prefault,150000,0.0125286420807242
1850,TT_fault_Data_0_5_Phase_c_0_5_0_5_40,TT_s0.5_pC_l40,healthy,0,0.0,,40,40,7.2,,prefault,154000,0.0125286420807242
1861,TT_fault_Data_0_5_Phase_c_0_5_0_5_40,TT_s0.5_pC_l40,faulty,1,0.5,C,40,40,7.2,,fault,183000,0.0125286420807242
1865,TT_fault_Data_0_5_Phase_c_0_5_0_5_40,TT_s0.5_pC_l40,faulty,1,0.5,C,40,40,7.2,,fault,185000,0.0125286420807242
1867,TT_fault_Data_0_5_Phase_c_0_5_0_5_40,TT_s0.5_pC_l40,faulty,1,0.5,C,40,40,7.2,,fault,186000,0.0125286420807242
1868,TT_fault_Data_0_5_Phase_c_0_5_0_5_40,TT_s0.5_pC_l40,faulty,1,0.5,C,40,40,7.2,,fault,186500,0.0125286420807242
1869,TT_fault_Data_0_5_Phase_c_0_5_0_5_40,TT_s0.5_pC_l40,faulty,1,0.5,C,40,40,7.2,,fault,187000,0.0125286420807242
1870,TT_fault_Data_0_5_Phase_c_0_5_0_5_40,TT_s0.5_pC_l40,faulty,1,0.5,C,40,40,7.2,,fault,187500,0.0125286420807242
1871,TT_fault_Data_0_5_Phase_c_0_5_0_5_40,TT_s0.5_pC_l40,faulty,1,0.5,C,40,40,7.2,,fault,188000,0.0125286420807242
1873,TT_fault_Data_0_5_Phase_c_0_5_0_5_40,TT_s0.5_pC_l40,faulty,1,0.5,C,40,40,7.2,,fault,189000,0.0125286420807242
1876,TT_fault_Data_0_5_Phase_c_0_5_0_5_40,TT_s0.5_pC_l40,faulty,1,0.5,C,40,40,7.2,,fault,190500,0.0125286420807242
1879,TT_fault_Data_0_5_Phase_c_0_5_0_5_40,TT_s0.5_pC_l40,faulty,1,0.5,C,40,40,7.2,,fault,192000,0.0125286420807242
1881,TT_fault_Data_0_5_Phase_c_0_5_0_5_40,TT_s0.5_pC_l40,faulty,1,0.5,C,40,40,7.2,,fault,193000,0.0125286420807242
1882,TT_fault_Data_0_5_Phase_c_0_5_0_5_40,TT_s0.5_pC_l40,faulty,1,0.5,C,40,40,7.2,,fault,193500,0.0125286420807242
1893,TT_fault_Data_0_5_Phase_c_0_5_0_5_60,TT_s0.5_pC_l60,healthy,0,0.0,,60,60,7.2,,prefault,118000,0.0177606921643018
1895,TT_fault_Data_0_5_Phase_c_0_5_0_5_60,TT_s0.5_pC_l60,healthy,0,0.0,,60,60,7.2,,prefault,126000,0.0177606921643018
1901,TT_fault_Data_0_5_Phase_c_0_5_0_5_60,TT_s0.5_pC_l60,healthy,0,0.0,,60,60,7.2,,prefault,150000,0.0177606921643018
1902,TT_fault_Data_0_5_Phase_c_0_5_0_5_60,TT_s0.5_pC_l60,healthy,0,0.0,,60,60,7.2,,prefault,154000,0.0177606921643018
1913,TT_fault_Data_0_5_Phase_c_0_5_0_5_60,TT_s0.5_pC_l60,faulty,1,0.5,C,60,60,7.2,,fault,183000,0.0177606921643018
1917,TT_fault_Data_0_5_Phase_c_0_5_0_5_60,TT_s0.5_pC_l60,faulty,1,0.5,C,60,60,7.2,,fault,185000,0.0177606921643018
1919,TT_fault_Data_0_5_Phase_c_0_5_0_5_60,TT_s0.5_pC_l60,faulty,1,0.5,C,60,60,7.2,,fault,186000,0.0177606921643018
1920,TT_fault_Data_0_5_Phase_c_0_5_0_5_60,TT_s0.5_pC_l60,faulty,1,0.5,C,60,60,7.2,,fault,186500,0.0177606921643018
1921,TT_fault_Data_0_5_Phase_c_0_5_0_5_60,TT_s0.5_pC_l60,faulty,1,0.5,C,60,60,7.2,,fault,187000,0.0177606921643018
1922,TT_fault_Data_0_5_Phase_c_0_5_0_5_60,TT_s0.5_pC_l60,faulty,1,0.5,C,60,60,7.2,,fault,187500,0.0177606921643018
1923,TT_fault_Data_0_5_Phase_c_0_5_0_5_60,TT_s0.5_pC_l60,faulty,1,0.5,C,60,60,7.2,,fault,188000,0.0177606921643018
1925,TT_fault_Data_0_5_Phase_c_0_5_0_5_60,TT_s0.5_pC_l60,faulty,1,0.5,C,60,60,7.2,,fault,189000,0.0177606921643018
1928,TT_fault_Data_0_5_Phase_c_0_5_0_5_60,TT_s0.5_pC_l60,faulty,1,0.5,C,60,60,7.2,,fault,190500,0.0177606921643018
1931,TT_fault_Data_0_5_Phase_c_0_5_0_5_60,TT_s0.5_pC_l60,faulty,1,0.5,C,60,60,7.2,,fault,192000,0.0177606921643018
1933,TT_fault_Data_0_5_Phase_c_0_5_0_5_60,TT_s0.5_pC_l60,faulty,1,0.5,C,60,60,7.2,,fault,193000,0.0177606921643018
1934,TT_fault_Data_0_5_Phase_c_0_5_0_5_60,TT_s0.5_pC_l60,faulty,1,0.5,C,60,60,7.2,,fault,193500,0.0177606921643018
1945,TT_fault_Data_0_5_Phase_c_0_5_0_5_80,TT_s0.5_pC_l80,healthy,0,0.0,,80,80,7.2,,prefault,118000,0.0229965560138225
1947,TT_fault_Data_0_5_Phase_c_0_5_0_5_80,TT_s0.5_pC_l80,healthy,0,0.0,,80,80,7.2,,prefault,126000,0.0229965560138225
1953,TT_fault_Data_0_5_Phase_c_0_5_0_5_80,TT_s0.5_pC_l80,healthy,0,0.0,,80,80,7.2,,prefault,150000,0.0229965560138225
1954,TT_fault_Data_0_5_Phase_c_0_5_0_5_80,TT_s0.5_pC_l80,healthy,0,0.0,,80,80,7.2,,prefault,154000,0.0229965560138225
1965,TT_fault_Data_0_5_Phase_c_0_5_0_5_80,TT_s0.5_pC_l80,faulty,1,0.5,C,80,80,7.2,,fault,183000,0.0229965560138225
1969,TT_fault_Data_0_5_Phase_c_0_5_0_5_80,TT_s0.5_pC_l80,faulty,1,0.5,C,80,80,7.2,,fault,185000,0.0229965560138225
1971,TT_fault_Data_0_5_Phase_c_0_5_0_5_80,TT_s0.5_pC_l80,faulty,1,0.5,C,80,80,7.2,,fault,186000,0.0229965560138225
1972,TT_fault_Data_0_5_Phase_c_0_5_0_5_80,TT_s0.5_pC_l80,faulty,1,0.5,C,80,80,7.2,,fault,186500,0.0229965560138225
1973,TT_fault_Data_0_5_Phase_c_0_5_0_5_80,TT_s0.5_pC_l80,faulty,1,0.5,C,80,80,7.2,,fault,187000,0.0229965560138225
1974,TT_fault_Data_0_5_Phase_c_0_5_0_5_80,TT_s0.5_pC_l80,faulty,1,0.5,C,80,80,7.2,,fault,187500,0.0229965560138225
1975,TT_fault_Data_0_5_Phase_c_0_5_0_5_80,TT_s0.5_pC_l80,faulty,1,0.5,C,80,80,7.2,,fault,188000,0.0229965560138225
1977,TT_fault_Data_0_5_Phase_c_0_5_0_5_80,TT_s0.5_pC_l80,faulty,1,0.5,C,80,80,7.2,,fault,189000,0.0229965560138225
1980,TT_fault_Data_0_5_Phase_c_0_5_0_5_80,TT_s0.5_pC_l80,faulty,1,0.5,C,80,80,7.2,,fault,190500,0.0229965560138225
1983,TT_fault_Data_0_5_Phase_c_0_5_0_5_80,TT_s0.5_pC_l80,faulty,1,0.5,C,80,80,7.2,,fault,192000,0.0229965560138225
1985,TT_fault_Data_0_5_Phase_c_0_5_0_5_80,TT_s0.5_pC_l80,faulty,1,0.5,C,80,80,7.2,,fault,193000,0.0229965560138225
1986,TT_fault_Data_0_5_Phase_c_0_5_0_5_80,TT_s0.5_pC_l80,faulty,1,0.5,C,80,80,7.2,,fault,193500,0.0229965560138225
1997,TT_fault_Data_0_5_Phase_c_0_5_0_5_NL,TT_s0.5_pC_lNL,healthy,0,0.0,,NL,0,7.2,,prefault,88000,0.0054477765224874
1999,TT_fault_Data_0_5_Phase_c_0_5_0_5_NL,TT_s0.5_pC_lNL,healthy,0,0.0,,NL,0,7.2,,prefault,96000,0.0054477765224874
2005,TT_fault_Data_0_5_Phase_c_0_5_0_5_NL,TT_s0.5_pC_lNL,healthy,0,0.0,,NL,0,7.2,,prefault,120000,0.0054477765224874
2006,TT_fault_Data_0_5_Phase_c_0_5_0_5_NL,TT_s0.5_pC_lNL,healthy,0,0.0,,NL,0,7.2,,prefault,124000,0.0054477765224874
2017,TT_fault_Data_0_5_Phase_c_0_5_0_5_NL,TT_s0.5_pC_lNL,healthy,0,0.0,,NL,0,7.2,,prefault,168000,0.0054477765224874
2021,TT_fault_Data_0_5_Phase_c_0_5_0_5_NL,TT_s0.5_pC_lNL,faulty,1,0.5,C,NL,0,7.2,,fault,181000,0.0054477765224874
2023,TT_fault_Data_0_5_Phase_c_0_5_0_5_NL,TT_s0.5_pC_lNL,faulty,1,0.5,C,NL,0,7.2,,fault,182000,0.0054477765224874
2025,TT_fault_Data_0_5_Phase_c_0_5_0_5_NL,TT_s0.5_pC_lNL,faulty,1,0.5,C,NL,0,7.2,,fault,183000,0.0054477765224874
2028,TT_fault_Data_0_5_Phase_c_0_5_0_5_NL,TT_s0.5_pC_lNL,faulty,1,0.5,C,NL,0,7.2,,fault,184500,0.0054477765224874
2029,TT_fault_Data_0_5_Phase_c_0_5_0_5_NL,TT_s0.5_pC_lNL,faulty,1,0.5,C,NL,0,7.2,,fault,185000,0.0054477765224874
2030,TT_fault_Data_0_5_Phase_c_0_5_0_5_NL,TT_s0.5_pC_lNL,faulty,1,0.5,C,NL,0,7.2,,fault,185500,0.0054477765224874
2035,TT_fault_Data_0_5_Phase_c_0_5_0_5_NL,TT_s0.5_pC_lNL,faulty,1,0.5,C,NL,0,7.2,,fault,188000,0.0054477765224874
2036,TT_fault_Data_0_5_Phase_c_0_5_0_5_NL,TT_s0.5_pC_lNL,faulty,1,0.5,C,NL,0,7.2,,fault,188500,0.0054477765224874
2038,TT_fault_Data_0_5_Phase_c_0_5_0_5_NL,TT_s0.5_pC_lNL,faulty,1,0.5,C,NL,0,7.2,,fault,189500,0.0054477765224874
2053,TT_fault_Data_0_5_Phase_c_0_5_0_5_NL,TT_s0.5_pC_lNL,faulty,1,0.5,C,NL,0,7.2,,fault,197000,0.0054477765224874
2054,TT_fault_Data_0_5_Phase_c_0_5_0_5_NL,TT_s0.5_pC_lNL,faulty,1,0.5,C,NL,0,7.2,,fault,197500,0.0054477765224874
2057,TT_fault_Data_1_Phase_a_1_1_100,TT_s1.0_pA_l100,healthy,0,0.0,,100,100,7.2,,prefault,118000,0.0281716473400592
2059,TT_fault_Data_1_Phase_a_1_1_100,TT_s1.0_pA_l100,healthy,0,0.0,,100,100,7.2,,prefault,126000,0.0281716473400592
2065,TT_fault_Data_1_Phase_a_1_1_100,TT_s1.0_pA_l100,healthy,0,0.0,,100,100,7.2,,prefault,150000,0.0281716473400592
2066,TT_fault_Data_1_Phase_a_1_1_100,TT_s1.0_pA_l100,healthy,0,0.0,,100,100,7.2,,prefault,154000,0.0281716473400592
2077,TT_fault_Data_1_Phase_a_1_1_100,TT_s1.0_pA_l100,faulty,1,1.0,A,100,100,7.2,,fault,183000,0.0281716473400592
2081,TT_fault_Data_1_Phase_a_1_1_100,TT_s1.0_pA_l100,faulty,1,1.0,A,100,100,7.2,,fault,185000,0.0281716473400592
2083,TT_fault_Data_1_Phase_a_1_1_100,TT_s1.0_pA_l100,faulty,1,1.0,A,100,100,7.2,,fault,186000,0.0281716473400592
2084,TT_fault_Data_1_Phase_a_1_1_100,TT_s1.0_pA_l100,faulty,1,1.0,A,100,100,7.2,,fault,186500,0.0281716473400592
2085,TT_fault_Data_1_Phase_a_1_1_100,TT_s1.0_pA_l100,faulty,1,1.0,A,100,100,7.2,,fault,187000,0.0281716473400592
2086,TT_fault_Data_1_Phase_a_1_1_100,TT_s1.0_pA_l100,faulty,1,1.0,A,100,100,7.2,,fault,187500,0.0281716473400592
2087,TT_fault_Data_1_Phase_a_1_1_100,TT_s1.0_pA_l100,faulty,1,1.0,A,100,100,7.2,,fault,188000,0.0281716473400592
2089,TT_fault_Data_1_Phase_a_1_1_100,TT_s1.0_pA_l100,faulty,1,1.0,A,100,100,7.2,,fault,189000,0.0281716473400592
2092,TT_fault_Data_1_Phase_a_1_1_100,TT_s1.0_pA_l100,faulty,1,1.0,A,100,100,7.2,,fault,190500,0.0281716473400592
2095,TT_fault_Data_1_Phase_a_1_1_100,TT_s1.0_pA_l100,faulty,1,1.0,A,100,100,7.2,,fault,192000,0.0281716473400592
2097,TT_fault_Data_1_Phase_a_1_1_100,TT_s1.0_pA_l100,faulty,1,1.0,A,100,100,7.2,,fault,193000,0.0281716473400592
2098,TT_fault_Data_1_Phase_a_1_1_100,TT_s1.0_pA_l100,faulty,1,1.0,A,100,100,7.2,,fault,193500,0.0281716473400592
2109,TT_fault_Data_1_Phase_a_1_1_20,TT_s1.0_pA_l20,healthy,0,0.0,,20,20,7.2,,prefault,118000,0.0075932755134999
2111,TT_fault_Data_1_Phase_a_1_1_20,TT_s1.0_pA_l20,healthy,0,0.0,,20,20,7.2,,prefault,126000,0.0075932755134999
2117,TT_fault_Data_1_Phase_a_1_1_20,TT_s1.0_pA_l20,healthy,0,0.0,,20,20,7.2,,prefault,150000,0.0075932755134999
2118,TT_fault_Data_1_Phase_a_1_1_20,TT_s1.0_pA_l20,healthy,0,0.0,,20,20,7.2,,prefault,154000,0.0075932755134999
2129,TT_fault_Data_1_Phase_a_1_1_20,TT_s1.0_pA_l20,faulty,1,1.0,A,20,20,7.2,,fault,183000,0.0075932755134999
2133,TT_fault_Data_1_Phase_a_1_1_20,TT_s1.0_pA_l20,faulty,1,1.0,A,20,20,7.2,,fault,185000,0.0075932755134999
2135,TT_fault_Data_1_Phase_a_1_1_20,TT_s1.0_pA_l20,faulty,1,1.0,A,20,20,7.2,,fault,186000,0.0075932755134999
2136,TT_fault_Data_1_Phase_a_1_1_20,TT_s1.0_pA_l20,faulty,1,1.0,A,20,20,7.2,,fault,186500,0.0075932755134999
2137,TT_fault_Data_1_Phase_a_1_1_20,TT_s1.0_pA_l20,faulty,1,1.0,A,20,20,7.2,,fault,187000,0.0075932755134999
2138,TT_fault_Data_1_Phase_a_1_1_20,TT_s1.0_pA_l20,faulty,1,1.0,A,20,20,7.2,,fault,187500,0.0075932755134999
2139,TT_fault_Data_1_Phase_a_1_1_20,TT_s1.0_pA_l20,faulty,1,1.0,A,20,20,7.2,,fault,188000,0.0075932755134999
2141,TT_fault_Data_1_Phase_a_1_1_20,TT_s1.0_pA_l20,faulty,1,1.0,A,20,20,7.2,,fault,189000,0.0075932755134999
2144,TT_fault_Data_1_Phase_a_1_1_20,TT_s1.0_pA_l20,faulty,1,1.0,A,20,20,7.2,,fault,190500,0.0075932755134999
2147,TT_fault_Data_1_Phase_a_1_1_20,TT_s1.0_pA_l20,faulty,1,1.0,A,20,20,7.2,,fault,192000,0.0075932755134999
2149,TT_fault_Data_1_Phase_a_1_1_20,TT_s1.0_pA_l20,faulty,1,1.0,A,20,20,7.2,,fault,193000,0.0075932755134999
2150,TT_fault_Data_1_Phase_a_1_1_20,TT_s1.0_pA_l20,faulty,1,1.0,A,20,20,7.2,,fault,193500,0.0075932755134999
2213,TT_fault_Data_1_Phase_a_1_1_60,TT_s1.0_pA_l60,healthy,0,0.0,,60,60,7.2,,prefault,118000,0.0177606623619794
2215,TT_fault_Data_1_Phase_a_1_1_60,TT_s1.0_pA_l60,healthy,0,0.0,,60,60,7.2,,prefault,126000,0.0177606623619794
2221,TT_fault_Data_1_Phase_a_1_1_60,TT_s1.0_pA_l60,healthy,0,0.0,,60,60,7.2,,prefault,150000,0.0177606623619794
2222,TT_fault_Data_1_Phase_a_1_1_60,TT_s1.0_pA_l60,healthy,0,0.0,,60,60,7.2,,prefault,154000,0.0177606623619794
2233,TT_fault_Data_1_Phase_a_1_1_60,TT_s1.0_pA_l60,faulty,1,1.0,A,60,60,7.2,,fault,183000,0.0177606623619794
2237,TT_fault_Data_1_Phase_a_1_1_60,TT_s1.0_pA_l60,faulty,1,1.0,A,60,60,7.2,,fault,185000,0.0177606623619794
2239,TT_fault_Data_1_Phase_a_1_1_60,TT_s1.0_pA_l60,faulty,1,1.0,A,60,60,7.2,,fault,186000,0.0177606623619794
2240,TT_fault_Data_1_Phase_a_1_1_60,TT_s1.0_pA_l60,faulty,1,1.0,A,60,60,7.2,,fault,186500,0.0177606623619794
2241,TT_fault_Data_1_Phase_a_1_1_60,TT_s1.0_pA_l60,faulty,1,1.0,A,60,60,7.2,,fault,187000,0.0177606623619794
2242,TT_fault_Data_1_Phase_a_1_1_60,TT_s1.0_pA_l60,faulty,1,1.0,A,60,60,7.2,,fault,187500,0.0177606623619794
2243,TT_fault_Data_1_Phase_a_1_1_60,TT_s1.0_pA_l60,faulty,1,1.0,A,60,60,7.2,,fault,188000,0.0177606623619794
2245,TT_fault_Data_1_Phase_a_1_1_60,TT_s1.0_pA_l60,faulty,1,1.0,A,60,60,7.2,,fault,189000,0.0177606623619794
2248,TT_fault_Data_1_Phase_a_1_1_60,TT_s1.0_pA_l60,faulty,1,1.0,A,60,60,7.2,,fault,190500,0.0177606623619794
2251,TT_fault_Data_1_Phase_a_1_1_60,TT_s1.0_pA_l60,faulty,1,1.0,A,60,60,7.2,,fault,192000,0.0177606623619794
2253,TT_fault_Data_1_Phase_a_1_1_60,TT_s1.0_pA_l60,faulty,1,1.0,A,60,60,7.2,,fault,193000,0.0177606623619794
2254,TT_fault_Data_1_Phase_a_1_1_60,TT_s1.0_pA_l60,faulty,1,1.0,A,60,60,7.2,,fault,193500,0.0177606623619794
2265,TT_fault_Data_1_Phase_a_1_1_80,TT_s1.0_pA_l80,healthy,0,0.0,,80,80,7.2,,prefault,118000,0.0229965150356292
2267,TT_fault_Data_1_Phase_a_1_1_80,TT_s1.0_pA_l80,healthy,0,0.0,,80,80,7.2,,prefault,126000,0.0229965150356292
2273,TT_fault_Data_1_Phase_a_1_1_80,TT_s1.0_pA_l80,healthy,0,0.0,,80,80,7.2,,prefault,150000,0.0229965150356292
2274,TT_fault_Data_1_Phase_a_1_1_80,TT_s1.0_pA_l80,healthy,0,0.0,,80,80,7.2,,prefault,154000,0.0229965150356292
2285,TT_fault_Data_1_Phase_a_1_1_80,TT_s1.0_pA_l80,faulty,1,1.0,A,80,80,7.2,,fault,183000,0.0229965150356292
2289,TT_fault_Data_1_Phase_a_1_1_80,TT_s1.0_pA_l80,faulty,1,1.0,A,80,80,7.2,,fault,185000,0.0229965150356292
2291,TT_fault_Data_1_Phase_a_1_1_80,TT_s1.0_pA_l80,faulty,1,1.0,A,80,80,7.2,,fault,186000,0.0229965150356292
2292,TT_fault_Data_1_Phase_a_1_1_80,TT_s1.0_pA_l80,faulty,1,1.0,A,80,80,7.2,,fault,186500,0.0229965150356292
2293,TT_fault_Data_1_Phase_a_1_1_80,TT_s1.0_pA_l80,faulty,1,1.0,A,80,80,7.2,,fault,187000,0.0229965150356292
2294,TT_fault_Data_1_Phase_a_1_1_80,TT_s1.0_pA_l80,faulty,1,1.0,A,80,80,7.2,,fault,187500,0.0229965150356292
2295,TT_fault_Data_1_Phase_a_1_1_80,TT_s1.0_pA_l80,faulty,1,1.0,A,80,80,7.2,,fault,188000,0.0229965150356292
2297,TT_fault_Data_1_Phase_a_1_1_80,TT_s1.0_pA_l80,faulty,1,1.0,A,80,80,7.2,,fault,189000,0.0229965150356292
2300,TT_fault_Data_1_Phase_a_1_1_80,TT_s1.0_pA_l80,faulty,1,1.0,A,80,80,7.2,,fault,190500,0.0229965150356292
2303,TT_fault_Data_1_Phase_a_1_1_80,TT_s1.0_pA_l80,faulty,1,1.0,A,80,80,7.2,,fault,192000,0.0229965150356292
2305,TT_fault_Data_1_Phase_a_1_1_80,TT_s1.0_pA_l80,faulty,1,1.0,A,80,80,7.2,,fault,193000,0.0229965150356292
2306,TT_fault_Data_1_Phase_a_1_1_80,TT_s1.0_pA_l80,faulty,1,1.0,A,80,80,7.2,,fault,193500,0.0229965150356292
2317,TT_fault_Data_1_Phase_a_1_1_NL,TT_s1.0_pA_lNL,healthy,0,0.0,,NL,0,7.2,,prefault,88000,0.0047410945408046
2319,TT_fault_Data_1_Phase_a_1_1_NL,TT_s1.0_pA_lNL,healthy,0,0.0,,NL,0,7.2,,prefault,96000,0.0047410945408046
2325,TT_fault_Data_1_Phase_a_1_1_NL,TT_s1.0_pA_lNL,healthy,0,0.0,,NL,0,7.2,,prefault,120000,0.0047410945408046
2326,TT_fault_Data_1_Phase_a_1_1_NL,TT_s1.0_pA_lNL,healthy,0,0.0,,NL,0,7.2,,prefault,124000,0.0047410945408046
2337,TT_fault_Data_1_Phase_a_1_1_NL,TT_s1.0_pA_lNL,healthy,0,0.0,,NL,0,7.2,,prefault,168000,0.0047410945408046
2341,TT_fault_Data_1_Phase_a_1_1_NL,TT_s1.0_pA_lNL,faulty,1,1.0,A,NL,0,7.2,,fault,181000,0.0047410945408046
2343,TT_fault_Data_1_Phase_a_1_1_NL,TT_s1.0_pA_lNL,faulty,1,1.0,A,NL,0,7.2,,fault,182000,0.0047410945408046
2345,TT_fault_Data_1_Phase_a_1_1_NL,TT_s1.0_pA_lNL,faulty,1,1.0,A,NL,0,7.2,,fault,183000,0.0047410945408046
2348,TT_fault_Data_1_Phase_a_1_1_NL,TT_s1.0_pA_lNL,faulty,1,1.0,A,NL,0,7.2,,fault,184500,0.0047410945408046
2349,TT_fault_Data_1_Phase_a_1_1_NL,TT_s1.0_pA_lNL,faulty,1,1.0,A,NL,0,7.2,,fault,185000,0.0047410945408046
2350,TT_fault_Data_1_Phase_a_1_1_NL,TT_s1.0_pA_lNL,faulty,1,1.0,A,NL,0,7.2,,fault,185500,0.0047410945408046
2355,TT_fault_Data_1_Phase_a_1_1_NL,TT_s1.0_pA_lNL,faulty,1,1.0,A,NL,0,7.2,,fault,188000,0.0047410945408046
2356,TT_fault_Data_1_Phase_a_1_1_NL,TT_s1.0_pA_lNL,faulty,1,1.0,A,NL,0,7.2,,fault,188500,0.0047410945408046
2358,TT_fault_Data_1_Phase_a_1_1_NL,TT_s1.0_pA_lNL,faulty,1,1.0,A,NL,0,7.2,,fault,189500,0.0047410945408046
2373,TT_fault_Data_1_Phase_a_1_1_NL,TT_s1.0_pA_lNL,faulty,1,1.0,A,NL,0,7.2,,fault,197000,0.0047410945408046
2374,TT_fault_Data_1_Phase_a_1_1_NL,TT_s1.0_pA_lNL,faulty,1,1.0,A,NL,0,7.2,,fault,197500,0.0047410945408046
2377,TT_fault_Data_1_Phase_b_1_1_100,TT_s1.0_pB_l100,healthy,0,0.0,,100,100,7.2,,prefault,118000,0.0281684957444667
2379,TT_fault_Data_1_Phase_b_1_1_100,TT_s1.0_pB_l100,healthy,0,0.0,,100,100,7.2,,prefault,126000,0.0281684957444667
2385,TT_fault_Data_1_Phase_b_1_1_100,TT_s1.0_pB_l100,healthy,0,0.0,,100,100,7.2,,prefault,150000,0.0281684957444667
2386,TT_fault_Data_1_Phase_b_1_1_100,TT_s1.0_pB_l100,healthy,0,0.0,,100,100,7.2,,prefault,154000,0.0281684957444667
2397,TT_fault_Data_1_Phase_b_1_1_100,TT_s1.0_pB_l100,faulty,1,1.0,B,100,100,7.2,,fault,183000,0.0281684957444667
2401,TT_fault_Data_1_Phase_b_1_1_100,TT_s1.0_pB_l100,faulty,1,1.0,B,100,100,7.2,,fault,185000,0.0281684957444667
2403,TT_fault_Data_1_Phase_b_1_1_100,TT_s1.0_pB_l100,faulty,1,1.0,B,100,100,7.2,,fault,186000,0.0281684957444667
2404,TT_fault_Data_1_Phase_b_1_1_100,TT_s1.0_pB_l100,faulty,1,1.0,B,100,100,7.2,,fault,186500,0.0281684957444667
2405,TT_fault_Data_1_Phase_b_1_1_100,TT_s1.0_pB_l100,faulty,1,1.0,B,100,100,7.2,,fault,187000,0.0281684957444667
2406,TT_fault_Data_1_Phase_b_1_1_100,TT_s1.0_pB_l100,faulty,1,1.0,B,100,100,7.2,,fault,187500,0.0281684957444667
2407,TT_fault_Data_1_Phase_b_1_1_100,TT_s1.0_pB_l100,faulty,1,1.0,B,100,100,7.2,,fault,188000,0.0281684957444667
2409,TT_fault_Data_1_Phase_b_1_1_100,TT_s1.0_pB_l100,faulty,1,1.0,B,100,100,7.2,,fault,189000,0.0281684957444667
2412,TT_fault_Data_1_Phase_b_1_1_100,TT_s1.0_pB_l100,faulty,1,1.0,B,100,100,7.2,,fault,190500,0.0281684957444667
2415,TT_fault_Data_1_Phase_b_1_1_100,TT_s1.0_pB_l100,faulty,1,1.0,B,100,100,7.2,,fault,192000,0.0281684957444667
2417,TT_fault_Data_1_Phase_b_1_1_100,TT_s1.0_pB_l100,faulty,1,1.0,B,100,100,7.2,,fault,193000,0.0281684957444667
2418,TT_fault_Data_1_Phase_b_1_1_100,TT_s1.0_pB_l100,faulty,1,1.0,B,100,100,7.2,,fault,193500,0.0281684957444667
2429,TT_fault_Data_1_Phase_b_1_1_20,TT_s1.0_pB_l20,healthy,0,0.0,,20,20,7.2,,prefault,118000,0.0075932759791612
2431,TT_fault_Data_1_Phase_b_1_1_20,TT_s1.0_pB_l20,healthy,0,0.0,,20,20,7.2,,prefault,126000,0.0075932759791612
2437,TT_fault_Data_1_Phase_b_1_1_20,TT_s1.0_pB_l20,healthy,0,0.0,,20,20,7.2,,prefault,150000,0.0075932759791612
2438,TT_fault_Data_1_Phase_b_1_1_20,TT_s1.0_pB_l20,healthy,0,0.0,,20,20,7.2,,prefault,154000,0.0075932759791612
2449,TT_fault_Data_1_Phase_b_1_1_20,TT_s1.0_pB_l20,faulty,1,1.0,B,20,20,7.2,,fault,183000,0.0075932759791612
2453,TT_fault_Data_1_Phase_b_1_1_20,TT_s1.0_pB_l20,faulty,1,1.0,B,20,20,7.2,,fault,185000,0.0075932759791612
2455,TT_fault_Data_1_Phase_b_1_1_20,TT_s1.0_pB_l20,faulty,1,1.0,B,20,20,7.2,,fault,186000,0.0075932759791612
2456,TT_fault_Data_1_Phase_b_1_1_20,TT_s1.0_pB_l20,faulty,1,1.0,B,20,20,7.2,,fault,186500,0.0075932759791612
2457,TT_fault_Data_1_Phase_b_1_1_20,TT_s1.0_pB_l20,faulty,1,1.0,B,20,20,7.2,,fault,187000,0.0075932759791612
2458,TT_fault_Data_1_Phase_b_1_1_20,TT_s1.0_pB_l20,faulty,1,1.0,B,20,20,7.2,,fault,187500,0.0075932759791612
2459,TT_fault_Data_1_Phase_b_1_1_20,TT_s1.0_pB_l20,faulty,1,1.0,B,20,20,7.2,,fault,188000,0.0075932759791612
2461,TT_fault_Data_1_Phase_b_1_1_20,TT_s1.0_pB_l20,faulty,1,1.0,B,20,20,7.2,,fault,189000,0.0075932759791612
2464,TT_fault_Data_1_Phase_b_1_1_20,TT_s1.0_pB_l20,faulty,1,1.0,B,20,20,7.2,,fault,190500,0.0075932759791612
2467,TT_fault_Data_1_Phase_b_1_1_20,TT_s1.0_pB_l20,faulty,1,1.0,B,20,20,7.2,,fault,192000,0.0075932759791612
2469,TT_fault_Data_1_Phase_b_1_1_20,TT_s1.0_pB_l20,faulty,1,1.0,B,20,20,7.2,,fault,193000,0.0075932759791612
2470,TT_fault_Data_1_Phase_b_1_1_20,TT_s1.0_pB_l20,faulty,1,1.0,B,20,20,7.2,,fault,193500,0.0075932759791612
2533,TT_fault_Data_1_Phase_b_1_1_60,TT_s1.0_pB_l60,healthy,0,0.0,,60,60,7.2,,prefault,118000,0.0177606623619794
2535,TT_fault_Data_1_Phase_b_1_1_60,TT_s1.0_pB_l60,healthy,0,0.0,,60,60,7.2,,prefault,126000,0.0177606623619794
2541,TT_fault_Data_1_Phase_b_1_1_60,TT_s1.0_pB_l60,healthy,0,0.0,,60,60,7.2,,prefault,150000,0.0177606623619794
2542,TT_fault_Data_1_Phase_b_1_1_60,TT_s1.0_pB_l60,healthy,0,0.0,,60,60,7.2,,prefault,154000,0.0177606623619794
2553,TT_fault_Data_1_Phase_b_1_1_60,TT_s1.0_pB_l60,faulty,1,1.0,B,60,60,7.2,,fault,183000,0.0177606623619794
2557,TT_fault_Data_1_Phase_b_1_1_60,TT_s1.0_pB_l60,faulty,1,1.0,B,60,60,7.2,,fault,185000,0.0177606623619794
2559,TT_fault_Data_1_Phase_b_1_1_60,TT_s1.0_pB_l60,faulty,1,1.0,B,60,60,7.2,,fault,186000,0.0177606623619794
2560,TT_fault_Data_1_Phase_b_1_1_60,TT_s1.0_pB_l60,faulty,1,1.0,B,60,60,7.2,,fault,186500,0.0177606623619794
2561,TT_fault_Data_1_Phase_b_1_1_60,TT_s1.0_pB_l60,faulty,1,1.0,B,60,60,7.2,,fault,187000,0.0177606623619794
2562,TT_fault_Data_1_Phase_b_1_1_60,TT_s1.0_pB_l60,faulty,1,1.0,B,60,60,7.2,,fault,187500,0.0177606623619794
2563,TT_fault_Data_1_Phase_b_1_1_60,TT_s1.0_pB_l60,faulty,1,1.0,B,60,60,7.2,,fault,188000,0.0177606623619794
2565,TT_fault_Data_1_Phase_b_1_1_60,TT_s1.0_pB_l60,faulty,1,1.0,B,60,60,7.2,,fault,189000,0.0177606623619794
2568,TT_fault_Data_1_Phase_b_1_1_60,TT_s1.0_pB_l60,faulty,1,1.0,B,60,60,7.2,,fault,190500,0.0177606623619794
2571,TT_fault_Data_1_Phase_b_1_1_60,TT_s1.0_pB_l60,faulty,1,1.0,B,60,60,7.2,,fault,192000,0.0177606623619794
2573,TT_fault_Data_1_Phase_b_1_1_60,TT_s1.0_pB_l60,faulty,1,1.0,B,60,60,7.2,,fault,193000,0.0177606623619794
2574,TT_fault_Data_1_Phase_b_1_1_60,TT_s1.0_pB_l60,faulty,1,1.0,B,60,60,7.2,,fault,193500,0.0177606623619794
2585,TT_fault_Data_1_Phase_b_1_1_80,TT_s1.0_pB_l80,healthy,0,0.0,,80,80,7.2,,prefault,118000,0.0229965150356292
2587,TT_fault_Data_1_Phase_b_1_1_80,TT_s1.0_pB_l80,healthy,0,0.0,,80,80,7.2,,prefault,126000,0.0229965150356292
2593,TT_fault_Data_1_Phase_b_1_1_80,TT_s1.0_pB_l80,healthy,0,0.0,,80,80,7.2,,prefault,150000,0.0229965150356292
2594,TT_fault_Data_1_Phase_b_1_1_80,TT_s1.0_pB_l80,healthy,0,0.0,,80,80,7.2,,prefault,154000,0.0229965150356292
2605,TT_fault_Data_1_Phase_b_1_1_80,TT_s1.0_pB_l80,faulty,1,1.0,B,80,80,7.2,,fault,183000,0.0229965150356292
2609,TT_fault_Data_1_Phase_b_1_1_80,TT_s1.0_pB_l80,faulty,1,1.0,B,80,80,7.2,,fault,185000,0.0229965150356292
2611,TT_fault_Data_1_Phase_b_1_1_80,TT_s1.0_pB_l80,faulty,1,1.0,B,80,80,7.2,,fault,186000,0.0229965150356292
2612,TT_fault_Data_1_Phase_b_1_1_80,TT_s1.0_pB_l80,faulty,1,1.0,B,80,80,7.2,,fault,186500,0.0229965150356292
2613,TT_fault_Data_1_Phase_b_1_1_80,TT_s1.0_pB_l80,faulty,1,1.0,B,80,80,7.2,,fault,187000,0.0229965150356292
2614,TT_fault_Data_1_Phase_b_1_1_80,TT_s1.0_pB_l80,faulty,1,1.0,B,80,80,7.2,,fault,187500,0.0229965150356292
2615,TT_fault_Data_1_Phase_b_1_1_80,TT_s1.0_pB_l80,faulty,1,1.0,B,80,80,7.2,,fault,188000,0.0229965150356292
2617,TT_fault_Data_1_Phase_b_1_1_80,TT_s1.0_pB_l80,faulty,1,1.0,B,80,80,7.2,,fault,189000,0.0229965150356292
2620,TT_fault_Data_1_Phase_b_1_1_80,TT_s1.0_pB_l80,faulty,1,1.0,B,80,80,7.2,,fault,190500,0.0229965150356292
2623,TT_fault_Data_1_Phase_b_1_1_80,TT_s1.0_pB_l80,faulty,1,1.0,B,80,80,7.2,,fault,192000,0.0229965150356292
2625,TT_fault_Data_1_Phase_b_1_1_80,TT_s1.0_pB_l80,faulty,1,1.0,B,80,80,7.2,,fault,193000,0.0229965150356292
2626,TT_fault_Data_1_Phase_b_1_1_80,TT_s1.0_pB_l80,faulty,1,1.0,B,80,80,7.2,,fault,193500,0.0229965150356292
2637,TT_fault_Data_1_Phase_b_1_1_NL,TT_s1.0_pB_lNL,healthy,0,0.0,,NL,0,7.2,,prefault,88000,0.0047408379614353
2639,TT_fault_Data_1_Phase_b_1_1_NL,TT_s1.0_pB_lNL,healthy,0,0.0,,NL,0,7.2,,prefault,96000,0.0047408379614353
2645,TT_fault_Data_1_Phase_b_1_1_NL,TT_s1.0_pB_lNL,healthy,0,0.0,,NL,0,7.2,,prefault,120000,0.0047408379614353
2646,TT_fault_Data_1_Phase_b_1_1_NL,TT_s1.0_pB_lNL,healthy,0,0.0,,NL,0,7.2,,prefault,124000,0.0047408379614353
2657,TT_fault_Data_1_Phase_b_1_1_NL,TT_s1.0_pB_lNL,healthy,0,0.0,,NL,0,7.2,,prefault,168000,0.0047408379614353
2661,TT_fault_Data_1_Phase_b_1_1_NL,TT_s1.0_pB_lNL,faulty,1,1.0,B,NL,0,7.2,,fault,181000,0.0047408379614353
2663,TT_fault_Data_1_Phase_b_1_1_NL,TT_s1.0_pB_lNL,faulty,1,1.0,B,NL,0,7.2,,fault,182000,0.0047408379614353
2665,TT_fault_Data_1_Phase_b_1_1_NL,TT_s1.0_pB_lNL,faulty,1,1.0,B,NL,0,7.2,,fault,183000,0.0047408379614353
2668,TT_fault_Data_1_Phase_b_1_1_NL,TT_s1.0_pB_lNL,faulty,1,1.0,B,NL,0,7.2,,fault,184500,0.0047408379614353
2669,TT_fault_Data_1_Phase_b_1_1_NL,TT_s1.0_pB_lNL,faulty,1,1.0,B,NL,0,7.2,,fault,185000,0.0047408379614353
2670,TT_fault_Data_1_Phase_b_1_1_NL,TT_s1.0_pB_lNL,faulty,1,1.0,B,NL,0,7.2,,fault,185500,0.0047408379614353
2675,TT_fault_Data_1_Phase_b_1_1_NL,TT_s1.0_pB_lNL,faulty,1,1.0,B,NL,0,7.2,,fault,188000,0.0047408379614353
2676,TT_fault_Data_1_Phase_b_1_1_NL,TT_s1.0_pB_lNL,faulty,1,1.0,B,NL,0,7.2,,fault,188500,0.0047408379614353
2678,TT_fault_Data_1_Phase_b_1_1_NL,TT_s1.0_pB_lNL,faulty,1,1.0,B,NL,0,7.2,,fault,189500,0.0047408379614353
2693,TT_fault_Data_1_Phase_b_1_1_NL,TT_s1.0_pB_lNL,faulty,1,1.0,B,NL,0,7.2,,fault,197000,0.0047408379614353
2694,TT_fault_Data_1_Phase_b_1_1_NL,TT_s1.0_pB_lNL,faulty,1,1.0,B,NL,0,7.2,,fault,197500,0.0047408379614353
2697,TT_fault_Data_1_Phase_c_1_1_100,TT_s1.0_pC_l100,healthy,0,0.0,,100,100,7.2,,prefault,118000,0.0281684957444667
2699,TT_fault_Data_1_Phase_c_1_1_100,TT_s1.0_pC_l100,healthy,0,0.0,,100,100,7.2,,prefault,126000,0.0281684957444667
2705,TT_fault_Data_1_Phase_c_1_1_100,TT_s1.0_pC_l100,healthy,0,0.0,,100,100,7.2,,prefault,150000,0.0281684957444667
2706,TT_fault_Data_1_Phase_c_1_1_100,TT_s1.0_pC_l100,healthy,0,0.0,,100,100,7.2,,prefault,154000,0.0281684957444667
2717,TT_fault_Data_1_Phase_c_1_1_100,TT_s1.0_pC_l100,faulty,1,1.0,C,100,100,7.2,,fault,183000,0.0281684957444667
2721,TT_fault_Data_1_Phase_c_1_1_100,TT_s1.0_pC_l100,faulty,1,1.0,C,100,100,7.2,,fault,185000,0.0281684957444667
2723,TT_fault_Data_1_Phase_c_1_1_100,TT_s1.0_pC_l100,faulty,1,1.0,C,100,100,7.2,,fault,186000,0.0281684957444667
2724,TT_fault_Data_1_Phase_c_1_1_100,TT_s1.0_pC_l100,faulty,1,1.0,C,100,100,7.2,,fault,186500,0.0281684957444667
2725,TT_fault_Data_1_Phase_c_1_1_100,TT_s1.0_pC_l100,faulty,1,1.0,C,100,100,7.2,,fault,187000,0.0281684957444667
2726,TT_fault_Data_1_Phase_c_1_1_100,TT_s1.0_pC_l100,faulty,1,1.0,C,100,100,7.2,,fault,187500,0.0281684957444667
2727,TT_fault_Data_1_Phase_c_1_1_100,TT_s1.0_pC_l100,faulty,1,1.0,C,100,100,7.2,,fault,188000,0.0281684957444667
2729,TT_fault_Data_1_Phase_c_1_1_100,TT_s1.0_pC_l100,faulty,1,1.0,C,100,100,7.2,,fault,189000,0.0281684957444667
2732,TT_fault_Data_1_Phase_c_1_1_100,TT_s1.0_pC_l100,faulty,1,1.0,C,100,100,7.2,,fault,190500,0.0281684957444667
2735,TT_fault_Data_1_Phase_c_1_1_100,TT_s1.0_pC_l100,faulty,1,1.0,C,100,100,7.2,,fault,192000,0.0281684957444667
2737,TT_fault_Data_1_Phase_c_1_1_100,TT_s1.0_pC_l100,faulty,1,1.0,C,100,100,7.2,,fault,193000,0.0281684957444667
2738,TT_fault_Data_1_Phase_c_1_1_100,TT_s1.0_pC_l100,faulty,1,1.0,C,100,100,7.2,,fault,193500,0.0281684957444667
2749,TT_fault_Data_1_Phase_c_1_1_20,TT_s1.0_pC_l20,healthy,0,0.0,,20,20,7.2,,prefault,118000,0.0075932755134999
2751,TT_fault_Data_1_Phase_c_1_1_20,TT_s1.0_pC_l20,healthy,0,0.0,,20,20,7.2,,prefault,126000,0.0075932755134999
2757,TT_fault_Data_1_Phase_c_1_1_20,TT_s1.0_pC_l20,healthy,0,0.0,,20,20,7.2,,prefault,150000,0.0075932755134999
2758,TT_fault_Data_1_Phase_c_1_1_20,TT_s1.0_pC_l20,healthy,0,0.0,,20,20,7.2,,prefault,154000,0.0075932755134999
2769,TT_fault_Data_1_Phase_c_1_1_20,TT_s1.0_pC_l20,faulty,1,1.0,C,20,20,7.2,,fault,183000,0.0075932755134999
2773,TT_fault_Data_1_Phase_c_1_1_20,TT_s1.0_pC_l20,faulty,1,1.0,C,20,20,7.2,,fault,185000,0.0075932755134999
2775,TT_fault_Data_1_Phase_c_1_1_20,TT_s1.0_pC_l20,faulty,1,1.0,C,20,20,7.2,,fault,186000,0.0075932755134999
2776,TT_fault_Data_1_Phase_c_1_1_20,TT_s1.0_pC_l20,faulty,1,1.0,C,20,20,7.2,,fault,186500,0.0075932755134999
2777,TT_fault_Data_1_Phase_c_1_1_20,TT_s1.0_pC_l20,faulty,1,1.0,C,20,20,7.2,,fault,187000,0.0075932755134999
2778,TT_fault_Data_1_Phase_c_1_1_20,TT_s1.0_pC_l20,faulty,1,1.0,C,20,20,7.2,,fault,187500,0.0075932755134999
2779,TT_fault_Data_1_Phase_c_1_1_20,TT_s1.0_pC_l20,faulty,1,1.0,C,20,20,7.2,,fault,188000,0.0075932755134999
2781,TT_fault_Data_1_Phase_c_1_1_20,TT_s1.0_pC_l20,faulty,1,1.0,C,20,20,7.2,,fault,189000,0.0075932755134999
2784,TT_fault_Data_1_Phase_c_1_1_20,TT_s1.0_pC_l20,faulty,1,1.0,C,20,20,7.2,,fault,190500,0.0075932755134999
2787,TT_fault_Data_1_Phase_c_1_1_20,TT_s1.0_pC_l20,faulty,1,1.0,C,20,20,7.2,,fault,192000,0.0075932755134999
2789,TT_fault_Data_1_Phase_c_1_1_20,TT_s1.0_pC_l20,faulty,1,1.0,C,20,20,7.2,,fault,193000,0.0075932755134999
2790,TT_fault_Data_1_Phase_c_1_1_20,TT_s1.0_pC_l20,faulty,1,1.0,C,20,20,7.2,,fault,193500,0.0075932755134999
2853,TT_fault_Data_1_Phase_c_1_1_60,TT_s1.0_pC_l60,healthy,0,0.0,,60,60,7.2,,prefault,118000,0.0177606623619794
2855,TT_fault_Data_1_Phase_c_1_1_60,TT_s1.0_pC_l60,healthy,0,0.0,,60,60,7.2,,prefault,126000,0.0177606623619794
2861,TT_fault_Data_1_Phase_c_1_1_60,TT_s1.0_pC_l60,healthy,0,0.0,,60,60,7.2,,prefault,150000,0.0177606623619794
2862,TT_fault_Data_1_Phase_c_1_1_60,TT_s1.0_pC_l60,healthy,0,0.0,,60,60,7.2,,prefault,154000,0.0177606623619794
2873,TT_fault_Data_1_Phase_c_1_1_60,TT_s1.0_pC_l60,faulty,1,1.0,C,60,60,7.2,,fault,183000,0.0177606623619794
2877,TT_fault_Data_1_Phase_c_1_1_60,TT_s1.0_pC_l60,faulty,1,1.0,C,60,60,7.2,,fault,185000,0.0177606623619794
2879,TT_fault_Data_1_Phase_c_1_1_60,TT_s1.0_pC_l60,faulty,1,1.0,C,60,60,7.2,,fault,186000,0.0177606623619794
2880,TT_fault_Data_1_Phase_c_1_1_60,TT_s1.0_pC_l60,faulty,1,1.0,C,60,60,7.2,,fault,186500,0.0177606623619794
2881,TT_fault_Data_1_Phase_c_1_1_60,TT_s1.0_pC_l60,faulty,1,1.0,C,60,60,7.2,,fault,187000,0.0177606623619794
2882,TT_fault_Data_1_Phase_c_1_1_60,TT_s1.0_pC_l60,faulty,1,1.0,C,60,60,7.2,,fault,187500,0.0177606623619794
2883,TT_fault_Data_1_Phase_c_1_1_60,TT_s1.0_pC_l60,faulty,1,1.0,C,60,60,7.2,,fault,188000,0.0177606623619794
2885,TT_fault_Data_1_Phase_c_1_1_60,TT_s1.0_pC_l60,faulty,1,1.0,C,60,60,7.2,,fault,189000,0.0177606623619794
2888,TT_fault_Data_1_Phase_c_1_1_60,TT_s1.0_pC_l60,faulty,1,1.0,C,60,60,7.2,,fault,190500,0.0177606623619794
2891,TT_fault_Data_1_Phase_c_1_1_60,TT_s1.0_pC_l60,faulty,1,1.0,C,60,60,7.2,,fault,192000,0.0177606623619794
2893,TT_fault_Data_1_Phase_c_1_1_60,TT_s1.0_pC_l60,faulty,1,1.0,C,60,60,7.2,,fault,193000,0.0177606623619794
2894,TT_fault_Data_1_Phase_c_1_1_60,TT_s1.0_pC_l60,faulty,1,1.0,C,60,60,7.2,,fault,193500,0.0177606623619794
2905,TT_fault_Data_1_Phase_c_1_1_80,TT_s1.0_pC_l80,healthy,0,0.0,,80,80,7.2,,prefault,118000,0.0229965150356292
2907,TT_fault_Data_1_Phase_c_1_1_80,TT_s1.0_pC_l80,healthy,0,0.0,,80,80,7.2,,prefault,126000,0.0229965150356292
2913,TT_fault_Data_1_Phase_c_1_1_80,TT_s1.0_pC_l80,healthy,0,0.0,,80,80,7.2,,prefault,150000,0.0229965150356292
2914,TT_fault_Data_1_Phase_c_1_1_80,TT_s1.0_pC_l80,healthy,0,0.0,,80,80,7.2,,prefault,154000,0.0229965150356292
2925,TT_fault_Data_1_Phase_c_1_1_80,TT_s1.0_pC_l80,faulty,1,1.0,C,80,80,7.2,,fault,183000,0.0229965150356292
2929,TT_fault_Data_1_Phase_c_1_1_80,TT_s1.0_pC_l80,faulty,1,1.0,C,80,80,7.2,,fault,185000,0.0229965150356292
2931,TT_fault_Data_1_Phase_c_1_1_80,TT_s1.0_pC_l80,faulty,1,1.0,C,80,80,7.2,,fault,186000,0.0229965150356292
2932,TT_fault_Data_1_Phase_c_1_1_80,TT_s1.0_pC_l80,faulty,1,1.0,C,80,80,7.2,,fault,186500,0.0229965150356292
2933,TT_fault_Data_1_Phase_c_1_1_80,TT_s1.0_pC_l80,faulty,1,1.0,C,80,80,7.2,,fault,187000,0.0229965150356292
2934,TT_fault_Data_1_Phase_c_1_1_80,TT_s1.0_pC_l80,faulty,1,1.0,C,80,80,7.2,,fault,187500,0.0229965150356292
2935,TT_fault_Data_1_Phase_c_1_1_80,TT_s1.0_pC_l80,faulty,1,1.0,C,80,80,7.2,,fault,188000,0.0229965150356292
2937,TT_fault_Data_1_Phase_c_1_1_80,TT_s1.0_pC_l80,faulty,1,1.0,C,80,80,7.2,,fault,189000,0.0229965150356292
2940,TT_fault_Data_1_Phase_c_1_1_80,TT_s1.0_pC_l80,faulty,1,1.0,C,80,80,7.2,,fault,190500,0.0229965150356292
2943,TT_fault_Data_1_Phase_c_1_1_80,TT_s1.0_pC_l80,faulty,1,1.0,C,80,80,7.2,,fault,192000,0.0229965150356292
2945,TT_fault_Data_1_Phase_c_1_1_80,TT_s1.0_pC_l80,faulty,1,1.0,C,80,80,7.2,,fault,193000,0.0229965150356292
2946,TT_fault_Data_1_Phase_c_1_1_80,TT_s1.0_pC_l80,faulty,1,1.0,C,80,80,7.2,,fault,193500,0.0229965150356292
2957,TT_fault_Data_1_Phase_c_1_1_NL,TT_s1.0_pC_lNL,healthy,0,0.0,,NL,0,7.2,,prefault,88000,0.004740837495774
2959,TT_fault_Data_1_Phase_c_1_1_NL,TT_s1.0_pC_lNL,healthy,0,0.0,,NL,0,7.2,,prefault,96000,0.004740837495774
2965,TT_fault_Data_1_Phase_c_1_1_NL,TT_s1.0_pC_lNL,healthy,0,0.0,,NL,0,7.2,,prefault,120000,0.004740837495774
2966,TT_fault_Data_1_Phase_c_1_1_NL,TT_s1.0_pC_lNL,healthy,0,0.0,,NL,0,7.2,,prefault,124000,0.004740837495774
2977,TT_fault_Data_1_Phase_c_1_1_NL,TT_s1.0_pC_lNL,healthy,0,0.0,,NL,0,7.2,,prefault,168000,0.004740837495774
2981,TT_fault_Data_1_Phase_c_1_1_NL,TT_s1.0_pC_lNL,faulty,1,1.0,C,NL,0,7.2,,fault,181000,0.004740837495774
2983,TT_fault_Data_1_Phase_c_1_1_NL,TT_s1.0_pC_lNL,faulty,1,1.0,C,NL,0,7.2,,fault,182000,0.004740837495774
2985,TT_fault_Data_1_Phase_c_1_1_NL,TT_s1.0_pC_lNL,faulty,1,1.0,C,NL,0,7.2,,fault,183000,0.004740837495774
2988,TT_fault_Data_1_Phase_c_1_1_NL,TT_s1.0_pC_lNL,faulty,1,1.0,C,NL,0,7.2,,fault,184500,0.004740837495774
2989,TT_fault_Data_1_Phase_c_1_1_NL,TT_s1.0_pC_lNL,faulty,1,1.0,C,NL,0,7.2,,fault,185000,0.004740837495774
2990,TT_fault_Data_1_Phase_c_1_1_NL,TT_s1.0_pC_lNL,faulty,1,1.0,C,NL,0,7.2,,fault,185500,0.004740837495774
2995,TT_fault_Data_1_Phase_c_1_1_NL,TT_s1.0_pC_lNL,faulty,1,1.0,C,NL,0,7.2,,fault,188000,0.004740837495774
2996,TT_fault_Data_1_Phase_c_1_1_NL,TT_s1.0_pC_lNL,faulty,1,1.0,C,NL,0,7.2,,fault,188500,0.004740837495774
2998,TT_fault_Data_1_Phase_c_1_1_NL,TT_s1.0_pC_lNL,faulty,1,1.0,C,NL,0,7.2,,fault,189500,0.004740837495774
3013,TT_fault_Data_1_Phase_c_1_1_NL,TT_s1.0_pC_lNL,faulty,1,1.0,C,NL,0,7.2,,fault,197000,0.004740837495774
3014,TT_fault_Data_1_Phase_c_1_1_NL,TT_s1.0_pC_lNL,faulty,1,1.0,C,NL,0,7.2,,fault,197500,0.004740837495774
3017,TT_fault_Data_2_Phase_a_2_2_100,TT_s2.0_pA_l100,healthy,0,0.0,,100,100,7.2,,prefault,118000,0.0281683783978223
3019,TT_fault_Data_2_Phase_a_2_2_100,TT_s2.0_pA_l100,healthy,0,0.0,,100,100,7.2,,prefault,126000,0.0281683783978223
3025,TT_fault_Data_2_Phase_a_2_2_100,TT_s2.0_pA_l100,healthy,0,0.0,,100,100,7.2,,prefault,150000,0.0281683783978223
3026,TT_fault_Data_2_Phase_a_2_2_100,TT_s2.0_pA_l100,healthy,0,0.0,,100,100,7.2,,prefault,154000,0.0281683783978223
3037,TT_fault_Data_2_Phase_a_2_2_100,TT_s2.0_pA_l100,faulty,1,2.0,A,100,100,7.2,,fault,183000,0.0281683783978223
3041,TT_fault_Data_2_Phase_a_2_2_100,TT_s2.0_pA_l100,faulty,1,2.0,A,100,100,7.2,,fault,185000,0.0281683783978223
3043,TT_fault_Data_2_Phase_a_2_2_100,TT_s2.0_pA_l100,faulty,1,2.0,A,100,100,7.2,,fault,186000,0.0281683783978223
3044,TT_fault_Data_2_Phase_a_2_2_100,TT_s2.0_pA_l100,faulty,1,2.0,A,100,100,7.2,,fault,186500,0.0281683783978223
3045,TT_fault_Data_2_Phase_a_2_2_100,TT_s2.0_pA_l100,faulty,1,2.0,A,100,100,7.2,,fault,187000,0.0281683783978223
3046,TT_fault_Data_2_Phase_a_2_2_100,TT_s2.0_pA_l100,faulty,1,2.0,A,100,100,7.2,,fault,187500,0.0281683783978223
3047,TT_fault_Data_2_Phase_a_2_2_100,TT_s2.0_pA_l100,faulty,1,2.0,A,100,100,7.2,,fault,188000,0.0281683783978223
3049,TT_fault_Data_2_Phase_a_2_2_100,TT_s2.0_pA_l100,faulty,1,2.0,A,100,100,7.2,,fault,189000,0.0281683783978223
3052,TT_fault_Data_2_Phase_a_2_2_100,TT_s2.0_pA_l100,faulty,1,2.0,A,100,100,7.2,,fault,190500,0.0281683783978223
3055,TT_fault_Data_2_Phase_a_2_2_100,TT_s2.0_pA_l100,faulty,1,2.0,A,100,100,7.2,,fault,192000,0.0281683783978223
3057,TT_fault_Data_2_Phase_a_2_2_100,TT_s2.0_pA_l100,faulty,1,2.0,A,100,100,7.2,,fault,193000,0.0281683783978223
3058,TT_fault_Data_2_Phase_a_2_2_100,TT_s2.0_pA_l100,faulty,1,2.0,A,100,100,7.2,,fault,193500,0.0281683783978223
3069,TT_fault_Data_2_Phase_a_2_2_20,TT_s2.0_pA_l20,healthy,0,0.0,,20,20,7.2,,prefault,118000,0.0075932703912258
3071,TT_fault_Data_2_Phase_a_2_2_20,TT_s2.0_pA_l20,healthy,0,0.0,,20,20,7.2,,prefault,126000,0.0075932703912258
3077,TT_fault_Data_2_Phase_a_2_2_20,TT_s2.0_pA_l20,healthy,0,0.0,,20,20,7.2,,prefault,150000,0.0075932703912258
3078,TT_fault_Data_2_Phase_a_2_2_20,TT_s2.0_pA_l20,healthy,0,0.0,,20,20,7.2,,prefault,154000,0.0075932703912258
3089,TT_fault_Data_2_Phase_a_2_2_20,TT_s2.0_pA_l20,faulty,1,2.0,A,20,20,7.2,,fault,183000,0.0075932703912258
3093,TT_fault_Data_2_Phase_a_2_2_20,TT_s2.0_pA_l20,faulty,1,2.0,A,20,20,7.2,,fault,185000,0.0075932703912258
3095,TT_fault_Data_2_Phase_a_2_2_20,TT_s2.0_pA_l20,faulty,1,2.0,A,20,20,7.2,,fault,186000,0.0075932703912258
3096,TT_fault_Data_2_Phase_a_2_2_20,TT_s2.0_pA_l20,faulty,1,2.0,A,20,20,7.2,,fault,186500,0.0075932703912258
3097,TT_fault_Data_2_Phase_a_2_2_20,TT_s2.0_pA_l20,faulty,1,2.0,A,20,20,7.2,,fault,187000,0.0075932703912258
3098,TT_fault_Data_2_Phase_a_2_2_20,TT_s2.0_pA_l20,faulty,1,2.0,A,20,20,7.2,,fault,187500,0.0075932703912258
3099,TT_fault_Data_2_Phase_a_2_2_20,TT_s2.0_pA_l20,faulty,1,2.0,A,20,20,7.2,,fault,188000,0.0075932703912258
3101,TT_fault_Data_2_Phase_a_2_2_20,TT_s2.0_pA_l20,faulty,1,2.0,A,20,20,7.2,,fault,189000,0.0075932703912258
3104,TT_fault_Data_2_Phase_a_2_2_20,TT_s2.0_pA_l20,faulty,1,2.0,A,20,20,7.2,,fault,190500,0.0075932703912258
3107,TT_fault_Data_2_Phase_a_2_2_20,TT_s2.0_pA_l20,faulty,1,2.0,A,20,20,7.2,,fault,192000,0.0075932703912258
3109,TT_fault_Data_2_Phase_a_2_2_20,TT_s2.0_pA_l20,faulty,1,2.0,A,20,20,7.2,,fault,193000,0.0075932703912258
3110,TT_fault_Data_2_Phase_a_2_2_20,TT_s2.0_pA_l20,faulty,1,2.0,A,20,20,7.2,,fault,193500,0.0075932703912258
3121,TT_fault_Data_2_Phase_a_2_2_40,TT_s2.0_pA_l40,healthy,0,0.0,,40,40,7.2,,prefault,118000,0.0125285992398858
3123,TT_fault_Data_2_Phase_a_2_2_40,TT_s2.0_pA_l40,healthy,0,0.0,,40,40,7.2,,prefault,126000,0.0125285992398858
3129,TT_fault_Data_2_Phase_a_2_2_40,TT_s2.0_pA_l40,healthy,0,0.0,,40,40,7.2,,prefault,150000,0.0125285992398858
3130,TT_fault_Data_2_Phase_a_2_2_40,TT_s2.0_pA_l40,healthy,0,0.0,,40,40,7.2,,prefault,154000,0.0125285992398858
3141,TT_fault_Data_2_Phase_a_2_2_40,TT_s2.0_pA_l40,faulty,1,2.0,A,40,40,7.2,,fault,183000,0.0125285992398858
3145,TT_fault_Data_2_Phase_a_2_2_40,TT_s2.0_pA_l40,faulty,1,2.0,A,40,40,7.2,,fault,185000,0.0125285992398858
3147,TT_fault_Data_2_Phase_a_2_2_40,TT_s2.0_pA_l40,faulty,1,2.0,A,40,40,7.2,,fault,186000,0.0125285992398858
3148,TT_fault_Data_2_Phase_a_2_2_40,TT_s2.0_pA_l40,faulty,1,2.0,A,40,40,7.2,,fault,186500,0.0125285992398858
3149,TT_fault_Data_2_Phase_a_2_2_40,TT_s2.0_pA_l40,faulty,1,2.0,A,40,40,7.2,,fault,187000,0.0125285992398858
3150,TT_fault_Data_2_Phase_a_2_2_40,TT_s2.0_pA_l40,faulty,1,2.0,A,40,40,7.2,,fault,187500,0.0125285992398858
3151,TT_fault_Data_2_Phase_a_2_2_40,TT_s2.0_pA_l40,faulty,1,2.0,A,40,40,7.2,,fault,188000,0.0125285992398858
3153,TT_fault_Data_2_Phase_a_2_2_40,TT_s2.0_pA_l40,faulty,1,2.0,A,40,40,7.2,,fault,189000,0.0125285992398858
3156,TT_fault_Data_2_Phase_a_2_2_40,TT_s2.0_pA_l40,faulty,1,2.0,A,40,40,7.2,,fault,190500,0.0125285992398858
3159,TT_fault_Data_2_Phase_a_2_2_40,TT_s2.0_pA_l40,faulty,1,2.0,A,40,40,7.2,,fault,192000,0.0125285992398858
3161,TT_fault_Data_2_Phase_a_2_2_40,TT_s2.0_pA_l40,faulty,1,2.0,A,40,40,7.2,,fault,193000,0.0125285992398858
3162,TT_fault_Data_2_Phase_a_2_2_40,TT_s2.0_pA_l40,faulty,1,2.0,A,40,40,7.2,,fault,193500,0.0125285992398858
3225,TT_fault_Data_2_Phase_a_2_2_80,TT_s2.0_pA_l80,healthy,0,0.0,,80,80,7.2,,prefault,118000,0.0229964312165975
3227,TT_fault_Data_2_Phase_a_2_2_80,TT_s2.0_pA_l80,healthy,0,0.0,,80,80,7.2,,prefault,126000,0.0229964312165975
3233,TT_fault_Data_2_Phase_a_2_2_80,TT_s2.0_pA_l80,healthy,0,0.0,,80,80,7.2,,prefault,150000,0.0229964312165975
3234,TT_fault_Data_2_Phase_a_2_2_80,TT_s2.0_pA_l80,healthy,0,0.0,,80,80,7.2,,prefault,154000,0.0229964312165975
3245,TT_fault_Data_2_Phase_a_2_2_80,TT_s2.0_pA_l80,faulty,1,2.0,A,80,80,7.2,,fault,183000,0.0229964312165975
3249,TT_fault_Data_2_Phase_a_2_2_80,TT_s2.0_pA_l80,faulty,1,2.0,A,80,80,7.2,,fault,185000,0.0229964312165975
3251,TT_fault_Data_2_Phase_a_2_2_80,TT_s2.0_pA_l80,faulty,1,2.0,A,80,80,7.2,,fault,186000,0.0229964312165975
3252,TT_fault_Data_2_Phase_a_2_2_80,TT_s2.0_pA_l80,faulty,1,2.0,A,80,80,7.2,,fault,186500,0.0229964312165975
3253,TT_fault_Data_2_Phase_a_2_2_80,TT_s2.0_pA_l80,faulty,1,2.0,A,80,80,7.2,,fault,187000,0.0229964312165975
3254,TT_fault_Data_2_Phase_a_2_2_80,TT_s2.0_pA_l80,faulty,1,2.0,A,80,80,7.2,,fault,187500,0.0229964312165975
3255,TT_fault_Data_2_Phase_a_2_2_80,TT_s2.0_pA_l80,faulty,1,2.0,A,80,80,7.2,,fault,188000,0.0229964312165975
3257,TT_fault_Data_2_Phase_a_2_2_80,TT_s2.0_pA_l80,faulty,1,2.0,A,80,80,7.2,,fault,189000,0.0229964312165975
3260,TT_fault_Data_2_Phase_a_2_2_80,TT_s2.0_pA_l80,faulty,1,2.0,A,80,80,7.2,,fault,190500,0.0229964312165975
3263,TT_fault_Data_2_Phase_a_2_2_80,TT_s2.0_pA_l80,faulty,1,2.0,A,80,80,7.2,,fault,192000,0.0229964312165975
3265,TT_fault_Data_2_Phase_a_2_2_80,TT_s2.0_pA_l80,faulty,1,2.0,A,80,80,7.2,,fault,193000,0.0229964312165975
3266,TT_fault_Data_2_Phase_a_2_2_80,TT_s2.0_pA_l80,faulty,1,2.0,A,80,80,7.2,,fault,193500,0.0229964312165975
3277,TT_fault_Data_2_Phase_a_2_2_NL,TT_s2.0_pA_lNL,healthy,0,0.0,,NL,0,7.2,,prefault,88000,0.0047408523969352
3279,TT_fault_Data_2_Phase_a_2_2_NL,TT_s2.0_pA_lNL,healthy,0,0.0,,NL,0,7.2,,prefault,96000,0.0047408523969352
3285,TT_fault_Data_2_Phase_a_2_2_NL,TT_s2.0_pA_lNL,healthy,0,0.0,,NL,0,7.2,,prefault,120000,0.0047408523969352
3286,TT_fault_Data_2_Phase_a_2_2_NL,TT_s2.0_pA_lNL,healthy,0,0.0,,NL,0,7.2,,prefault,124000,0.0047408523969352
3297,TT_fault_Data_2_Phase_a_2_2_NL,TT_s2.0_pA_lNL,healthy,0,0.0,,NL,0,7.2,,prefault,168000,0.0047408523969352
3301,TT_fault_Data_2_Phase_a_2_2_NL,TT_s2.0_pA_lNL,faulty,1,2.0,A,NL,0,7.2,,fault,181000,0.0047408523969352
3303,TT_fault_Data_2_Phase_a_2_2_NL,TT_s2.0_pA_lNL,faulty,1,2.0,A,NL,0,7.2,,fault,182000,0.0047408523969352
3305,TT_fault_Data_2_Phase_a_2_2_NL,TT_s2.0_pA_lNL,faulty,1,2.0,A,NL,0,7.2,,fault,183000,0.0047408523969352
3308,TT_fault_Data_2_Phase_a_2_2_NL,TT_s2.0_pA_lNL,faulty,1,2.0,A,NL,0,7.2,,fault,184500,0.0047408523969352
3309,TT_fault_Data_2_Phase_a_2_2_NL,TT_s2.0_pA_lNL,faulty,1,2.0,A,NL,0,7.2,,fault,185000,0.0047408523969352
3310,TT_fault_Data_2_Phase_a_2_2_NL,TT_s2.0_pA_lNL,faulty,1,2.0,A,NL,0,7.2,,fault,185500,0.0047408523969352
3315,TT_fault_Data_2_Phase_a_2_2_NL,TT_s2.0_pA_lNL,faulty,1,2.0,A,NL,0,7.2,,fault,188000,0.0047408523969352
3316,TT_fault_Data_2_Phase_a_2_2_NL,TT_s2.0_pA_lNL,faulty,1,2.0,A,NL,0,7.2,,fault,188500,0.0047408523969352
3318,TT_fault_Data_2_Phase_a_2_2_NL,TT_s2.0_pA_lNL,faulty,1,2.0,A,NL,0,7.2,,fault,189500,0.0047408523969352
3333,TT_fault_Data_2_Phase_a_2_2_NL,TT_s2.0_pA_lNL,faulty,1,2.0,A,NL,0,7.2,,fault,197000,0.0047408523969352
3334,TT_fault_Data_2_Phase_a_2_2_NL,TT_s2.0_pA_lNL,faulty,1,2.0,A,NL,0,7.2,,fault,197500,0.0047408523969352
3337,TT_fault_Data_2_Phase_b_2_2_100,TT_s2.0_pB_l100,healthy,0,0.0,,100,100,7.2,,prefault,118000,0.0281683783978223
3339,TT_fault_Data_2_Phase_b_2_2_100,TT_s2.0_pB_l100,healthy,0,0.0,,100,100,7.2,,prefault,126000,0.0281683783978223
3345,TT_fault_Data_2_Phase_b_2_2_100,TT_s2.0_pB_l100,healthy,0,0.0,,100,100,7.2,,prefault,150000,0.0281683783978223
3346,TT_fault_Data_2_Phase_b_2_2_100,TT_s2.0_pB_l100,healthy,0,0.0,,100,100,7.2,,prefault,154000,0.0281683783978223
3357,TT_fault_Data_2_Phase_b_2_2_100,TT_s2.0_pB_l100,faulty,1,2.0,B,100,100,7.2,,fault,183000,0.0281683783978223
3361,TT_fault_Data_2_Phase_b_2_2_100,TT_s2.0_pB_l100,faulty,1,2.0,B,100,100,7.2,,fault,185000,0.0281683783978223
3363,TT_fault_Data_2_Phase_b_2_2_100,TT_s2.0_pB_l100,faulty,1,2.0,B,100,100,7.2,,fault,186000,0.0281683783978223
3364,TT_fault_Data_2_Phase_b_2_2_100,TT_s2.0_pB_l100,faulty,1,2.0,B,100,100,7.2,,fault,186500,0.0281683783978223
3365,TT_fault_Data_2_Phase_b_2_2_100,TT_s2.0_pB_l100,faulty,1,2.0,B,100,100,7.2,,fault,187000,0.0281683783978223
3366,TT_fault_Data_2_Phase_b_2_2_100,TT_s2.0_pB_l100,faulty,1,2.0,B,100,100,7.2,,fault,187500,0.0281683783978223
3367,TT_fault_Data_2_Phase_b_2_2_100,TT_s2.0_pB_l100,faulty,1,2.0,B,100,100,7.2,,fault,188000,0.0281683783978223
3369,TT_fault_Data_2_Phase_b_2_2_100,TT_s2.0_pB_l100,faulty,1,2.0,B,100,100,7.2,,fault,189000,0.0281683783978223
3372,TT_fault_Data_2_Phase_b_2_2_100,TT_s2.0_pB_l100,faulty,1,2.0,B,100,100,7.2,,fault,190500,0.0281683783978223
3375,TT_fault_Data_2_Phase_b_2_2_100,TT_s2.0_pB_l100,faulty,1,2.0,B,100,100,7.2,,fault,192000,0.0281683783978223
3377,TT_fault_Data_2_Phase_b_2_2_100,TT_s2.0_pB_l100,faulty,1,2.0,B,100,100,7.2,,fault,193000,0.0281683783978223
3378,TT_fault_Data_2_Phase_b_2_2_100,TT_s2.0_pB_l100,faulty,1,2.0,B,100,100,7.2,,fault,193500,0.0281683783978223
3389,TT_fault_Data_2_Phase_b_2_2_20,TT_s2.0_pB_l20,healthy,0,0.0,,20,20,7.2,,prefault,118000,0.0075932708568871
3391,TT_fault_Data_2_Phase_b_2_2_20,TT_s2.0_pB_l20,healthy,0,0.0,,20,20,7.2,,prefault,126000,0.0075932708568871
3397,TT_fault_Data_2_Phase_b_2_2_20,TT_s2.0_pB_l20,healthy,0,0.0,,20,20,7.2,,prefault,150000,0.0075932708568871
3398,TT_fault_Data_2_Phase_b_2_2_20,TT_s2.0_pB_l20,healthy,0,0.0,,20,20,7.2,,prefault,154000,0.0075932708568871
3409,TT_fault_Data_2_Phase_b_2_2_20,TT_s2.0_pB_l20,faulty,1,2.0,B,20,20,7.2,,fault,183000,0.0075932708568871
3413,TT_fault_Data_2_Phase_b_2_2_20,TT_s2.0_pB_l20,faulty,1,2.0,B,20,20,7.2,,fault,185000,0.0075932708568871
3415,TT_fault_Data_2_Phase_b_2_2_20,TT_s2.0_pB_l20,faulty,1,2.0,B,20,20,7.2,,fault,186000,0.0075932708568871
3416,TT_fault_Data_2_Phase_b_2_2_20,TT_s2.0_pB_l20,faulty,1,2.0,B,20,20,7.2,,fault,186500,0.0075932708568871
3417,TT_fault_Data_2_Phase_b_2_2_20,TT_s2.0_pB_l20,faulty,1,2.0,B,20,20,7.2,,fault,187000,0.0075932708568871
3418,TT_fault_Data_2_Phase_b_2_2_20,TT_s2.0_pB_l20,faulty,1,2.0,B,20,20,7.2,,fault,187500,0.0075932708568871
3419,TT_fault_Data_2_Phase_b_2_2_20,TT_s2.0_pB_l20,faulty,1,2.0,B,20,20,7.2,,fault,188000,0.0075932708568871
3421,TT_fault_Data_2_Phase_b_2_2_20,TT_s2.0_pB_l20,faulty,1,2.0,B,20,20,7.2,,fault,189000,0.0075932708568871
3424,TT_fault_Data_2_Phase_b_2_2_20,TT_s2.0_pB_l20,faulty,1,2.0,B,20,20,7.2,,fault,190500,0.0075932708568871
3427,TT_fault_Data_2_Phase_b_2_2_20,TT_s2.0_pB_l20,faulty,1,2.0,B,20,20,7.2,,fault,192000,0.0075932708568871
3429,TT_fault_Data_2_Phase_b_2_2_20,TT_s2.0_pB_l20,faulty,1,2.0,B,20,20,7.2,,fault,193000,0.0075932708568871
3430,TT_fault_Data_2_Phase_b_2_2_20,TT_s2.0_pB_l20,faulty,1,2.0,B,20,20,7.2,,fault,193500,0.0075932708568871
3441,TT_fault_Data_2_Phase_b_2_2_40,TT_s2.0_pB_l40,healthy,0,0.0,,40,40,7.2,,prefault,118000,0.0125285992398858
3443,TT_fault_Data_2_Phase_b_2_2_40,TT_s2.0_pB_l40,healthy,0,0.0,,40,40,7.2,,prefault,126000,0.0125285992398858
3449,TT_fault_Data_2_Phase_b_2_2_40,TT_s2.0_pB_l40,healthy,0,0.0,,40,40,7.2,,prefault,150000,0.0125285992398858
3450,TT_fault_Data_2_Phase_b_2_2_40,TT_s2.0_pB_l40,healthy,0,0.0,,40,40,7.2,,prefault,154000,0.0125285992398858
3461,TT_fault_Data_2_Phase_b_2_2_40,TT_s2.0_pB_l40,faulty,1,2.0,B,40,40,7.2,,fault,183000,0.0125285992398858
3465,TT_fault_Data_2_Phase_b_2_2_40,TT_s2.0_pB_l40,faulty,1,2.0,B,40,40,7.2,,fault,185000,0.0125285992398858
3467,TT_fault_Data_2_Phase_b_2_2_40,TT_s2.0_pB_l40,faulty,1,2.0,B,40,40,7.2,,fault,186000,0.0125285992398858
3468,TT_fault_Data_2_Phase_b_2_2_40,TT_s2.0_pB_l40,faulty,1,2.0,B,40,40,7.2,,fault,186500,0.0125285992398858
3469,TT_fault_Data_2_Phase_b_2_2_40,TT_s2.0_pB_l40,faulty,1,2.0,B,40,40,7.2,,fault,187000,0.0125285992398858
3470,TT_fault_Data_2_Phase_b_2_2_40,TT_s2.0_pB_l40,faulty,1,2.0,B,40,40,7.2,,fault,187500,0.0125285992398858
3471,TT_fault_Data_2_Phase_b_2_2_40,TT_s2.0_pB_l40,faulty,1,2.0,B,40,40,7.2,,fault,188000,0.0125285992398858
3473,TT_fault_Data_2_Phase_b_2_2_40,TT_s2.0_pB_l40,faulty,1,2.0,B,40,40,7.2,,fault,189000,0.0125285992398858
3476,TT_fault_Data_2_Phase_b_2_2_40,TT_s2.0_pB_l40,faulty,1,2.0,B,40,40,7.2,,fault,190500,0.0125285992398858
3479,TT_fault_Data_2_Phase_b_2_2_40,TT_s2.0_pB_l40,faulty,1,2.0,B,40,40,7.2,,fault,192000,0.0125285992398858
3481,TT_fault_Data_2_Phase_b_2_2_40,TT_s2.0_pB_l40,faulty,1,2.0,B,40,40,7.2,,fault,193000,0.0125285992398858
3482,TT_fault_Data_2_Phase_b_2_2_40,TT_s2.0_pB_l40,faulty,1,2.0,B,40,40,7.2,,fault,193500,0.0125285992398858
3545,TT_fault_Data_2_Phase_b_2_2_80,TT_s2.0_pB_l80,healthy,0,0.0,,80,80,7.2,,prefault,118000,0.0229964312165975
3547,TT_fault_Data_2_Phase_b_2_2_80,TT_s2.0_pB_l80,healthy,0,0.0,,80,80,7.2,,prefault,126000,0.0229964312165975
3553,TT_fault_Data_2_Phase_b_2_2_80,TT_s2.0_pB_l80,healthy,0,0.0,,80,80,7.2,,prefault,150000,0.0229964312165975
3554,TT_fault_Data_2_Phase_b_2_2_80,TT_s2.0_pB_l80,healthy,0,0.0,,80,80,7.2,,prefault,154000,0.0229964312165975
3565,TT_fault_Data_2_Phase_b_2_2_80,TT_s2.0_pB_l80,faulty,1,2.0,B,80,80,7.2,,fault,183000,0.0229964312165975
3569,TT_fault_Data_2_Phase_b_2_2_80,TT_s2.0_pB_l80,faulty,1,2.0,B,80,80,7.2,,fault,185000,0.0229964312165975
3571,TT_fault_Data_2_Phase_b_2_2_80,TT_s2.0_pB_l80,faulty,1,2.0,B,80,80,7.2,,fault,186000,0.0229964312165975
3572,TT_fault_Data_2_Phase_b_2_2_80,TT_s2.0_pB_l80,faulty,1,2.0,B,80,80,7.2,,fault,186500,0.0229964312165975
3573,TT_fault_Data_2_Phase_b_2_2_80,TT_s2.0_pB_l80,faulty,1,2.0,B,80,80,7.2,,fault,187000,0.0229964312165975
3574,TT_fault_Data_2_Phase_b_2_2_80,TT_s2.0_pB_l80,faulty,1,2.0,B,80,80,7.2,,fault,187500,0.0229964312165975
3575,TT_fault_Data_2_Phase_b_2_2_80,TT_s2.0_pB_l80,faulty,1,2.0,B,80,80,7.2,,fault,188000,0.0229964312165975
3577,TT_fault_Data_2_Phase_b_2_2_80,TT_s2.0_pB_l80,faulty,1,2.0,B,80,80,7.2,,fault,189000,0.0229964312165975
3580,TT_fault_Data_2_Phase_b_2_2_80,TT_s2.0_pB_l80,faulty,1,2.0,B,80,80,7.2,,fault,190500,0.0229964312165975
3583,TT_fault_Data_2_Phase_b_2_2_80,TT_s2.0_pB_l80,faulty,1,2.0,B,80,80,7.2,,fault,192000,0.0229964312165975
3585,TT_fault_Data_2_Phase_b_2_2_80,TT_s2.0_pB_l80,faulty,1,2.0,B,80,80,7.2,,fault,193000,0.0229964312165975
3586,TT_fault_Data_2_Phase_b_2_2_80,TT_s2.0_pB_l80,faulty,1,2.0,B,80,80,7.2,,fault,193500,0.0229964312165975
3597,TT_fault_Data_2_Phase_b_2_2_NL,TT_s2.0_pB_lNL,healthy,0,0.0,,NL,0,7.2,,prefault,88000,0.0047408523969352
3599,TT_fault_Data_2_Phase_b_2_2_NL,TT_s2.0_pB_lNL,healthy,0,0.0,,NL,0,7.2,,prefault,96000,0.0047408523969352
3605,TT_fault_Data_2_Phase_b_2_2_NL,TT_s2.0_pB_lNL,healthy,0,0.0,,NL,0,7.2,,prefault,120000,0.0047408523969352
3606,TT_fault_Data_2_Phase_b_2_2_NL,TT_s2.0_pB_lNL,healthy,0,0.0,,NL,0,7.2,,prefault,124000,0.0047408523969352
3617,TT_fault_Data_2_Phase_b_2_2_NL,TT_s2.0_pB_lNL,healthy,0,0.0,,NL,0,7.2,,prefault,168000,0.0047408523969352
3621,TT_fault_Data_2_Phase_b_2_2_NL,TT_s2.0_pB_lNL,faulty,1,2.0,B,NL,0,7.2,,fault,181000,0.0047408523969352
3623,TT_fault_Data_2_Phase_b_2_2_NL,TT_s2.0_pB_lNL,faulty,1,2.0,B,NL,0,7.2,,fault,182000,0.0047408523969352
3625,TT_fault_Data_2_Phase_b_2_2_NL,TT_s2.0_pB_lNL,faulty,1,2.0,B,NL,0,7.2,,fault,183000,0.0047408523969352
3628,TT_fault_Data_2_Phase_b_2_2_NL,TT_s2.0_pB_lNL,faulty,1,2.0,B,NL,0,7.2,,fault,184500,0.0047408523969352
3629,TT_fault_Data_2_Phase_b_2_2_NL,TT_s2.0_pB_lNL,faulty,1,2.0,B,NL,0,7.2,,fault,185000,0.0047408523969352
3630,TT_fault_Data_2_Phase_b_2_2_NL,TT_s2.0_pB_lNL,faulty,1,2.0,B,NL,0,7.2,,fault,185500,0.0047408523969352
3635,TT_fault_Data_2_Phase_b_2_2_NL,TT_s2.0_pB_lNL,faulty,1,2.0,B,NL,0,7.2,,fault,188000,0.0047408523969352
3636,TT_fault_Data_2_Phase_b_2_2_NL,TT_s2.0_pB_lNL,faulty,1,2.0,B,NL,0,7.2,,fault,188500,0.0047408523969352
3638,TT_fault_Data_2_Phase_b_2_2_NL,TT_s2.0_pB_lNL,faulty,1,2.0,B,NL,0,7.2,,fault,189500,0.0047408523969352
3653,TT_fault_Data_2_Phase_b_2_2_NL,TT_s2.0_pB_lNL,faulty,1,2.0,B,NL,0,7.2,,fault,197000,0.0047408523969352
3654,TT_fault_Data_2_Phase_b_2_2_NL,TT_s2.0_pB_lNL,faulty,1,2.0,B,NL,0,7.2,,fault,197500,0.0047408523969352
3657,TT_fault_Data_2_Phase_c_2_2_100,TT_s2.0_pC_l100,healthy,0,0.0,,100,100,7.2,,prefault,118000,0.0281683783978223
3659,TT_fault_Data_2_Phase_c_2_2_100,TT_s2.0_pC_l100,healthy,0,0.0,,100,100,7.2,,prefault,126000,0.0281683783978223
3665,TT_fault_Data_2_Phase_c_2_2_100,TT_s2.0_pC_l100,healthy,0,0.0,,100,100,7.2,,prefault,150000,0.0281683783978223
3666,TT_fault_Data_2_Phase_c_2_2_100,TT_s2.0_pC_l100,healthy,0,0.0,,100,100,7.2,,prefault,154000,0.0281683783978223
3677,TT_fault_Data_2_Phase_c_2_2_100,TT_s2.0_pC_l100,faulty,1,2.0,C,100,100,7.2,,fault,183000,0.0281683783978223
3681,TT_fault_Data_2_Phase_c_2_2_100,TT_s2.0_pC_l100,faulty,1,2.0,C,100,100,7.2,,fault,185000,0.0281683783978223
3683,TT_fault_Data_2_Phase_c_2_2_100,TT_s2.0_pC_l100,faulty,1,2.0,C,100,100,7.2,,fault,186000,0.0281683783978223
3684,TT_fault_Data_2_Phase_c_2_2_100,TT_s2.0_pC_l100,faulty,1,2.0,C,100,100,7.2,,fault,186500,0.0281683783978223
3685,TT_fault_Data_2_Phase_c_2_2_100,TT_s2.0_pC_l100,faulty,1,2.0,C,100,100,7.2,,fault,187000,0.0281683783978223
3686,TT_fault_Data_2_Phase_c_2_2_100,TT_s2.0_pC_l100,faulty,1,2.0,C,100,100,7.2,,fault,187500,0.0281683783978223
3687,TT_fault_Data_2_Phase_c_2_2_100,TT_s2.0_pC_l100,faulty,1,2.0,C,100,100,7.2,,fault,188000,0.0281683783978223
3689,TT_fault_Data_2_Phase_c_2_2_100,TT_s2.0_pC_l100,faulty,1,2.0,C,100,100,7.2,,fault,189000,0.0281683783978223
3692,TT_fault_Data_2_Phase_c_2_2_100,TT_s2.0_pC_l100,faulty,1,2.0,C,100,100,7.2,,fault,190500,0.0281683783978223
3695,TT_fault_Data_2_Phase_c_2_2_100,TT_s2.0_pC_l100,faulty,1,2.0,C,100,100,7.2,,fault,192000,0.0281683783978223
3697,TT_fault_Data_2_Phase_c_2_2_100,TT_s2.0_pC_l100,faulty,1,2.0,C,100,100,7.2,,fault,193000,0.0281683783978223
3698,TT_fault_Data_2_Phase_c_2_2_100,TT_s2.0_pC_l100,faulty,1,2.0,C,100,100,7.2,,fault,193500,0.0281683783978223
3709,TT_fault_Data_2_Phase_c_2_2_20,TT_s2.0_pC_l20,healthy,0,0.0,,20,20,7.2,,prefault,118000,0.0075932703912258
3711,TT_fault_Data_2_Phase_c_2_2_20,TT_s2.0_pC_l20,healthy,0,0.0,,20,20,7.2,,prefault,126000,0.0075932703912258
3717,TT_fault_Data_2_Phase_c_2_2_20,TT_s2.0_pC_l20,healthy,0,0.0,,20,20,7.2,,prefault,150000,0.0075932703912258
3718,TT_fault_Data_2_Phase_c_2_2_20,TT_s2.0_pC_l20,healthy,0,0.0,,20,20,7.2,,prefault,154000,0.0075932703912258
3729,TT_fault_Data_2_Phase_c_2_2_20,TT_s2.0_pC_l20,faulty,1,2.0,C,20,20,7.2,,fault,183000,0.0075932703912258
3733,TT_fault_Data_2_Phase_c_2_2_20,TT_s2.0_pC_l20,faulty,1,2.0,C,20,20,7.2,,fault,185000,0.0075932703912258
3735,TT_fault_Data_2_Phase_c_2_2_20,TT_s2.0_pC_l20,faulty,1,2.0,C,20,20,7.2,,fault,186000,0.0075932703912258
3736,TT_fault_Data_2_Phase_c_2_2_20,TT_s2.0_pC_l20,faulty,1,2.0,C,20,20,7.2,,fault,186500,0.0075932703912258
3737,TT_fault_Data_2_Phase_c_2_2_20,TT_s2.0_pC_l20,faulty,1,2.0,C,20,20,7.2,,fault,187000,0.0075932703912258
3738,TT_fault_Data_2_Phase_c_2_2_20,TT_s2.0_pC_l20,faulty,1,2.0,C,20,20,7.2,,fault,187500,0.0075932703912258
3739,TT_fault_Data_2_Phase_c_2_2_20,TT_s2.0_pC_l20,faulty,1,2.0,C,20,20,7.2,,fault,188000,0.0075932703912258
3741,TT_fault_Data_2_Phase_c_2_2_20,TT_s2.0_pC_l20,faulty,1,2.0,C,20,20,7.2,,fault,189000,0.0075932703912258
3744,TT_fault_Data_2_Phase_c_2_2_20,TT_s2.0_pC_l20,faulty,1,2.0,C,20,20,7.2,,fault,190500,0.0075932703912258
3747,TT_fault_Data_2_Phase_c_2_2_20,TT_s2.0_pC_l20,faulty,1,2.0,C,20,20,7.2,,fault,192000,0.0075932703912258
3749,TT_fault_Data_2_Phase_c_2_2_20,TT_s2.0_pC_l20,faulty,1,2.0,C,20,20,7.2,,fault,193000,0.0075932703912258
3750,TT_fault_Data_2_Phase_c_2_2_20,TT_s2.0_pC_l20,faulty,1,2.0,C,20,20,7.2,,fault,193500,0.0075932703912258
3761,TT_fault_Data_2_Phase_c_2_2_40,TT_s2.0_pC_l40,healthy,0,0.0,,40,40,7.2,,prefault,118000,0.0125285992398858
3763,TT_fault_Data_2_Phase_c_2_2_40,TT_s2.0_pC_l40,healthy,0,0.0,,40,40,7.2,,prefault,126000,0.0125285992398858
3769,TT_fault_Data_2_Phase_c_2_2_40,TT_s2.0_pC_l40,healthy,0,0.0,,40,40,7.2,,prefault,150000,0.0125285992398858
3770,TT_fault_Data_2_Phase_c_2_2_40,TT_s2.0_pC_l40,healthy,0,0.0,,40,40,7.2,,prefault,154000,0.0125285992398858
3781,TT_fault_Data_2_Phase_c_2_2_40,TT_s2.0_pC_l40,faulty,1,2.0,C,40,40,7.2,,fault,183000,0.0125285992398858
3785,TT_fault_Data_2_Phase_c_2_2_40,TT_s2.0_pC_l40,faulty,1,2.0,C,40,40,7.2,,fault,185000,0.0125285992398858
3787,TT_fault_Data_2_Phase_c_2_2_40,TT_s2.0_pC_l40,faulty,1,2.0,C,40,40,7.2,,fault,186000,0.0125285992398858
3788,TT_fault_Data_2_Phase_c_2_2_40,TT_s2.0_pC_l40,faulty,1,2.0,C,40,40,7.2,,fault,186500,0.0125285992398858
3789,TT_fault_Data_2_Phase_c_2_2_40,TT_s2.0_pC_l40,faulty,1,2.0,C,40,40,7.2,,fault,187000,0.0125285992398858
3790,TT_fault_Data_2_Phase_c_2_2_40,TT_s2.0_pC_l40,faulty,1,2.0,C,40,40,7.2,,fault,187500,0.0125285992398858
3791,TT_fault_Data_2_Phase_c_2_2_40,TT_s2.0_pC_l40,faulty,1,2.0,C,40,40,7.2,,fault,188000,0.0125285992398858
3793,TT_fault_Data_2_Phase_c_2_2_40,TT_s2.0_pC_l40,faulty,1,2.0,C,40,40,7.2,,fault,189000,0.0125285992398858
3796,TT_fault_Data_2_Phase_c_2_2_40,TT_s2.0_pC_l40,faulty,1,2.0,C,40,40,7.2,,fault,190500,0.0125285992398858
3799,TT_fault_Data_2_Phase_c_2_2_40,TT_s2.0_pC_l40,faulty,1,2.0,C,40,40,7.2,,fault,192000,0.0125285992398858
3801,TT_fault_Data_2_Phase_c_2_2_40,TT_s2.0_pC_l40,faulty,1,2.0,C,40,40,7.2,,fault,193000,0.0125285992398858
3802,TT_fault_Data_2_Phase_c_2_2_40,TT_s2.0_pC_l40,faulty,1,2.0,C,40,40,7.2,,fault,193500,0.0125285992398858
3865,TT_fault_Data_2_Phase_c_2_2_80,TT_s2.0_pC_l80,healthy,0,0.0,,80,80,7.2,,prefault,118000,0.0229964330792427
3867,TT_fault_Data_2_Phase_c_2_2_80,TT_s2.0_pC_l80,healthy,0,0.0,,80,80,7.2,,prefault,126000,0.0229964330792427
3873,TT_fault_Data_2_Phase_c_2_2_80,TT_s2.0_pC_l80,healthy,0,0.0,,80,80,7.2,,prefault,150000,0.0229964330792427
3874,TT_fault_Data_2_Phase_c_2_2_80,TT_s2.0_pC_l80,healthy,0,0.0,,80,80,7.2,,prefault,154000,0.0229964330792427
3885,TT_fault_Data_2_Phase_c_2_2_80,TT_s2.0_pC_l80,faulty,1,2.0,C,80,80,7.2,,fault,183000,0.0229964330792427
3889,TT_fault_Data_2_Phase_c_2_2_80,TT_s2.0_pC_l80,faulty,1,2.0,C,80,80,7.2,,fault,185000,0.0229964330792427
3891,TT_fault_Data_2_Phase_c_2_2_80,TT_s2.0_pC_l80,faulty,1,2.0,C,80,80,7.2,,fault,186000,0.0229964330792427
3892,TT_fault_Data_2_Phase_c_2_2_80,TT_s2.0_pC_l80,faulty,1,2.0,C,80,80,7.2,,fault,186500,0.0229964330792427
3893,TT_fault_Data_2_Phase_c_2_2_80,TT_s2.0_pC_l80,faulty,1,2.0,C,80,80,7.2,,fault,187000,0.0229964330792427
3894,TT_fault_Data_2_Phase_c_2_2_80,TT_s2.0_pC_l80,faulty,1,2.0,C,80,80,7.2,,fault,187500,0.0229964330792427
3895,TT_fault_Data_2_Phase_c_2_2_80,TT_s2.0_pC_l80,faulty,1,2.0,C,80,80,7.2,,fault,188000,0.0229964330792427
3897,TT_fault_Data_2_Phase_c_2_2_80,TT_s2.0_pC_l80,faulty,1,2.0,C,80,80,7.2,,fault,189000,0.0229964330792427
3900,TT_fault_Data_2_Phase_c_2_2_80,TT_s2.0_pC_l80,faulty,1,2.0,C,80,80,7.2,,fault,190500,0.0229964330792427
3903,TT_fault_Data_2_Phase_c_2_2_80,TT_s2.0_pC_l80,faulty,1,2.0,C,80,80,7.2,,fault,192000,0.0229964330792427
3905,TT_fault_Data_2_Phase_c_2_2_80,TT_s2.0_pC_l80,faulty,1,2.0,C,80,80,7.2,,fault,193000,0.0229964330792427
3906,TT_fault_Data_2_Phase_c_2_2_80,TT_s2.0_pC_l80,faulty,1,2.0,C,80,80,7.2,,fault,193500,0.0229964330792427
3917,TT_fault_Data_2_Phase_c_2_2_NL,TT_s2.0_pC_lNL,healthy,0,0.0,,NL,0,7.2,,prefault,88000,0.0047408523969352
3919,TT_fault_Data_2_Phase_c_2_2_NL,TT_s2.0_pC_lNL,healthy,0,0.0,,NL,0,7.2,,prefault,96000,0.0047408523969352
3925,TT_fault_Data_2_Phase_c_2_2_NL,TT_s2.0_pC_lNL,healthy,0,0.0,,NL,0,7.2,,prefault,120000,0.0047408523969352
3926,TT_fault_Data_2_Phase_c_2_2_NL,TT_s2.0_pC_lNL,healthy,0,0.0,,NL,0,7.2,,prefault,124000,0.0047408523969352
3937,TT_fault_Data_2_Phase_c_2_2_NL,TT_s2.0_pC_lNL,healthy,0,0.0,,NL,0,7.2,,prefault,168000,0.0047408523969352
3941,TT_fault_Data_2_Phase_c_2_2_NL,TT_s2.0_pC_lNL,faulty,1,2.0,C,NL,0,7.2,,fault,181000,0.0047408523969352
3943,TT_fault_Data_2_Phase_c_2_2_NL,TT_s2.0_pC_lNL,faulty,1,2.0,C,NL,0,7.2,,fault,182000,0.0047408523969352
3945,TT_fault_Data_2_Phase_c_2_2_NL,TT_s2.0_pC_lNL,faulty,1,2.0,C,NL,0,7.2,,fault,183000,0.0047408523969352
3948,TT_fault_Data_2_Phase_c_2_2_NL,TT_s2.0_pC_lNL,faulty,1,2.0,C,NL,0,7.2,,fault,184500,0.0047408523969352
3949,TT_fault_Data_2_Phase_c_2_2_NL,TT_s2.0_pC_lNL,faulty,1,2.0,C,NL,0,7.2,,fault,185000,0.0047408523969352
3950,TT_fault_Data_2_Phase_c_2_2_NL,TT_s2.0_pC_lNL,faulty,1,2.0,C,NL,0,7.2,,fault,185500,0.0047408523969352
3955,TT_fault_Data_2_Phase_c_2_2_NL,TT_s2.0_pC_lNL,faulty,1,2.0,C,NL,0,7.2,,fault,188000,0.0047408523969352
3956,TT_fault_Data_2_Phase_c_2_2_NL,TT_s2.0_pC_lNL,faulty,1,2.0,C,NL,0,7.2,,fault,188500,0.0047408523969352
3958,TT_fault_Data_2_Phase_c_2_2_NL,TT_s2.0_pC_lNL,faulty,1,2.0,C,NL,0,7.2,,fault,189500,0.0047408523969352
3973,TT_fault_Data_2_Phase_c_2_2_NL,TT_s2.0_pC_lNL,faulty,1,2.0,C,NL,0,7.2,,fault,197000,0.0047408523969352
3974,TT_fault_Data_2_Phase_c_2_2_NL,TT_s2.0_pC_lNL,faulty,1,2.0,C,NL,0,7.2,,fault,197500,0.0047408523969352
3977,TT_fault_Data_3_Phase_a_3_3_100,TT_s3.0_pA_l100,healthy,0,0.0,,100,100,7.2,,prefault,118000,0.0281682591885328
3979,TT_fault_Data_3_Phase_a_3_3_100,TT_s3.0_pA_l100,healthy,0,0.0,,100,100,7.2,,prefault,126000,0.0281682591885328
3985,TT_fault_Data_3_Phase_a_3_3_100,TT_s3.0_pA_l100,healthy,0,0.0,,100,100,7.2,,prefault,150000,0.0281682591885328
3986,TT_fault_Data_3_Phase_a_3_3_100,TT_s3.0_pA_l100,healthy,0,0.0,,100,100,7.2,,prefault,154000,0.0281682591885328
3997,TT_fault_Data_3_Phase_a_3_3_100,TT_s3.0_pA_l100,faulty,1,3.0,A,100,100,7.2,,fault,183000,0.0281682591885328
4001,TT_fault_Data_3_Phase_a_3_3_100,TT_s3.0_pA_l100,faulty,1,3.0,A,100,100,7.2,,fault,185000,0.0281682591885328
4003,TT_fault_Data_3_Phase_a_3_3_100,TT_s3.0_pA_l100,faulty,1,3.0,A,100,100,7.2,,fault,186000,0.0281682591885328
4004,TT_fault_Data_3_Phase_a_3_3_100,TT_s3.0_pA_l100,faulty,1,3.0,A,100,100,7.2,,fault,186500,0.0281682591885328
4005,TT_fault_Data_3_Phase_a_3_3_100,TT_s3.0_pA_l100,faulty,1,3.0,A,100,100,7.2,,fault,187000,0.0281682591885328
4006,TT_fault_Data_3_Phase_a_3_3_100,TT_s3.0_pA_l100,faulty,1,3.0,A,100,100,7.2,,fault,187500,0.0281682591885328
4007,TT_fault_Data_3_Phase_a_3_3_100,TT_s3.0_pA_l100,faulty,1,3.0,A,100,100,7.2,,fault,188000,0.0281682591885328
4009,TT_fault_Data_3_Phase_a_3_3_100,TT_s3.0_pA_l100,faulty,1,3.0,A,100,100,7.2,,fault,189000,0.0281682591885328
4012,TT_fault_Data_3_Phase_a_3_3_100,TT_s3.0_pA_l100,faulty,1,3.0,A,100,100,7.2,,fault,190500,0.0281682591885328
4015,TT_fault_Data_3_Phase_a_3_3_100,TT_s3.0_pA_l100,faulty,1,3.0,A,100,100,7.2,,fault,192000,0.0281682591885328
4017,TT_fault_Data_3_Phase_a_3_3_100,TT_s3.0_pA_l100,faulty,1,3.0,A,100,100,7.2,,fault,193000,0.0281682591885328
4018,TT_fault_Data_3_Phase_a_3_3_100,TT_s3.0_pA_l100,faulty,1,3.0,A,100,100,7.2,,fault,193500,0.0281682591885328
4029,TT_fault_Data_3_Phase_a_3_3_20,TT_s3.0_pA_l20,healthy,0,0.0,,20,20,7.2,,prefault,118000,0.0075932662002742
4031,TT_fault_Data_3_Phase_a_3_3_20,TT_s3.0_pA_l20,healthy,0,0.0,,20,20,7.2,,prefault,126000,0.0075932662002742
4037,TT_fault_Data_3_Phase_a_3_3_20,TT_s3.0_pA_l20,healthy,0,0.0,,20,20,7.2,,prefault,150000,0.0075932662002742
4038,TT_fault_Data_3_Phase_a_3_3_20,TT_s3.0_pA_l20,healthy,0,0.0,,20,20,7.2,,prefault,154000,0.0075932662002742
4049,TT_fault_Data_3_Phase_a_3_3_20,TT_s3.0_pA_l20,faulty,1,3.0,A,20,20,7.2,,fault,183000,0.0075932662002742
4053,TT_fault_Data_3_Phase_a_3_3_20,TT_s3.0_pA_l20,faulty,1,3.0,A,20,20,7.2,,fault,185000,0.0075932662002742
4055,TT_fault_Data_3_Phase_a_3_3_20,TT_s3.0_pA_l20,faulty,1,3.0,A,20,20,7.2,,fault,186000,0.0075932662002742
4056,TT_fault_Data_3_Phase_a_3_3_20,TT_s3.0_pA_l20,faulty,1,3.0,A,20,20,7.2,,fault,186500,0.0075932662002742
4057,TT_fault_Data_3_Phase_a_3_3_20,TT_s3.0_pA_l20,faulty,1,3.0,A,20,20,7.2,,fault,187000,0.0075932662002742
4058,TT_fault_Data_3_Phase_a_3_3_20,TT_s3.0_pA_l20,faulty,1,3.0,A,20,20,7.2,,fault,187500,0.0075932662002742
4059,TT_fault_Data_3_Phase_a_3_3_20,TT_s3.0_pA_l20,faulty,1,3.0,A,20,20,7.2,,fault,188000,0.0075932662002742
4061,TT_fault_Data_3_Phase_a_3_3_20,TT_s3.0_pA_l20,faulty,1,3.0,A,20,20,7.2,,fault,189000,0.0075932662002742
4064,TT_fault_Data_3_Phase_a_3_3_20,TT_s3.0_pA_l20,faulty,1,3.0,A,20,20,7.2,,fault,190500,0.0075932662002742
4067,TT_fault_Data_3_Phase_a_3_3_20,TT_s3.0_pA_l20,faulty,1,3.0,A,20,20,7.2,,fault,192000,0.0075932662002742
4069,TT_fault_Data_3_Phase_a_3_3_20,TT_s3.0_pA_l20,faulty,1,3.0,A,20,20,7.2,,fault,193000,0.0075932662002742
4070,TT_fault_Data_3_Phase_a_3_3_20,TT_s3.0_pA_l20,faulty,1,3.0,A,20,20,7.2,,fault,193500,0.0075932662002742
4081,TT_fault_Data_3_Phase_a_3_3_40,TT_s3.0_pA_l40,healthy,0,0.0,,40,40,7.2,,prefault,118000,0.0125285713002085
4083,TT_fault_Data_3_Phase_a_3_3_40,TT_s3.0_pA_l40,healthy,0,0.0,,40,40,7.2,,prefault,126000,0.0125285713002085
4089,TT_fault_Data_3_Phase_a_3_3_40,TT_s3.0_pA_l40,healthy,0,0.0,,40,40,7.2,,prefault,150000,0.0125285713002085
4090,TT_fault_Data_3_Phase_a_3_3_40,TT_s3.0_pA_l40,healthy,0,0.0,,40,40,7.2,,prefault,154000,0.0125285713002085
4101,TT_fault_Data_3_Phase_a_3_3_40,TT_s3.0_pA_l40,faulty,1,3.0,A,40,40,7.2,,fault,183000,0.0125285713002085
4105,TT_fault_Data_3_Phase_a_3_3_40,TT_s3.0_pA_l40,faulty,1,3.0,A,40,40,7.2,,fault,185000,0.0125285713002085
4107,TT_fault_Data_3_Phase_a_3_3_40,TT_s3.0_pA_l40,faulty,1,3.0,A,40,40,7.2,,fault,186000,0.0125285713002085
4108,TT_fault_Data_3_Phase_a_3_3_40,TT_s3.0_pA_l40,faulty,1,3.0,A,40,40,7.2,,fault,186500,0.0125285713002085
4109,TT_fault_Data_3_Phase_a_3_3_40,TT_s3.0_pA_l40,faulty,1,3.0,A,40,40,7.2,,fault,187000,0.0125285713002085
4110,TT_fault_Data_3_Phase_a_3_3_40,TT_s3.0_pA_l40,faulty,1,3.0,A,40,40,7.2,,fault,187500,0.0125285713002085
4111,TT_fault_Data_3_Phase_a_3_3_40,TT_s3.0_pA_l40,faulty,1,3.0,A,40,40,7.2,,fault,188000,0.0125285713002085
4113,TT_fault_Data_3_Phase_a_3_3_40,TT_s3.0_pA_l40,faulty,1,3.0,A,40,40,7.2,,fault,189000,0.0125285713002085
4116,TT_fault_Data_3_Phase_a_3_3_40,TT_s3.0_pA_l40,faulty,1,3.0,A,40,40,7.2,,fault,190500,0.0125285713002085
4119,TT_fault_Data_3_Phase_a_3_3_40,TT_s3.0_pA_l40,faulty,1,3.0,A,40,40,7.2,,fault,192000,0.0125285713002085
4121,TT_fault_Data_3_Phase_a_3_3_40,TT_s3.0_pA_l40,faulty,1,3.0,A,40,40,7.2,,fault,193000,0.0125285713002085
4122,TT_fault_Data_3_Phase_a_3_3_40,TT_s3.0_pA_l40,faulty,1,3.0,A,40,40,7.2,,fault,193500,0.0125285713002085
4133,TT_fault_Data_3_Phase_a_3_3_60,TT_s3.0_pA_l60,healthy,0,0.0,,60,60,7.2,,prefault,118000,0.0177605599164962
4135,TT_fault_Data_3_Phase_a_3_3_60,TT_s3.0_pA_l60,healthy,0,0.0,,60,60,7.2,,prefault,126000,0.0177605599164962
4141,TT_fault_Data_3_Phase_a_3_3_60,TT_s3.0_pA_l60,healthy,0,0.0,,60,60,7.2,,prefault,150000,0.0177605599164962
4142,TT_fault_Data_3_Phase_a_3_3_60,TT_s3.0_pA_l60,healthy,0,0.0,,60,60,7.2,,prefault,154000,0.0177605599164962
4153,TT_fault_Data_3_Phase_a_3_3_60,TT_s3.0_pA_l60,faulty,1,3.0,A,60,60,7.2,,fault,183000,0.0177605599164962
4157,TT_fault_Data_3_Phase_a_3_3_60,TT_s3.0_pA_l60,faulty,1,3.0,A,60,60,7.2,,fault,185000,0.0177605599164962
4159,TT_fault_Data_3_Phase_a_3_3_60,TT_s3.0_pA_l60,faulty,1,3.0,A,60,60,7.2,,fault,186000,0.0177605599164962
4160,TT_fault_Data_3_Phase_a_3_3_60,TT_s3.0_pA_l60,faulty,1,3.0,A,60,60,7.2,,fault,186500,0.0177605599164962
4161,TT_fault_Data_3_Phase_a_3_3_60,TT_s3.0_pA_l60,faulty,1,3.0,A,60,60,7.2,,fault,187000,0.0177605599164962
4162,TT_fault_Data_3_Phase_a_3_3_60,TT_s3.0_pA_l60,faulty,1,3.0,A,60,60,7.2,,fault,187500,0.0177605599164962
4163,TT_fault_Data_3_Phase_a_3_3_60,TT_s3.0_pA_l60,faulty,1,3.0,A,60,60,7.2,,fault,188000,0.0177605599164962
4165,TT_fault_Data_3_Phase_a_3_3_60,TT_s3.0_pA_l60,faulty,1,3.0,A,60,60,7.2,,fault,189000,0.0177605599164962
4168,TT_fault_Data_3_Phase_a_3_3_60,TT_s3.0_pA_l60,faulty,1,3.0,A,60,60,7.2,,fault,190500,0.0177605599164962
4171,TT_fault_Data_3_Phase_a_3_3_60,TT_s3.0_pA_l60,faulty,1,3.0,A,60,60,7.2,,fault,192000,0.0177605599164962
4173,TT_fault_Data_3_Phase_a_3_3_60,TT_s3.0_pA_l60,faulty,1,3.0,A,60,60,7.2,,fault,193000,0.0177605599164962
4174,TT_fault_Data_3_Phase_a_3_3_60,TT_s3.0_pA_l60,faulty,1,3.0,A,60,60,7.2,,fault,193500,0.0177605599164962
4237,TT_fault_Data_3_Phase_a_3_3_NL,TT_s3.0_pA_lNL,healthy,0,0.0,,NL,0,7.2,,prefault,88000,0.0047413785941898
4239,TT_fault_Data_3_Phase_a_3_3_NL,TT_s3.0_pA_lNL,healthy,0,0.0,,NL,0,7.2,,prefault,96000,0.0047413785941898
4245,TT_fault_Data_3_Phase_a_3_3_NL,TT_s3.0_pA_lNL,healthy,0,0.0,,NL,0,7.2,,prefault,120000,0.0047413785941898
4246,TT_fault_Data_3_Phase_a_3_3_NL,TT_s3.0_pA_lNL,healthy,0,0.0,,NL,0,7.2,,prefault,124000,0.0047413785941898
4257,TT_fault_Data_3_Phase_a_3_3_NL,TT_s3.0_pA_lNL,healthy,0,0.0,,NL,0,7.2,,prefault,168000,0.0047413785941898
4261,TT_fault_Data_3_Phase_a_3_3_NL,TT_s3.0_pA_lNL,faulty,1,3.0,A,NL,0,7.2,,fault,181000,0.0047413785941898
4263,TT_fault_Data_3_Phase_a_3_3_NL,TT_s3.0_pA_lNL,faulty,1,3.0,A,NL,0,7.2,,fault,182000,0.0047413785941898
4265,TT_fault_Data_3_Phase_a_3_3_NL,TT_s3.0_pA_lNL,faulty,1,3.0,A,NL,0,7.2,,fault,183000,0.0047413785941898
4268,TT_fault_Data_3_Phase_a_3_3_NL,TT_s3.0_pA_lNL,faulty,1,3.0,A,NL,0,7.2,,fault,184500,0.0047413785941898
4269,TT_fault_Data_3_Phase_a_3_3_NL,TT_s3.0_pA_lNL,faulty,1,3.0,A,NL,0,7.2,,fault,185000,0.0047413785941898
4270,TT_fault_Data_3_Phase_a_3_3_NL,TT_s3.0_pA_lNL,faulty,1,3.0,A,NL,0,7.2,,fault,185500,0.0047413785941898
4275,TT_fault_Data_3_Phase_a_3_3_NL,TT_s3.0_pA_lNL,faulty,1,3.0,A,NL,0,7.2,,fault,188000,0.0047413785941898
4276,TT_fault_Data_3_Phase_a_3_3_NL,TT_s3.0_pA_lNL,faulty,1,3.0,A,NL,0,7.2,,fault,188500,0.0047413785941898
4278,TT_fault_Data_3_Phase_a_3_3_NL,TT_s3.0_pA_lNL,faulty,1,3.0,A,NL,0,7.2,,fault,189500,0.0047413785941898
4293,TT_fault_Data_3_Phase_a_3_3_NL,TT_s3.0_pA_lNL,faulty,1,3.0,A,NL,0,7.2,,fault,197000,0.0047413785941898
4294,TT_fault_Data_3_Phase_a_3_3_NL,TT_s3.0_pA_lNL,faulty,1,3.0,A,NL,0,7.2,,fault,197500,0.0047413785941898
4297,TT_fault_Data_3_Phase_b_3_3_100,TT_s3.0_pB_l100,healthy,0,0.0,,100,100,7.2,,prefault,118000,0.0281682591885328
4299,TT_fault_Data_3_Phase_b_3_3_100,TT_s3.0_pB_l100,healthy,0,0.0,,100,100,7.2,,prefault,126000,0.0281682591885328
4305,TT_fault_Data_3_Phase_b_3_3_100,TT_s3.0_pB_l100,healthy,0,0.0,,100,100,7.2,,prefault,150000,0.0281682591885328
4306,TT_fault_Data_3_Phase_b_3_3_100,TT_s3.0_pB_l100,healthy,0,0.0,,100,100,7.2,,prefault,154000,0.0281682591885328
4317,TT_fault_Data_3_Phase_b_3_3_100,TT_s3.0_pB_l100,faulty,1,3.0,B,100,100,7.2,,fault,183000,0.0281682591885328
4321,TT_fault_Data_3_Phase_b_3_3_100,TT_s3.0_pB_l100,faulty,1,3.0,B,100,100,7.2,,fault,185000,0.0281682591885328
4323,TT_fault_Data_3_Phase_b_3_3_100,TT_s3.0_pB_l100,faulty,1,3.0,B,100,100,7.2,,fault,186000,0.0281682591885328
4324,TT_fault_Data_3_Phase_b_3_3_100,TT_s3.0_pB_l100,faulty,1,3.0,B,100,100,7.2,,fault,186500,0.0281682591885328
4325,TT_fault_Data_3_Phase_b_3_3_100,TT_s3.0_pB_l100,faulty,1,3.0,B,100,100,7.2,,fault,187000,0.0281682591885328
4326,TT_fault_Data_3_Phase_b_3_3_100,TT_s3.0_pB_l100,faulty,1,3.0,B,100,100,7.2,,fault,187500,0.0281682591885328
4327,TT_fault_Data_3_Phase_b_3_3_100,TT_s3.0_pB_l100,faulty,1,3.0,B,100,100,7.2,,fault,188000,0.0281682591885328
4329,TT_fault_Data_3_Phase_b_3_3_100,TT_s3.0_pB_l100,faulty,1,3.0,B,100,100,7.2,,fault,189000,0.0281682591885328
4332,TT_fault_Data_3_Phase_b_3_3_100,TT_s3.0_pB_l100,faulty,1,3.0,B,100,100,7.2,,fault,190500,0.0281682591885328
4335,TT_fault_Data_3_Phase_b_3_3_100,TT_s3.0_pB_l100,faulty,1,3.0,B,100,100,7.2,,fault,192000,0.0281682591885328
4337,TT_fault_Data_3_Phase_b_3_3_100,TT_s3.0_pB_l100,faulty,1,3.0,B,100,100,7.2,,fault,193000,0.0281682591885328
4338,TT_fault_Data_3_Phase_b_3_3_100,TT_s3.0_pB_l100,faulty,1,3.0,B,100,100,7.2,,fault,193500,0.0281682591885328
4349,TT_fault_Data_3_Phase_b_3_3_20,TT_s3.0_pB_l20,healthy,0,0.0,,20,20,7.2,,prefault,118000,0.0075932662002742
4351,TT_fault_Data_3_Phase_b_3_3_20,TT_s3.0_pB_l20,healthy,0,0.0,,20,20,7.2,,prefault,126000,0.0075932662002742
4357,TT_fault_Data_3_Phase_b_3_3_20,TT_s3.0_pB_l20,healthy,0,0.0,,20,20,7.2,,prefault,150000,0.0075932662002742
4358,TT_fault_Data_3_Phase_b_3_3_20,TT_s3.0_pB_l20,healthy,0,0.0,,20,20,7.2,,prefault,154000,0.0075932662002742
4369,TT_fault_Data_3_Phase_b_3_3_20,TT_s3.0_pB_l20,faulty,1,3.0,B,20,20,7.2,,fault,183000,0.0075932662002742
4373,TT_fault_Data_3_Phase_b_3_3_20,TT_s3.0_pB_l20,faulty,1,3.0,B,20,20,7.2,,fault,185000,0.0075932662002742
4375,TT_fault_Data_3_Phase_b_3_3_20,TT_s3.0_pB_l20,faulty,1,3.0,B,20,20,7.2,,fault,186000,0.0075932662002742
4376,TT_fault_Data_3_Phase_b_3_3_20,TT_s3.0_pB_l20,faulty,1,3.0,B,20,20,7.2,,fault,186500,0.0075932662002742
4377,TT_fault_Data_3_Phase_b_3_3_20,TT_s3.0_pB_l20,faulty,1,3.0,B,20,20,7.2,,fault,187000,0.0075932662002742
4378,TT_fault_Data_3_Phase_b_3_3_20,TT_s3.0_pB_l20,faulty,1,3.0,B,20,20,7.2,,fault,187500,0.0075932662002742
4379,TT_fault_Data_3_Phase_b_3_3_20,TT_s3.0_pB_l20,faulty,1,3.0,B,20,20,7.2,,fault,188000,0.0075932662002742
4381,TT_fault_Data_3_Phase_b_3_3_20,TT_s3.0_pB_l20,faulty,1,3.0,B,20,20,7.2,,fault,189000,0.0075932662002742
4384,TT_fault_Data_3_Phase_b_3_3_20,TT_s3.0_pB_l20,faulty,1,3.0,B,20,20,7.2,,fault,190500,0.0075932662002742
4387,TT_fault_Data_3_Phase_b_3_3_20,TT_s3.0_pB_l20,faulty,1,3.0,B,20,20,7.2,,fault,192000,0.0075932662002742
4389,TT_fault_Data_3_Phase_b_3_3_20,TT_s3.0_pB_l20,faulty,1,3.0,B,20,20,7.2,,fault,193000,0.0075932662002742
4390,TT_fault_Data_3_Phase_b_3_3_20,TT_s3.0_pB_l20,faulty,1,3.0,B,20,20,7.2,,fault,193500,0.0075932662002742
4401,TT_fault_Data_3_Phase_b_3_3_40,TT_s3.0_pB_l40,healthy,0,0.0,,40,40,7.2,,prefault,118000,0.0125285731628537
4403,TT_fault_Data_3_Phase_b_3_3_40,TT_s3.0_pB_l40,healthy,0,0.0,,40,40,7.2,,prefault,126000,0.0125285731628537
4409,TT_fault_Data_3_Phase_b_3_3_40,TT_s3.0_pB_l40,healthy,0,0.0,,40,40,7.2,,prefault,150000,0.0125285731628537
4410,TT_fault_Data_3_Phase_b_3_3_40,TT_s3.0_pB_l40,healthy,0,0.0,,40,40,7.2,,prefault,154000,0.0125285731628537
4421,TT_fault_Data_3_Phase_b_3_3_40,TT_s3.0_pB_l40,faulty,1,3.0,B,40,40,7.2,,fault,183000,0.0125285731628537
4425,TT_fault_Data_3_Phase_b_3_3_40,TT_s3.0_pB_l40,faulty,1,3.0,B,40,40,7.2,,fault,185000,0.0125285731628537
4427,TT_fault_Data_3_Phase_b_3_3_40,TT_s3.0_pB_l40,faulty,1,3.0,B,40,40,7.2,,fault,186000,0.0125285731628537
4428,TT_fault_Data_3_Phase_b_3_3_40,TT_s3.0_pB_l40,faulty,1,3.0,B,40,40,7.2,,fault,186500,0.0125285731628537
4429,TT_fault_Data_3_Phase_b_3_3_40,TT_s3.0_pB_l40,faulty,1,3.0,B,40,40,7.2,,fault,187000,0.0125285731628537
4430,TT_fault_Data_3_Phase_b_3_3_40,TT_s3.0_pB_l40,faulty,1,3.0,B,40,40,7.2,,fault,187500,0.0125285731628537
4431,TT_fault_Data_3_Phase_b_3_3_40,TT_s3.0_pB_l40,faulty,1,3.0,B,40,40,7.2,,fault,188000,0.0125285731628537
4433,TT_fault_Data_3_Phase_b_3_3_40,TT_s3.0_pB_l40,faulty,1,3.0,B,40,40,7.2,,fault,189000,0.0125285731628537
4436,TT_fault_Data_3_Phase_b_3_3_40,TT_s3.0_pB_l40,faulty,1,3.0,B,40,40,7.2,,fault,190500,0.0125285731628537
4439,TT_fault_Data_3_Phase_b_3_3_40,TT_s3.0_pB_l40,faulty,1,3.0,B,40,40,7.2,,fault,192000,0.0125285731628537
4441,TT_fault_Data_3_Phase_b_3_3_40,TT_s3.0_pB_l40,faulty,1,3.0,B,40,40,7.2,,fault,193000,0.0125285731628537
4442,TT_fault_Data_3_Phase_b_3_3_40,TT_s3.0_pB_l40,faulty,1,3.0,B,40,40,7.2,,fault,193500,0.0125285731628537
4453,TT_fault_Data_3_Phase_b_3_3_60,TT_s3.0_pB_l60,healthy,0,0.0,,60,60,7.2,,prefault,118000,0.0177605599164962
4455,TT_fault_Data_3_Phase_b_3_3_60,TT_s3.0_pB_l60,healthy,0,0.0,,60,60,7.2,,prefault,126000,0.0177605599164962
4461,TT_fault_Data_3_Phase_b_3_3_60,TT_s3.0_pB_l60,healthy,0,0.0,,60,60,7.2,,prefault,150000,0.0177605599164962
4462,TT_fault_Data_3_Phase_b_3_3_60,TT_s3.0_pB_l60,healthy,0,0.0,,60,60,7.2,,prefault,154000,0.0177605599164962
4473,TT_fault_Data_3_Phase_b_3_3_60,TT_s3.0_pB_l60,faulty,1,3.0,B,60,60,7.2,,fault,183000,0.0177605599164962
4477,TT_fault_Data_3_Phase_b_3_3_60,TT_s3.0_pB_l60,faulty,1,3.0,B,60,60,7.2,,fault,185000,0.0177605599164962
4479,TT_fault_Data_3_Phase_b_3_3_60,TT_s3.0_pB_l60,faulty,1,3.0,B,60,60,7.2,,fault,186000,0.0177605599164962
4480,TT_fault_Data_3_Phase_b_3_3_60,TT_s3.0_pB_l60,faulty,1,3.0,B,60,60,7.2,,fault,186500,0.0177605599164962
4481,TT_fault_Data_3_Phase_b_3_3_60,TT_s3.0_pB_l60,faulty,1,3.0,B,60,60,7.2,,fault,187000,0.0177605599164962
4482,TT_fault_Data_3_Phase_b_3_3_60,TT_s3.0_pB_l60,faulty,1,3.0,B,60,60,7.2,,fault,187500,0.0177605599164962
4483,TT_fault_Data_3_Phase_b_3_3_60,TT_s3.0_pB_l60,faulty,1,3.0,B,60,60,7.2,,fault,188000,0.0177605599164962
4485,TT_fault_Data_3_Phase_b_3_3_60,TT_s3.0_pB_l60,faulty,1,3.0,B,60,60,7.2,,fault,189000,0.0177605599164962
4488,TT_fault_Data_3_Phase_b_3_3_60,TT_s3.0_pB_l60,faulty,1,3.0,B,60,60,7.2,,fault,190500,0.0177605599164962
4491,TT_fault_Data_3_Phase_b_3_3_60,TT_s3.0_pB_l60,faulty,1,3.0,B,60,60,7.2,,fault,192000,0.0177605599164962
4493,TT_fault_Data_3_Phase_b_3_3_60,TT_s3.0_pB_l60,faulty,1,3.0,B,60,60,7.2,,fault,193000,0.0177605599164962
4494,TT_fault_Data_3_Phase_b_3_3_60,TT_s3.0_pB_l60,faulty,1,3.0,B,60,60,7.2,,fault,193500,0.0177605599164962
4557,TT_fault_Data_3_Phase_b_3_3_NL,TT_s3.0_pB_lNL,healthy,0,0.0,,NL,0,7.2,,prefault,88000,0.0047413785941898
4559,TT_fault_Data_3_Phase_b_3_3_NL,TT_s3.0_pB_lNL,healthy,0,0.0,,NL,0,7.2,,prefault,96000,0.0047413785941898
4565,TT_fault_Data_3_Phase_b_3_3_NL,TT_s3.0_pB_lNL,healthy,0,0.0,,NL,0,7.2,,prefault,120000,0.0047413785941898
4566,TT_fault_Data_3_Phase_b_3_3_NL,TT_s3.0_pB_lNL,healthy,0,0.0,,NL,0,7.2,,prefault,124000,0.0047413785941898
4577,TT_fault_Data_3_Phase_b_3_3_NL,TT_s3.0_pB_lNL,healthy,0,0.0,,NL,0,7.2,,prefault,168000,0.0047413785941898
4581,TT_fault_Data_3_Phase_b_3_3_NL,TT_s3.0_pB_lNL,faulty,1,3.0,B,NL,0,7.2,,fault,181000,0.0047413785941898
4583,TT_fault_Data_3_Phase_b_3_3_NL,TT_s3.0_pB_lNL,faulty,1,3.0,B,NL,0,7.2,,fault,182000,0.0047413785941898
4585,TT_fault_Data_3_Phase_b_3_3_NL,TT_s3.0_pB_lNL,faulty,1,3.0,B,NL,0,7.2,,fault,183000,0.0047413785941898
4588,TT_fault_Data_3_Phase_b_3_3_NL,TT_s3.0_pB_lNL,faulty,1,3.0,B,NL,0,7.2,,fault,184500,0.0047413785941898
4589,TT_fault_Data_3_Phase_b_3_3_NL,TT_s3.0_pB_lNL,faulty,1,3.0,B,NL,0,7.2,,fault,185000,0.0047413785941898
4590,TT_fault_Data_3_Phase_b_3_3_NL,TT_s3.0_pB_lNL,faulty,1,3.0,B,NL,0,7.2,,fault,185500,0.0047413785941898
4595,TT_fault_Data_3_Phase_b_3_3_NL,TT_s3.0_pB_lNL,faulty,1,3.0,B,NL,0,7.2,,fault,188000,0.0047413785941898
4596,TT_fault_Data_3_Phase_b_3_3_NL,TT_s3.0_pB_lNL,faulty,1,3.0,B,NL,0,7.2,,fault,188500,0.0047413785941898
4598,TT_fault_Data_3_Phase_b_3_3_NL,TT_s3.0_pB_lNL,faulty,1,3.0,B,NL,0,7.2,,fault,189500,0.0047413785941898
4613,TT_fault_Data_3_Phase_b_3_3_NL,TT_s3.0_pB_lNL,faulty,1,3.0,B,NL,0,7.2,,fault,197000,0.0047413785941898
4614,TT_fault_Data_3_Phase_b_3_3_NL,TT_s3.0_pB_lNL,faulty,1,3.0,B,NL,0,7.2,,fault,197500,0.0047413785941898
4617,TT_fault_Data_3_Phase_c_3_3_100,TT_s3.0_pC_l100,healthy,0,0.0,,100,100,7.2,,prefault,118000,0.0281682591885328
4619,TT_fault_Data_3_Phase_c_3_3_100,TT_s3.0_pC_l100,healthy,0,0.0,,100,100,7.2,,prefault,126000,0.0281682591885328
4625,TT_fault_Data_3_Phase_c_3_3_100,TT_s3.0_pC_l100,healthy,0,0.0,,100,100,7.2,,prefault,150000,0.0281682591885328
4626,TT_fault_Data_3_Phase_c_3_3_100,TT_s3.0_pC_l100,healthy,0,0.0,,100,100,7.2,,prefault,154000,0.0281682591885328
4637,TT_fault_Data_3_Phase_c_3_3_100,TT_s3.0_pC_l100,faulty,1,3.0,C,100,100,7.2,,fault,183000,0.0281682591885328
4641,TT_fault_Data_3_Phase_c_3_3_100,TT_s3.0_pC_l100,faulty,1,3.0,C,100,100,7.2,,fault,185000,0.0281682591885328
4643,TT_fault_Data_3_Phase_c_3_3_100,TT_s3.0_pC_l100,faulty,1,3.0,C,100,100,7.2,,fault,186000,0.0281682591885328
4644,TT_fault_Data_3_Phase_c_3_3_100,TT_s3.0_pC_l100,faulty,1,3.0,C,100,100,7.2,,fault,186500,0.0281682591885328
4645,TT_fault_Data_3_Phase_c_3_3_100,TT_s3.0_pC_l100,faulty,1,3.0,C,100,100,7.2,,fault,187000,0.0281682591885328
4646,TT_fault_Data_3_Phase_c_3_3_100,TT_s3.0_pC_l100,faulty,1,3.0,C,100,100,7.2,,fault,187500,0.0281682591885328
4647,TT_fault_Data_3_Phase_c_3_3_100,TT_s3.0_pC_l100,faulty,1,3.0,C,100,100,7.2,,fault,188000,0.0281682591885328
4649,TT_fault_Data_3_Phase_c_3_3_100,TT_s3.0_pC_l100,faulty,1,3.0,C,100,100,7.2,,fault,189000,0.0281682591885328
4652,TT_fault_Data_3_Phase_c_3_3_100,TT_s3.0_pC_l100,faulty,1,3.0,C,100,100,7.2,,fault,190500,0.0281682591885328
4655,TT_fault_Data_3_Phase_c_3_3_100,TT_s3.0_pC_l100,faulty,1,3.0,C,100,100,7.2,,fault,192000,0.0281682591885328
4657,TT_fault_Data_3_Phase_c_3_3_100,TT_s3.0_pC_l100,faulty,1,3.0,C,100,100,7.2,,fault,193000,0.0281682591885328
4658,TT_fault_Data_3_Phase_c_3_3_100,TT_s3.0_pC_l100,faulty,1,3.0,C,100,100,7.2,,fault,193500,0.0281682591885328
4669,TT_fault_Data_3_Phase_c_3_3_20,TT_s3.0_pC_l20,healthy,0,0.0,,20,20,7.2,,prefault,118000,0.0075964503921568
4671,TT_fault_Data_3_Phase_c_3_3_20,TT_s3.0_pC_l20,healthy,0,0.0,,20,20,7.2,,prefault,126000,0.0075964503921568
4677,TT_fault_Data_3_Phase_c_3_3_20,TT_s3.0_pC_l20,healthy,0,0.0,,20,20,7.2,,prefault,150000,0.0075964503921568
4678,TT_fault_Data_3_Phase_c_3_3_20,TT_s3.0_pC_l20,healthy,0,0.0,,20,20,7.2,,prefault,154000,0.0075964503921568
4689,TT_fault_Data_3_Phase_c_3_3_20,TT_s3.0_pC_l20,faulty,1,3.0,C,20,20,7.2,,fault,183000,0.0075964503921568
4693,TT_fault_Data_3_Phase_c_3_3_20,TT_s3.0_pC_l20,faulty,1,3.0,C,20,20,7.2,,fault,185000,0.0075964503921568
4695,TT_fault_Data_3_Phase_c_3_3_20,TT_s3.0_pC_l20,faulty,1,3.0,C,20,20,7.2,,fault,186000,0.0075964503921568
4696,TT_fault_Data_3_Phase_c_3_3_20,TT_s3.0_pC_l20,faulty,1,3.0,C,20,20,7.2,,fault,186500,0.0075964503921568
4697,TT_fault_Data_3_Phase_c_3_3_20,TT_s3.0_pC_l20,faulty,1,3.0,C,20,20,7.2,,fault,187000,0.0075964503921568
4698,TT_fault_Data_3_Phase_c_3_3_20,TT_s3.0_pC_l20,faulty,1,3.0,C,20,20,7.2,,fault,187500,0.0075964503921568
4699,TT_fault_Data_3_Phase_c_3_3_20,TT_s3.0_pC_l20,faulty,1,3.0,C,20,20,7.2,,fault,188000,0.0075964503921568
4701,TT_fault_Data_3_Phase_c_3_3_20,TT_s3.0_pC_l20,faulty,1,3.0,C,20,20,7.2,,fault,189000,0.0075964503921568
4704,TT_fault_Data_3_Phase_c_3_3_20,TT_s3.0_pC_l20,faulty,1,3.0,C,20,20,7.2,,fault,190500,0.0075964503921568
4707,TT_fault_Data_3_Phase_c_3_3_20,TT_s3.0_pC_l20,faulty,1,3.0,C,20,20,7.2,,fault,192000,0.0075964503921568
4709,TT_fault_Data_3_Phase_c_3_3_20,TT_s3.0_pC_l20,faulty,1,3.0,C,20,20,7.2,,fault,193000,0.0075964503921568
4710,TT_fault_Data_3_Phase_c_3_3_20,TT_s3.0_pC_l20,faulty,1,3.0,C,20,20,7.2,,fault,193500,0.0075964503921568
4721,TT_fault_Data_3_Phase_c_3_3_40,TT_s3.0_pC_l40,healthy,0,0.0,,40,40,7.2,,prefault,118000,0.0125285713002085
4723,TT_fault_Data_3_Phase_c_3_3_40,TT_s3.0_pC_l40,healthy,0,0.0,,40,40,7.2,,prefault,126000,0.0125285713002085
4729,TT_fault_Data_3_Phase_c_3_3_40,TT_s3.0_pC_l40,healthy,0,0.0,,40,40,7.2,,prefault,150000,0.0125285713002085
4730,TT_fault_Data_3_Phase_c_3_3_40,TT_s3.0_pC_l40,healthy,0,0.0,,40,40,7.2,,prefault,154000,0.0125285713002085
4741,TT_fault_Data_3_Phase_c_3_3_40,TT_s3.0_pC_l40,faulty,1,3.0,C,40,40,7.2,,fault,183000,0.0125285713002085
4745,TT_fault_Data_3_Phase_c_3_3_40,TT_s3.0_pC_l40,faulty,1,3.0,C,40,40,7.2,,fault,185000,0.0125285713002085
4747,TT_fault_Data_3_Phase_c_3_3_40,TT_s3.0_pC_l40,faulty,1,3.0,C,40,40,7.2,,fault,186000,0.0125285713002085
4748,TT_fault_Data_3_Phase_c_3_3_40,TT_s3.0_pC_l40,faulty,1,3.0,C,40,40,7.2,,fault,186500,0.0125285713002085
4749,TT_fault_Data_3_Phase_c_3_3_40,TT_s3.0_pC_l40,faulty,1,3.0,C,40,40,7.2,,fault,187000,0.0125285713002085
4750,TT_fault_Data_3_Phase_c_3_3_40,TT_s3.0_pC_l40,faulty,1,3.0,C,40,40,7.2,,fault,187500,0.0125285713002085
4751,TT_fault_Data_3_Phase_c_3_3_40,TT_s3.0_pC_l40,faulty,1,3.0,C,40,40,7.2,,fault,188000,0.0125285713002085
4753,TT_fault_Data_3_Phase_c_3_3_40,TT_s3.0_pC_l40,faulty,1,3.0,C,40,40,7.2,,fault,189000,0.0125285713002085
4756,TT_fault_Data_3_Phase_c_3_3_40,TT_s3.0_pC_l40,faulty,1,3.0,C,40,40,7.2,,fault,190500,0.0125285713002085
4759,TT_fault_Data_3_Phase_c_3_3_40,TT_s3.0_pC_l40,faulty,1,3.0,C,40,40,7.2,,fault,192000,0.0125285713002085
4761,TT_fault_Data_3_Phase_c_3_3_40,TT_s3.0_pC_l40,faulty,1,3.0,C,40,40,7.2,,fault,193000,0.0125285713002085
4762,TT_fault_Data_3_Phase_c_3_3_40,TT_s3.0_pC_l40,faulty,1,3.0,C,40,40,7.2,,fault,193500,0.0125285713002085
4773,TT_fault_Data_3_Phase_c_3_3_60,TT_s3.0_pC_l60,healthy,0,0.0,,60,60,7.2,,prefault,118000,0.0177605580538511
4775,TT_fault_Data_3_Phase_c_3_3_60,TT_s3.0_pC_l60,healthy,0,0.0,,60,60,7.2,,prefault,126000,0.0177605580538511
4781,TT_fault_Data_3_Phase_c_3_3_60,TT_s3.0_pC_l60,healthy,0,0.0,,60,60,7.2,,prefault,150000,0.0177605580538511
4782,TT_fault_Data_3_Phase_c_3_3_60,TT_s3.0_pC_l60,healthy,0,0.0,,60,60,7.2,,prefault,154000,0.0177605580538511
4793,TT_fault_Data_3_Phase_c_3_3_60,TT_s3.0_pC_l60,faulty,1,3.0,C,60,60,7.2,,fault,183000,0.0177605580538511
4797,TT_fault_Data_3_Phase_c_3_3_60,TT_s3.0_pC_l60,faulty,1,3.0,C,60,60,7.2,,fault,185000,0.0177605580538511
4799,TT_fault_Data_3_Phase_c_3_3_60,TT_s3.0_pC_l60,faulty,1,3.0,C,60,60,7.2,,fault,186000,0.0177605580538511
4800,TT_fault_Data_3_Phase_c_3_3_60,TT_s3.0_pC_l60,faulty,1,3.0,C,60,60,7.2,,fault,186500,0.0177605580538511
4801,TT_fault_Data_3_Phase_c_3_3_60,TT_s3.0_pC_l60,faulty,1,3.0,C,60,60,7.2,,fault,187000,0.0177605580538511
4802,TT_fault_Data_3_Phase_c_3_3_60,TT_s3.0_pC_l60,faulty,1,3.0,C,60,60,7.2,,fault,187500,0.0177605580538511
4803,TT_fault_Data_3_Phase_c_3_3_60,TT_s3.0_pC_l60,faulty,1,3.0,C,60,60,7.2,,fault,188000,0.0177605580538511
4805,TT_fault_Data_3_Phase_c_3_3_60,TT_s3.0_pC_l60,faulty,1,3.0,C,60,60,7.2,,fault,189000,0.0177605580538511
4808,TT_fault_Data_3_Phase_c_3_3_60,TT_s3.0_pC_l60,faulty,1,3.0,C,60,60,7.2,,fault,190500,0.0177605580538511
4811,TT_fault_Data_3_Phase_c_3_3_60,TT_s3.0_pC_l60,faulty,1,3.0,C,60,60,7.2,,fault,192000,0.0177605580538511
4813,TT_fault_Data_3_Phase_c_3_3_60,TT_s3.0_pC_l60,faulty,1,3.0,C,60,60,7.2,,fault,193000,0.0177605580538511
4814,TT_fault_Data_3_Phase_c_3_3_60,TT_s3.0_pC_l60,faulty,1,3.0,C,60,60,7.2,,fault,193500,0.0177605580538511
4877,TT_fault_Data_3_Phase_c_3_3_NL,TT_s3.0_pC_lNL,healthy,0,0.0,,NL,0,7.2,,prefault,88000,0.0047413785941898
4879,TT_fault_Data_3_Phase_c_3_3_NL,TT_s3.0_pC_lNL,healthy,0,0.0,,NL,0,7.2,,prefault,96000,0.0047413785941898
4885,TT_fault_Data_3_Phase_c_3_3_NL,TT_s3.0_pC_lNL,healthy,0,0.0,,NL,0,7.2,,prefault,120000,0.0047413785941898
4886,TT_fault_Data_3_Phase_c_3_3_NL,TT_s3.0_pC_lNL,healthy,0,0.0,,NL,0,7.2,,prefault,124000,0.0047413785941898
4897,TT_fault_Data_3_Phase_c_3_3_NL,TT_s3.0_pC_lNL,healthy,0,0.0,,NL,0,7.2,,prefault,168000,0.0047413785941898
4901,TT_fault_Data_3_Phase_c_3_3_NL,TT_s3.0_pC_lNL,faulty,1,3.0,C,NL,0,7.2,,fault,181000,0.0047413785941898
4903,TT_fault_Data_3_Phase_c_3_3_NL,TT_s3.0_pC_lNL,faulty,1,3.0,C,NL,0,7.2,,fault,182000,0.0047413785941898
4905,TT_fault_Data_3_Phase_c_3_3_NL,TT_s3.0_pC_lNL,faulty,1,3.0,C,NL,0,7.2,,fault,183000,0.0047413785941898
4908,TT_fault_Data_3_Phase_c_3_3_NL,TT_s3.0_pC_lNL,faulty,1,3.0,C,NL,0,7.2,,fault,184500,0.0047413785941898
4909,TT_fault_Data_3_Phase_c_3_3_NL,TT_s3.0_pC_lNL,faulty,1,3.0,C,NL,0,7.2,,fault,185000,0.0047413785941898
4910,TT_fault_Data_3_Phase_c_3_3_NL,TT_s3.0_pC_lNL,faulty,1,3.0,C,NL,0,7.2,,fault,185500,0.0047413785941898
4915,TT_fault_Data_3_Phase_c_3_3_NL,TT_s3.0_pC_lNL,faulty,1,3.0,C,NL,0,7.2,,fault,188000,0.0047413785941898
4916,TT_fault_Data_3_Phase_c_3_3_NL,TT_s3.0_pC_lNL,faulty,1,3.0,C,NL,0,7.2,,fault,188500,0.0047413785941898
4918,TT_fault_Data_3_Phase_c_3_3_NL,TT_s3.0_pC_lNL,faulty,1,3.0,C,NL,0,7.2,,fault,189500,0.0047413785941898
4933,TT_fault_Data_3_Phase_c_3_3_NL,TT_s3.0_pC_lNL,faulty,1,3.0,C,NL,0,7.2,,fault,197000,0.0047413785941898
4934,TT_fault_Data_3_Phase_c_3_3_NL,TT_s3.0_pC_lNL,faulty,1,3.0,C,NL,0,7.2,,fault,197500,0.0047413785941898
4989,TT_fault_Data_4_Phase_a_4_4_20,TT_s4.0_pA_l20,healthy,0,0.0,,20,20,7.2,,prefault,118000,0.0075935870409011
4991,TT_fault_Data_4_Phase_a_4_4_20,TT_s4.0_pA_l20,healthy,0,0.0,,20,20,7.2,,prefault,126000,0.0075935870409011
4997,TT_fault_Data_4_Phase_a_4_4_20,TT_s4.0_pA_l20,healthy,0,0.0,,20,20,7.2,,prefault,150000,0.0075935870409011
4998,TT_fault_Data_4_Phase_a_4_4_20,TT_s4.0_pA_l20,healthy,0,0.0,,20,20,7.2,,prefault,154000,0.0075935870409011
5009,TT_fault_Data_4_Phase_a_4_4_20,TT_s4.0_pA_l20,faulty,1,4.0,A,20,20,7.2,,fault,183000,0.0075935870409011
5013,TT_fault_Data_4_Phase_a_4_4_20,TT_s4.0_pA_l20,faulty,1,4.0,A,20,20,7.2,,fault,185000,0.0075935870409011
5015,TT_fault_Data_4_Phase_a_4_4_20,TT_s4.0_pA_l20,faulty,1,4.0,A,20,20,7.2,,fault,186000,0.0075935870409011
5016,TT_fault_Data_4_Phase_a_4_4_20,TT_s4.0_pA_l20,faulty,1,4.0,A,20,20,7.2,,fault,186500,0.0075935870409011
5017,TT_fault_Data_4_Phase_a_4_4_20,TT_s4.0_pA_l20,faulty,1,4.0,A,20,20,7.2,,fault,187000,0.0075935870409011
5018,TT_fault_Data_4_Phase_a_4_4_20,TT_s4.0_pA_l20,faulty,1,4.0,A,20,20,7.2,,fault,187500,0.0075935870409011
5019,TT_fault_Data_4_Phase_a_4_4_20,TT_s4.0_pA_l20,faulty,1,4.0,A,20,20,7.2,,fault,188000,0.0075935870409011
5021,TT_fault_Data_4_Phase_a_4_4_20,TT_s4.0_pA_l20,faulty,1,4.0,A,20,20,7.2,,fault,189000,0.0075935870409011
5024,TT_fault_Data_4_Phase_a_4_4_20,TT_s4.0_pA_l20,faulty,1,4.0,A,20,20,7.2,,fault,190500,0.0075935870409011
5027,TT_fault_Data_4_Phase_a_4_4_20,TT_s4.0_pA_l20,faulty,1,4.0,A,20,20,7.2,,fault,192000,0.0075935870409011
5029,TT_fault_Data_4_Phase_a_4_4_20,TT_s4.0_pA_l20,faulty,1,4.0,A,20,20,7.2,,fault,193000,0.0075935870409011
5030,TT_fault_Data_4_Phase_a_4_4_20,TT_s4.0_pA_l20,faulty,1,4.0,A,20,20,7.2,,fault,193500,0.0075935870409011
5041,TT_fault_Data_4_Phase_a_4_4_40,TT_s4.0_pA_l40,healthy,0,0.0,,40,40,7.2,,prefault,118000,0.0125287929549813
5043,TT_fault_Data_4_Phase_a_4_4_40,TT_s4.0_pA_l40,healthy,0,0.0,,40,40,7.2,,prefault,126000,0.0125287929549813
5049,TT_fault_Data_4_Phase_a_4_4_40,TT_s4.0_pA_l40,healthy,0,0.0,,40,40,7.2,,prefault,150000,0.0125287929549813
5050,TT_fault_Data_4_Phase_a_4_4_40,TT_s4.0_pA_l40,healthy,0,0.0,,40,40,7.2,,prefault,154000,0.0125287929549813
5061,TT_fault_Data_4_Phase_a_4_4_40,TT_s4.0_pA_l40,faulty,1,4.0,A,40,40,7.2,,fault,183000,0.0125287929549813
5065,TT_fault_Data_4_Phase_a_4_4_40,TT_s4.0_pA_l40,faulty,1,4.0,A,40,40,7.2,,fault,185000,0.0125287929549813
5067,TT_fault_Data_4_Phase_a_4_4_40,TT_s4.0_pA_l40,faulty,1,4.0,A,40,40,7.2,,fault,186000,0.0125287929549813
5068,TT_fault_Data_4_Phase_a_4_4_40,TT_s4.0_pA_l40,faulty,1,4.0,A,40,40,7.2,,fault,186500,0.0125287929549813
5069,TT_fault_Data_4_Phase_a_4_4_40,TT_s4.0_pA_l40,faulty,1,4.0,A,40,40,7.2,,fault,187000,0.0125287929549813
5070,TT_fault_Data_4_Phase_a_4_4_40,TT_s4.0_pA_l40,faulty,1,4.0,A,40,40,7.2,,fault,187500,0.0125287929549813
5071,TT_fault_Data_4_Phase_a_4_4_40,TT_s4.0_pA_l40,faulty,1,4.0,A,40,40,7.2,,fault,188000,0.0125287929549813
5073,TT_fault_Data_4_Phase_a_4_4_40,TT_s4.0_pA_l40,faulty,1,4.0,A,40,40,7.2,,fault,189000,0.0125287929549813
5076,TT_fault_Data_4_Phase_a_4_4_40,TT_s4.0_pA_l40,faulty,1,4.0,A,40,40,7.2,,fault,190500,0.0125287929549813
5079,TT_fault_Data_4_Phase_a_4_4_40,TT_s4.0_pA_l40,faulty,1,4.0,A,40,40,7.2,,fault,192000,0.0125287929549813
5081,TT_fault_Data_4_Phase_a_4_4_40,TT_s4.0_pA_l40,faulty,1,4.0,A,40,40,7.2,,fault,193000,0.0125287929549813
5082,TT_fault_Data_4_Phase_a_4_4_40,TT_s4.0_pA_l40,faulty,1,4.0,A,40,40,7.2,,fault,193500,0.0125287929549813
5093,TT_fault_Data_4_Phase_a_4_4_60,TT_s4.0_pA_l60,healthy,0,0.0,,60,60,7.2,,prefault,118000,0.0177606232464313
5095,TT_fault_Data_4_Phase_a_4_4_60,TT_s4.0_pA_l60,healthy,0,0.0,,60,60,7.2,,prefault,126000,0.0177606232464313
5101,TT_fault_Data_4_Phase_a_4_4_60,TT_s4.0_pA_l60,healthy,0,0.0,,60,60,7.2,,prefault,150000,0.0177606232464313
5102,TT_fault_Data_4_Phase_a_4_4_60,TT_s4.0_pA_l60,healthy,0,0.0,,60,60,7.2,,prefault,154000,0.0177606232464313
5113,TT_fault_Data_4_Phase_a_4_4_60,TT_s4.0_pA_l60,faulty,1,4.0,A,60,60,7.2,,fault,183000,0.0177606232464313
5117,TT_fault_Data_4_Phase_a_4_4_60,TT_s4.0_pA_l60,faulty,1,4.0,A,60,60,7.2,,fault,185000,0.0177606232464313
5119,TT_fault_Data_4_Phase_a_4_4_60,TT_s4.0_pA_l60,faulty,1,4.0,A,60,60,7.2,,fault,186000,0.0177606232464313
5120,TT_fault_Data_4_Phase_a_4_4_60,TT_s4.0_pA_l60,faulty,1,4.0,A,60,60,7.2,,fault,186500,0.0177606232464313
5121,TT_fault_Data_4_Phase_a_4_4_60,TT_s4.0_pA_l60,faulty,1,4.0,A,60,60,7.2,,fault,187000,0.0177606232464313
5122,TT_fault_Data_4_Phase_a_4_4_60,TT_s4.0_pA_l60,faulty,1,4.0,A,60,60,7.2,,fault,187500,0.0177606232464313
5123,TT_fault_Data_4_Phase_a_4_4_60,TT_s4.0_pA_l60,faulty,1,4.0,A,60,60,7.2,,fault,188000,0.0177606232464313
5125,TT_fault_Data_4_Phase_a_4_4_60,TT_s4.0_pA_l60,faulty,1,4.0,A,60,60,7.2,,fault,189000,0.0177606232464313
5128,TT_fault_Data_4_Phase_a_4_4_60,TT_s4.0_pA_l60,faulty,1,4.0,A,60,60,7.2,,fault,190500,0.0177606232464313
5131,TT_fault_Data_4_Phase_a_4_4_60,TT_s4.0_pA_l60,faulty,1,4.0,A,60,60,7.2,,fault,192000,0.0177606232464313
5133,TT_fault_Data_4_Phase_a_4_4_60,TT_s4.0_pA_l60,faulty,1,4.0,A,60,60,7.2,,fault,193000,0.0177606232464313
5134,TT_fault_Data_4_Phase_a_4_4_60,TT_s4.0_pA_l60,faulty,1,4.0,A,60,60,7.2,,fault,193500,0.0177606232464313
5145,TT_fault_Data_4_Phase_a_4_4_80,TT_s4.0_pA_l80,healthy,0,0.0,,80,80,7.2,,prefault,118000,0.0229962114244699
5147,TT_fault_Data_4_Phase_a_4_4_80,TT_s4.0_pA_l80,healthy,0,0.0,,80,80,7.2,,prefault,126000,0.0229962114244699
5153,TT_fault_Data_4_Phase_a_4_4_80,TT_s4.0_pA_l80,healthy,0,0.0,,80,80,7.2,,prefault,150000,0.0229962114244699
5154,TT_fault_Data_4_Phase_a_4_4_80,TT_s4.0_pA_l80,healthy,0,0.0,,80,80,7.2,,prefault,154000,0.0229962114244699
5165,TT_fault_Data_4_Phase_a_4_4_80,TT_s4.0_pA_l80,faulty,1,4.0,A,80,80,7.2,,fault,183000,0.0229962114244699
5169,TT_fault_Data_4_Phase_a_4_4_80,TT_s4.0_pA_l80,faulty,1,4.0,A,80,80,7.2,,fault,185000,0.0229962114244699
5171,TT_fault_Data_4_Phase_a_4_4_80,TT_s4.0_pA_l80,faulty,1,4.0,A,80,80,7.2,,fault,186000,0.0229962114244699
5172,TT_fault_Data_4_Phase_a_4_4_80,TT_s4.0_pA_l80,faulty,1,4.0,A,80,80,7.2,,fault,186500,0.0229962114244699
5173,TT_fault_Data_4_Phase_a_4_4_80,TT_s4.0_pA_l80,faulty,1,4.0,A,80,80,7.2,,fault,187000,0.0229962114244699
5174,TT_fault_Data_4_Phase_a_4_4_80,TT_s4.0_pA_l80,faulty,1,4.0,A,80,80,7.2,,fault,187500,0.0229962114244699
5175,TT_fault_Data_4_Phase_a_4_4_80,TT_s4.0_pA_l80,faulty,1,4.0,A,80,80,7.2,,fault,188000,0.0229962114244699
5177,TT_fault_Data_4_Phase_a_4_4_80,TT_s4.0_pA_l80,faulty,1,4.0,A,80,80,7.2,,fault,189000,0.0229962114244699
5180,TT_fault_Data_4_Phase_a_4_4_80,TT_s4.0_pA_l80,faulty,1,4.0,A,80,80,7.2,,fault,190500,0.0229962114244699
5183,TT_fault_Data_4_Phase_a_4_4_80,TT_s4.0_pA_l80,faulty,1,4.0,A,80,80,7.2,,fault,192000,0.0229962114244699
5185,TT_fault_Data_4_Phase_a_4_4_80,TT_s4.0_pA_l80,faulty,1,4.0,A,80,80,7.2,,fault,193000,0.0229962114244699
5186,TT_fault_Data_4_Phase_a_4_4_80,TT_s4.0_pA_l80,faulty,1,4.0,A,80,80,7.2,,fault,193500,0.0229962114244699
5197,TT_fault_Data_4_Phase_a_4_4_NL,TT_s4.0_pA_lNL,healthy,0,0.0,,NL,0,7.2,,prefault,88000,0.0047414959408342
5199,TT_fault_Data_4_Phase_a_4_4_NL,TT_s4.0_pA_lNL,healthy,0,0.0,,NL,0,7.2,,prefault,96000,0.0047414959408342
5205,TT_fault_Data_4_Phase_a_4_4_NL,TT_s4.0_pA_lNL,healthy,0,0.0,,NL,0,7.2,,prefault,120000,0.0047414959408342
5206,TT_fault_Data_4_Phase_a_4_4_NL,TT_s4.0_pA_lNL,healthy,0,0.0,,NL,0,7.2,,prefault,124000,0.0047414959408342
5217,TT_fault_Data_4_Phase_a_4_4_NL,TT_s4.0_pA_lNL,healthy,0,0.0,,NL,0,7.2,,prefault,168000,0.0047414959408342
5221,TT_fault_Data_4_Phase_a_4_4_NL,TT_s4.0_pA_lNL,faulty,1,4.0,A,NL,0,7.2,,fault,181000,0.0047414959408342
5223,TT_fault_Data_4_Phase_a_4_4_NL,TT_s4.0_pA_lNL,faulty,1,4.0,A,NL,0,7.2,,fault,182000,0.0047414959408342
5225,TT_fault_Data_4_Phase_a_4_4_NL,TT_s4.0_pA_lNL,faulty,1,4.0,A,NL,0,7.2,,fault,183000,0.0047414959408342
5228,TT_fault_Data_4_Phase_a_4_4_NL,TT_s4.0_pA_lNL,faulty,1,4.0,A,NL,0,7.2,,fault,184500,0.0047414959408342
5229,TT_fault_Data_4_Phase_a_4_4_NL,TT_s4.0_pA_lNL,faulty,1,4.0,A,NL,0,7.2,,fault,185000,0.0047414959408342
5230,TT_fault_Data_4_Phase_a_4_4_NL,TT_s4.0_pA_lNL,faulty,1,4.0,A,NL,0,7.2,,fault,185500,0.0047414959408342
5235,TT_fault_Data_4_Phase_a_4_4_NL,TT_s4.0_pA_lNL,faulty,1,4.0,A,NL,0,7.2,,fault,188000,0.0047414959408342
5236,TT_fault_Data_4_Phase_a_4_4_NL,TT_s4.0_pA_lNL,faulty,1,4.0,A,NL,0,7.2,,fault,188500,0.0047414959408342
5238,TT_fault_Data_4_Phase_a_4_4_NL,TT_s4.0_pA_lNL,faulty,1,4.0,A,NL,0,7.2,,fault,189500,0.0047414959408342
5253,TT_fault_Data_4_Phase_a_4_4_NL,TT_s4.0_pA_lNL,faulty,1,4.0,A,NL,0,7.2,,fault,197000,0.0047414959408342
5254,TT_fault_Data_4_Phase_a_4_4_NL,TT_s4.0_pA_lNL,faulty,1,4.0,A,NL,0,7.2,,fault,197500,0.0047414959408342
5309,TT_fault_Data_4_Phase_b_4_4_20,TT_s4.0_pB_l20,healthy,0,0.0,,20,20,7.2,,prefault,118000,0.0075935865752398
5311,TT_fault_Data_4_Phase_b_4_4_20,TT_s4.0_pB_l20,healthy,0,0.0,,20,20,7.2,,prefault,126000,0.0075935865752398
5317,TT_fault_Data_4_Phase_b_4_4_20,TT_s4.0_pB_l20,healthy,0,0.0,,20,20,7.2,,prefault,150000,0.0075935865752398
5318,TT_fault_Data_4_Phase_b_4_4_20,TT_s4.0_pB_l20,healthy,0,0.0,,20,20,7.2,,prefault,154000,0.0075935865752398
5329,TT_fault_Data_4_Phase_b_4_4_20,TT_s4.0_pB_l20,faulty,1,4.0,B,20,20,7.2,,fault,183000,0.0075935865752398
5333,TT_fault_Data_4_Phase_b_4_4_20,TT_s4.0_pB_l20,faulty,1,4.0,B,20,20,7.2,,fault,185000,0.0075935865752398
5335,TT_fault_Data_4_Phase_b_4_4_20,TT_s4.0_pB_l20,faulty,1,4.0,B,20,20,7.2,,fault,186000,0.0075935865752398
5336,TT_fault_Data_4_Phase_b_4_4_20,TT_s4.0_pB_l20,faulty,1,4.0,B,20,20,7.2,,fault,186500,0.0075935865752398
5337,TT_fault_Data_4_Phase_b_4_4_20,TT_s4.0_pB_l20,faulty,1,4.0,B,20,20,7.2,,fault,187000,0.0075935865752398
5338,TT_fault_Data_4_Phase_b_4_4_20,TT_s4.0_pB_l20,faulty,1,4.0,B,20,20,7.2,,fault,187500,0.0075935865752398
5339,TT_fault_Data_4_Phase_b_4_4_20,TT_s4.0_pB_l20,faulty,1,4.0,B,20,20,7.2,,fault,188000,0.0075935865752398
5341,TT_fault_Data_4_Phase_b_4_4_20,TT_s4.0_pB_l20,faulty,1,4.0,B,20,20,7.2,,fault,189000,0.0075935865752398
5344,TT_fault_Data_4_Phase_b_4_4_20,TT_s4.0_pB_l20,faulty,1,4.0,B,20,20,7.2,,fault,190500,0.0075935865752398
5347,TT_fault_Data_4_Phase_b_4_4_20,TT_s4.0_pB_l20,faulty,1,4.0,B,20,20,7.2,,fault,192000,0.0075935865752398
5349,TT_fault_Data_4_Phase_b_4_4_20,TT_s4.0_pB_l20,faulty,1,4.0,B,20,20,7.2,,fault,193000,0.0075935865752398
5350,TT_fault_Data_4_Phase_b_4_4_20,TT_s4.0_pB_l20,faulty,1,4.0,B,20,20,7.2,,fault,193500,0.0075935865752398
5361,TT_fault_Data_4_Phase_b_4_4_40,TT_s4.0_pB_l40,healthy,0,0.0,,40,40,7.2,,prefault,118000,0.0125287929549813
5363,TT_fault_Data_4_Phase_b_4_4_40,TT_s4.0_pB_l40,healthy,0,0.0,,40,40,7.2,,prefault,126000,0.0125287929549813
5369,TT_fault_Data_4_Phase_b_4_4_40,TT_s4.0_pB_l40,healthy,0,0.0,,40,40,7.2,,prefault,150000,0.0125287929549813
5370,TT_fault_Data_4_Phase_b_4_4_40,TT_s4.0_pB_l40,healthy,0,0.0,,40,40,7.2,,prefault,154000,0.0125287929549813
5381,TT_fault_Data_4_Phase_b_4_4_40,TT_s4.0_pB_l40,faulty,1,4.0,B,40,40,7.2,,fault,183000,0.0125287929549813
5385,TT_fault_Data_4_Phase_b_4_4_40,TT_s4.0_pB_l40,faulty,1,4.0,B,40,40,7.2,,fault,185000,0.0125287929549813
5387,TT_fault_Data_4_Phase_b_4_4_40,TT_s4.0_pB_l40,faulty,1,4.0,B,40,40,7.2,,fault,186000,0.0125287929549813
5388,TT_fault_Data_4_Phase_b_4_4_40,TT_s4.0_pB_l40,faulty,1,4.0,B,40,40,7.2,,fault,186500,0.0125287929549813
5389,TT_fault_Data_4_Phase_b_4_4_40,TT_s4.0_pB_l40,faulty,1,4.0,B,40,40,7.2,,fault,187000,0.0125287929549813
5390,TT_fault_Data_4_Phase_b_4_4_40,TT_s4.0_pB_l40,faulty,1,4.0,B,40,40,7.2,,fault,187500,0.0125287929549813
5391,TT_fault_Data_4_Phase_b_4_4_40,TT_s4.0_pB_l40,faulty,1,4.0,B,40,40,7.2,,fault,188000,0.0125287929549813
5393,TT_fault_Data_4_Phase_b_4_4_40,TT_s4.0_pB_l40,faulty,1,4.0,B,40,40,7.2,,fault,189000,0.0125287929549813
5396,TT_fault_Data_4_Phase_b_4_4_40,TT_s4.0_pB_l40,faulty,1,4.0,B,40,40,7.2,,fault,190500,0.0125287929549813
5399,TT_fault_Data_4_Phase_b_4_4_40,TT_s4.0_pB_l40,faulty,1,4.0,B,40,40,7.2,,fault,192000,0.0125287929549813
5401,TT_fault_Data_4_Phase_b_4_4_40,TT_s4.0_pB_l40,faulty,1,4.0,B,40,40,7.2,,fault,193000,0.0125287929549813
5402,TT_fault_Data_4_Phase_b_4_4_40,TT_s4.0_pB_l40,faulty,1,4.0,B,40,40,7.2,,fault,193500,0.0125287929549813
5413,TT_fault_Data_4_Phase_b_4_4_60,TT_s4.0_pB_l60,healthy,0,0.0,,60,60,7.2,,prefault,118000,0.0177606251090765
5415,TT_fault_Data_4_Phase_b_4_4_60,TT_s4.0_pB_l60,healthy,0,0.0,,60,60,7.2,,prefault,126000,0.0177606251090765
5421,TT_fault_Data_4_Phase_b_4_4_60,TT_s4.0_pB_l60,healthy,0,0.0,,60,60,7.2,,prefault,150000,0.0177606251090765
5422,TT_fault_Data_4_Phase_b_4_4_60,TT_s4.0_pB_l60,healthy,0,0.0,,60,60,7.2,,prefault,154000,0.0177606251090765
5433,TT_fault_Data_4_Phase_b_4_4_60,TT_s4.0_pB_l60,faulty,1,4.0,B,60,60,7.2,,fault,183000,0.0177606251090765
5437,TT_fault_Data_4_Phase_b_4_4_60,TT_s4.0_pB_l60,faulty,1,4.0,B,60,60,7.2,,fault,185000,0.0177606251090765
5439,TT_fault_Data_4_Phase_b_4_4_60,TT_s4.0_pB_l60,faulty,1,4.0,B,60,60,7.2,,fault,186000,0.0177606251090765
5440,TT_fault_Data_4_Phase_b_4_4_60,TT_s4.0_pB_l60,faulty,1,4.0,B,60,60,7.2,,fault,186500,0.0177606251090765
5441,TT_fault_Data_4_Phase_b_4_4_60,TT_s4.0_pB_l60,faulty,1,4.0,B,60,60,7.2,,fault,187000,0.0177606251090765
5442,TT_fault_Data_4_Phase_b_4_4_60,TT_s4.0_pB_l60,faulty,1,4.0,B,60,60,7.2,,fault,187500,0.0177606251090765
5443,TT_fault_Data_4_Phase_b_4_4_60,TT_s4.0_pB_l60,faulty,1,4.0,B,60,60,7.2,,fault,188000,0.0177606251090765
5445,TT_fault_Data_4_Phase_b_4_4_60,TT_s4.0_pB_l60,faulty,1,4.0,B,60,60,7.2,,fault,189000,0.0177606251090765
5448,TT_fault_Data_4_Phase_b_4_4_60,TT_s4.0_pB_l60,faulty,1,4.0,B,60,60,7.2,,fault,190500,0.0177606251090765
5451,TT_fault_Data_4_Phase_b_4_4_60,TT_s4.0_pB_l60,faulty,1,4.0,B,60,60,7.2,,fault,192000,0.0177606251090765
5453,TT_fault_Data_4_Phase_b_4_4_60,TT_s4.0_pB_l60,faulty,1,4.0,B,60,60,7.2,,fault,193000,0.0177606251090765
5454,TT_fault_Data_4_Phase_b_4_4_60,TT_s4.0_pB_l60,faulty,1,4.0,B,60,60,7.2,,fault,193500,0.0177606251090765
5465,TT_fault_Data_4_Phase_b_4_4_80,TT_s4.0_pB_l80,healthy,0,0.0,,80,80,7.2,,prefault,118000,0.022996213287115
5467,TT_fault_Data_4_Phase_b_4_4_80,TT_s4.0_pB_l80,healthy,0,0.0,,80,80,7.2,,prefault,126000,0.022996213287115
5473,TT_fault_Data_4_Phase_b_4_4_80,TT_s4.0_pB_l80,healthy,0,0.0,,80,80,7.2,,prefault,150000,0.022996213287115
5474,TT_fault_Data_4_Phase_b_4_4_80,TT_s4.0_pB_l80,healthy,0,0.0,,80,80,7.2,,prefault,154000,0.022996213287115
5485,TT_fault_Data_4_Phase_b_4_4_80,TT_s4.0_pB_l80,faulty,1,4.0,B,80,80,7.2,,fault,183000,0.022996213287115
5489,TT_fault_Data_4_Phase_b_4_4_80,TT_s4.0_pB_l80,faulty,1,4.0,B,80,80,7.2,,fault,185000,0.022996213287115
5491,TT_fault_Data_4_Phase_b_4_4_80,TT_s4.0_pB_l80,faulty,1,4.0,B,80,80,7.2,,fault,186000,0.022996213287115
5492,TT_fault_Data_4_Phase_b_4_4_80,TT_s4.0_pB_l80,faulty,1,4.0,B,80,80,7.2,,fault,186500,0.022996213287115
5493,TT_fault_Data_4_Phase_b_4_4_80,TT_s4.0_pB_l80,faulty,1,4.0,B,80,80,7.2,,fault,187000,0.022996213287115
5494,TT_fault_Data_4_Phase_b_4_4_80,TT_s4.0_pB_l80,faulty,1,4.0,B,80,80,7.2,,fault,187500,0.022996213287115
5495,TT_fault_Data_4_Phase_b_4_4_80,TT_s4.0_pB_l80,faulty,1,4.0,B,80,80,7.2,,fault,188000,0.022996213287115
5497,TT_fault_Data_4_Phase_b_4_4_80,TT_s4.0_pB_l80,faulty,1,4.0,B,80,80,7.2,,fault,189000,0.022996213287115
5500,TT_fault_Data_4_Phase_b_4_4_80,TT_s4.0_pB_l80,faulty,1,4.0,B,80,80,7.2,,fault,190500,0.022996213287115
5503,TT_fault_Data_4_Phase_b_4_4_80,TT_s4.0_pB_l80,faulty,1,4.0,B,80,80,7.2,,fault,192000,0.022996213287115
5505,TT_fault_Data_4_Phase_b_4_4_80,TT_s4.0_pB_l80,faulty,1,4.0,B,80,80,7.2,,fault,193000,0.022996213287115
5506,TT_fault_Data_4_Phase_b_4_4_80,TT_s4.0_pB_l80,faulty,1,4.0,B,80,80,7.2,,fault,193500,0.022996213287115
5517,TT_fault_Data_4_Phase_b_4_4_NL,TT_s4.0_pB_lNL,healthy,0,0.0,,NL,0,7.2,,prefault,88000,0.0047409813851118
5519,TT_fault_Data_4_Phase_b_4_4_NL,TT_s4.0_pB_lNL,healthy,0,0.0,,NL,0,7.2,,prefault,96000,0.0047409813851118
5525,TT_fault_Data_4_Phase_b_4_4_NL,TT_s4.0_pB_lNL,healthy,0,0.0,,NL,0,7.2,,prefault,120000,0.0047409813851118
5526,TT_fault_Data_4_Phase_b_4_4_NL,TT_s4.0_pB_lNL,healthy,0,0.0,,NL,0,7.2,,prefault,124000,0.0047409813851118
5537,TT_fault_Data_4_Phase_b_4_4_NL,TT_s4.0_pB_lNL,healthy,0,0.0,,NL,0,7.2,,prefault,168000,0.0047409813851118
5541,TT_fault_Data_4_Phase_b_4_4_NL,TT_s4.0_pB_lNL,faulty,1,4.0,B,NL,0,7.2,,fault,181000,0.0047409813851118
5543,TT_fault_Data_4_Phase_b_4_4_NL,TT_s4.0_pB_lNL,faulty,1,4.0,B,NL,0,7.2,,fault,182000,0.0047409813851118
5545,TT_fault_Data_4_Phase_b_4_4_NL,TT_s4.0_pB_lNL,faulty,1,4.0,B,NL,0,7.2,,fault,183000,0.0047409813851118
5548,TT_fault_Data_4_Phase_b_4_4_NL,TT_s4.0_pB_lNL,faulty,1,4.0,B,NL,0,7.2,,fault,184500,0.0047409813851118
5549,TT_fault_Data_4_Phase_b_4_4_NL,TT_s4.0_pB_lNL,faulty,1,4.0,B,NL,0,7.2,,fault,185000,0.0047409813851118
5550,TT_fault_Data_4_Phase_b_4_4_NL,TT_s4.0_pB_lNL,faulty,1,4.0,B,NL,0,7.2,,fault,185500,0.0047409813851118
5555,TT_fault_Data_4_Phase_b_4_4_NL,TT_s4.0_pB_lNL,faulty,1,4.0,B,NL,0,7.2,,fault,188000,0.0047409813851118
5556,TT_fault_Data_4_Phase_b_4_4_NL,TT_s4.0_pB_lNL,faulty,1,4.0,B,NL,0,7.2,,fault,188500,0.0047409813851118
5558,TT_fault_Data_4_Phase_b_4_4_NL,TT_s4.0_pB_lNL,faulty,1,4.0,B,NL,0,7.2,,fault,189500,0.0047409813851118
5573,TT_fault_Data_4_Phase_b_4_4_NL,TT_s4.0_pB_lNL,faulty,1,4.0,B,NL,0,7.2,,fault,197000,0.0047409813851118
5574,TT_fault_Data_4_Phase_b_4_4_NL,TT_s4.0_pB_lNL,faulty,1,4.0,B,NL,0,7.2,,fault,197500,0.0047409813851118
5629,TT_fault_Data_4_Phase_c_4_4_20,TT_s4.0_pC_l20,healthy,0,0.0,,20,20,7.2,,prefault,118000,0.0075935865752398
5631,TT_fault_Data_4_Phase_c_4_4_20,TT_s4.0_pC_l20,healthy,0,0.0,,20,20,7.2,,prefault,126000,0.0075935865752398
5637,TT_fault_Data_4_Phase_c_4_4_20,TT_s4.0_pC_l20,healthy,0,0.0,,20,20,7.2,,prefault,150000,0.0075935865752398
5638,TT_fault_Data_4_Phase_c_4_4_20,TT_s4.0_pC_l20,healthy,0,0.0,,20,20,7.2,,prefault,154000,0.0075935865752398
5649,TT_fault_Data_4_Phase_c_4_4_20,TT_s4.0_pC_l20,faulty,1,4.0,C,20,20,7.2,,fault,183000,0.0075935865752398
5653,TT_fault_Data_4_Phase_c_4_4_20,TT_s4.0_pC_l20,faulty,1,4.0,C,20,20,7.2,,fault,185000,0.0075935865752398
5655,TT_fault_Data_4_Phase_c_4_4_20,TT_s4.0_pC_l20,faulty,1,4.0,C,20,20,7.2,,fault,186000,0.0075935865752398
5656,TT_fault_Data_4_Phase_c_4_4_20,TT_s4.0_pC_l20,faulty,1,4.0,C,20,20,7.2,,fault,186500,0.0075935865752398
5657,TT_fault_Data_4_Phase_c_4_4_20,TT_s4.0_pC_l20,faulty,1,4.0,C,20,20,7.2,,fault,187000,0.0075935865752398
5658,TT_fault_Data_4_Phase_c_4_4_20,TT_s4.0_pC_l20,faulty,1,4.0,C,20,20,7.2,,fault,187500,0.0075935865752398
5659,TT_fault_Data_4_Phase_c_4_4_20,TT_s4.0_pC_l20,faulty,1,4.0,C,20,20,7.2,,fault,188000,0.0075935865752398
5661,TT_fault_Data_4_Phase_c_4_4_20,TT_s4.0_pC_l20,faulty,1,4.0,C,20,20,7.2,,fault,189000,0.0075935865752398
5664,TT_fault_Data_4_Phase_c_4_4_20,TT_s4.0_pC_l20,faulty,1,4.0,C,20,20,7.2,,fault,190500,0.0075935865752398
5667,TT_fault_Data_4_Phase_c_4_4_20,TT_s4.0_pC_l20,faulty,1,4.0,C,20,20,7.2,,fault,192000,0.0075935865752398
5669,TT_fault_Data_4_Phase_c_4_4_20,TT_s4.0_pC_l20,faulty,1,4.0,C,20,20,7.2,,fault,193000,0.0075935865752398
5670,TT_fault_Data_4_Phase_c_4_4_20,TT_s4.0_pC_l20,faulty,1,4.0,C,20,20,7.2,,fault,193500,0.0075935865752398
5681,TT_fault_Data_4_Phase_c_4_4_40,TT_s4.0_pC_l40,healthy,0,0.0,,40,40,7.2,,prefault,118000,0.0125287929549813
5683,TT_fault_Data_4_Phase_c_4_4_40,TT_s4.0_pC_l40,healthy,0,0.0,,40,40,7.2,,prefault,126000,0.0125287929549813
5689,TT_fault_Data_4_Phase_c_4_4_40,TT_s4.0_pC_l40,healthy,0,0.0,,40,40,7.2,,prefault,150000,0.0125287929549813
5690,TT_fault_Data_4_Phase_c_4_4_40,TT_s4.0_pC_l40,healthy,0,0.0,,40,40,7.2,,prefault,154000,0.0125287929549813
5701,TT_fault_Data_4_Phase_c_4_4_40,TT_s4.0_pC_l40,faulty,1,4.0,C,40,40,7.2,,fault,183000,0.0125287929549813
5705,TT_fault_Data_4_Phase_c_4_4_40,TT_s4.0_pC_l40,faulty,1,4.0,C,40,40,7.2,,fault,185000,0.0125287929549813
5707,TT_fault_Data_4_Phase_c_4_4_40,TT_s4.0_pC_l40,faulty,1,4.0,C,40,40,7.2,,fault,186000,0.0125287929549813
5708,TT_fault_Data_4_Phase_c_4_4_40,TT_s4.0_pC_l40,faulty,1,4.0,C,40,40,7.2,,fault,186500,0.0125287929549813
5709,TT_fault_Data_4_Phase_c_4_4_40,TT_s4.0_pC_l40,faulty,1,4.0,C,40,40,7.2,,fault,187000,0.0125287929549813
5710,TT_fault_Data_4_Phase_c_4_4_40,TT_s4.0_pC_l40,faulty,1,4.0,C,40,40,7.2,,fault,187500,0.0125287929549813
5711,TT_fault_Data_4_Phase_c_4_4_40,TT_s4.0_pC_l40,faulty,1,4.0,C,40,40,7.2,,fault,188000,0.0125287929549813
5713,TT_fault_Data_4_Phase_c_4_4_40,TT_s4.0_pC_l40,faulty,1,4.0,C,40,40,7.2,,fault,189000,0.0125287929549813
5716,TT_fault_Data_4_Phase_c_4_4_40,TT_s4.0_pC_l40,faulty,1,4.0,C,40,40,7.2,,fault,190500,0.0125287929549813
5719,TT_fault_Data_4_Phase_c_4_4_40,TT_s4.0_pC_l40,faulty,1,4.0,C,40,40,7.2,,fault,192000,0.0125287929549813
5721,TT_fault_Data_4_Phase_c_4_4_40,TT_s4.0_pC_l40,faulty,1,4.0,C,40,40,7.2,,fault,193000,0.0125287929549813
5722,TT_fault_Data_4_Phase_c_4_4_40,TT_s4.0_pC_l40,faulty,1,4.0,C,40,40,7.2,,fault,193500,0.0125287929549813
5733,TT_fault_Data_4_Phase_c_4_4_60,TT_s4.0_pC_l60,healthy,0,0.0,,60,60,7.2,,prefault,118000,0.0177606232464313
5735,TT_fault_Data_4_Phase_c_4_4_60,TT_s4.0_pC_l60,healthy,0,0.0,,60,60,7.2,,prefault,126000,0.0177606232464313
5741,TT_fault_Data_4_Phase_c_4_4_60,TT_s4.0_pC_l60,healthy,0,0.0,,60,60,7.2,,prefault,150000,0.0177606232464313
5742,TT_fault_Data_4_Phase_c_4_4_60,TT_s4.0_pC_l60,healthy,0,0.0,,60,60,7.2,,prefault,154000,0.0177606232464313
5753,TT_fault_Data_4_Phase_c_4_4_60,TT_s4.0_pC_l60,faulty,1,4.0,C,60,60,7.2,,fault,183000,0.0177606232464313
5757,TT_fault_Data_4_Phase_c_4_4_60,TT_s4.0_pC_l60,faulty,1,4.0,C,60,60,7.2,,fault,185000,0.0177606232464313
5759,TT_fault_Data_4_Phase_c_4_4_60,TT_s4.0_pC_l60,faulty,1,4.0,C,60,60,7.2,,fault,186000,0.0177606232464313
5760,TT_fault_Data_4_Phase_c_4_4_60,TT_s4.0_pC_l60,faulty,1,4.0,C,60,60,7.2,,fault,186500,0.0177606232464313
5761,TT_fault_Data_4_Phase_c_4_4_60,TT_s4.0_pC_l60,faulty,1,4.0,C,60,60,7.2,,fault,187000,0.0177606232464313
5762,TT_fault_Data_4_Phase_c_4_4_60,TT_s4.0_pC_l60,faulty,1,4.0,C,60,60,7.2,,fault,187500,0.0177606232464313
5763,TT_fault_Data_4_Phase_c_4_4_60,TT_s4.0_pC_l60,faulty,1,4.0,C,60,60,7.2,,fault,188000,0.0177606232464313
5765,TT_fault_Data_4_Phase_c_4_4_60,TT_s4.0_pC_l60,faulty,1,4.0,C,60,60,7.2,,fault,189000,0.0177606232464313
5768,TT_fault_Data_4_Phase_c_4_4_60,TT_s4.0_pC_l60,faulty,1,4.0,C,60,60,7.2,,fault,190500,0.0177606232464313
5771,TT_fault_Data_4_Phase_c_4_4_60,TT_s4.0_pC_l60,faulty,1,4.0,C,60,60,7.2,,fault,192000,0.0177606232464313
5773,TT_fault_Data_4_Phase_c_4_4_60,TT_s4.0_pC_l60,faulty,1,4.0,C,60,60,7.2,,fault,193000,0.0177606232464313
5774,TT_fault_Data_4_Phase_c_4_4_60,TT_s4.0_pC_l60,faulty,1,4.0,C,60,60,7.2,,fault,193500,0.0177606232464313
5785,TT_fault_Data_4_Phase_c_4_4_80,TT_s4.0_pC_l80,healthy,0,0.0,,80,80,7.2,,prefault,118000,0.022996213287115
5787,TT_fault_Data_4_Phase_c_4_4_80,TT_s4.0_pC_l80,healthy,0,0.0,,80,80,7.2,,prefault,126000,0.022996213287115
5793,TT_fault_Data_4_Phase_c_4_4_80,TT_s4.0_pC_l80,healthy,0,0.0,,80,80,7.2,,prefault,150000,0.022996213287115
5794,TT_fault_Data_4_Phase_c_4_4_80,TT_s4.0_pC_l80,healthy,0,0.0,,80,80,7.2,,prefault,154000,0.022996213287115
5805,TT_fault_Data_4_Phase_c_4_4_80,TT_s4.0_pC_l80,faulty,1,4.0,C,80,80,7.2,,fault,183000,0.022996213287115
5809,TT_fault_Data_4_Phase_c_4_4_80,TT_s4.0_pC_l80,faulty,1,4.0,C,80,80,7.2,,fault,185000,0.022996213287115
5811,TT_fault_Data_4_Phase_c_4_4_80,TT_s4.0_pC_l80,faulty,1,4.0,C,80,80,7.2,,fault,186000,0.022996213287115
5812,TT_fault_Data_4_Phase_c_4_4_80,TT_s4.0_pC_l80,faulty,1,4.0,C,80,80,7.2,,fault,186500,0.022996213287115
5813,TT_fault_Data_4_Phase_c_4_4_80,TT_s4.0_pC_l80,faulty,1,4.0,C,80,80,7.2,,fault,187000,0.022996213287115
5814,TT_fault_Data_4_Phase_c_4_4_80,TT_s4.0_pC_l80,faulty,1,4.0,C,80,80,7.2,,fault,187500,0.022996213287115
5815,TT_fault_Data_4_Phase_c_4_4_80,TT_s4.0_pC_l80,faulty,1,4.0,C,80,80,7.2,,fault,188000,0.022996213287115
5817,TT_fault_Data_4_Phase_c_4_4_80,TT_s4.0_pC_l80,faulty,1,4.0,C,80,80,7.2,,fault,189000,0.022996213287115
5820,TT_fault_Data_4_Phase_c_4_4_80,TT_s4.0_pC_l80,faulty,1,4.0,C,80,80,7.2,,fault,190500,0.022996213287115
5823,TT_fault_Data_4_Phase_c_4_4_80,TT_s4.0_pC_l80,faulty,1,4.0,C,80,80,7.2,,fault,192000,0.022996213287115
5825,TT_fault_Data_4_Phase_c_4_4_80,TT_s4.0_pC_l80,faulty,1,4.0,C,80,80,7.2,,fault,193000,0.022996213287115
5826,TT_fault_Data_4_Phase_c_4_4_80,TT_s4.0_pC_l80,faulty,1,4.0,C,80,80,7.2,,fault,193500,0.022996213287115
5837,TT_fault_Data_4_Phase_c_4_4_NL,TT_s4.0_pC_lNL,healthy,0,0.0,,NL,0,7.2,,prefault,88000,0.004740981850773
5839,TT_fault_Data_4_Phase_c_4_4_NL,TT_s4.0_pC_lNL,healthy,0,0.0,,NL,0,7.2,,prefault,96000,0.004740981850773
5845,TT_fault_Data_4_Phase_c_4_4_NL,TT_s4.0_pC_lNL,healthy,0,0.0,,NL,0,7.2,,prefault,120000,0.004740981850773
5846,TT_fault_Data_4_Phase_c_4_4_NL,TT_s4.0_pC_lNL,healthy,0,0.0,,NL,0,7.2,,prefault,124000,0.004740981850773
5857,TT_fault_Data_4_Phase_c_4_4_NL,TT_s4.0_pC_lNL,healthy,0,0.0,,NL,0,7.2,,prefault,168000,0.004740981850773
5861,TT_fault_Data_4_Phase_c_4_4_NL,TT_s4.0_pC_lNL,faulty,1,4.0,C,NL,0,7.2,,fault,181000,0.004740981850773
5863,TT_fault_Data_4_Phase_c_4_4_NL,TT_s4.0_pC_lNL,faulty,1,4.0,C,NL,0,7.2,,fault,182000,0.004740981850773
5865,TT_fault_Data_4_Phase_c_4_4_NL,TT_s4.0_pC_lNL,faulty,1,4.0,C,NL,0,7.2,,fault,183000,0.004740981850773
5868,TT_fault_Data_4_Phase_c_4_4_NL,TT_s4.0_pC_lNL,faulty,1,4.0,C,NL,0,7.2,,fault,184500,0.004740981850773
5869,TT_fault_Data_4_Phase_c_4_4_NL,TT_s4.0_pC_lNL,faulty,1,4.0,C,NL,0,7.2,,fault,185000,0.004740981850773
5870,TT_fault_Data_4_Phase_c_4_4_NL,TT_s4.0_pC_lNL,faulty,1,4.0,C,NL,0,7.2,,fault,185500,0.004740981850773
5875,TT_fault_Data_4_Phase_c_4_4_NL,TT_s4.0_pC_lNL,faulty,1,4.0,C,NL,0,7.2,,fault,188000,0.004740981850773
5876,TT_fault_Data_4_Phase_c_4_4_NL,TT_s4.0_pC_lNL,faulty,1,4.0,C,NL,0,7.2,,fault,188500,0.004740981850773
5878,TT_fault_Data_4_Phase_c_4_4_NL,TT_s4.0_pC_lNL,faulty,1,4.0,C,NL,0,7.2,,fault,189500,0.004740981850773
5893,TT_fault_Data_4_Phase_c_4_4_NL,TT_s4.0_pC_lNL,faulty,1,4.0,C,NL,0,7.2,,fault,197000,0.004740981850773
5894,TT_fault_Data_4_Phase_c_4_4_NL,TT_s4.0_pC_lNL,faulty,1,4.0,C,NL,0,7.2,,fault,197500,0.004740981850773
5949,TT_fault_Data_5_Phase_a_5_5_20,TT_s5.0_pA_l20,healthy,0,0.0,,20,20,7.2,,prefault,118000,0.0075961607508361
5951,TT_fault_Data_5_Phase_a_5_5_20,TT_s5.0_pA_l20,healthy,0,0.0,,20,20,7.2,,prefault,126000,0.0075961607508361
5957,TT_fault_Data_5_Phase_a_5_5_20,TT_s5.0_pA_l20,healthy,0,0.0,,20,20,7.2,,prefault,150000,0.0075961607508361
5958,TT_fault_Data_5_Phase_a_5_5_20,TT_s5.0_pA_l20,healthy,0,0.0,,20,20,7.2,,prefault,154000,0.0075961607508361
5969,TT_fault_Data_5_Phase_a_5_5_20,TT_s5.0_pA_l20,faulty,1,5.0,A,20,20,7.2,,fault,183000,0.0075961607508361
5973,TT_fault_Data_5_Phase_a_5_5_20,TT_s5.0_pA_l20,faulty,1,5.0,A,20,20,7.2,,fault,185000,0.0075961607508361
5975,TT_fault_Data_5_Phase_a_5_5_20,TT_s5.0_pA_l20,faulty,1,5.0,A,20,20,7.2,,fault,186000,0.0075961607508361
5976,TT_fault_Data_5_Phase_a_5_5_20,TT_s5.0_pA_l20,faulty,1,5.0,A,20,20,7.2,,fault,186500,0.0075961607508361
5977,TT_fault_Data_5_Phase_a_5_5_20,TT_s5.0_pA_l20,faulty,1,5.0,A,20,20,7.2,,fault,187000,0.0075961607508361
5978,TT_fault_Data_5_Phase_a_5_5_20,TT_s5.0_pA_l20,faulty,1,5.0,A,20,20,7.2,,fault,187500,0.0075961607508361
5979,TT_fault_Data_5_Phase_a_5_5_20,TT_s5.0_pA_l20,faulty,1,5.0,A,20,20,7.2,,fault,188000,0.0075961607508361
5981,TT_fault_Data_5_Phase_a_5_5_20,TT_s5.0_pA_l20,faulty,1,5.0,A,20,20,7.2,,fault,189000,0.0075961607508361
5984,TT_fault_Data_5_Phase_a_5_5_20,TT_s5.0_pA_l20,faulty,1,5.0,A,20,20,7.2,,fault,190500,0.0075961607508361
5987,TT_fault_Data_5_Phase_a_5_5_20,TT_s5.0_pA_l20,faulty,1,5.0,A,20,20,7.2,,fault,192000,0.0075961607508361
5989,TT_fault_Data_5_Phase_a_5_5_20,TT_s5.0_pA_l20,faulty,1,5.0,A,20,20,7.2,,fault,193000,0.0075961607508361
5990,TT_fault_Data_5_Phase_a_5_5_20,TT_s5.0_pA_l20,faulty,1,5.0,A,20,20,7.2,,fault,193500,0.0075961607508361
6001,TT_fault_Data_5_Phase_a_5_5_40,TT_s5.0_pA_l40,healthy,0,0.0,,40,40,7.2,,prefault,118000,0.0125318486243486
6003,TT_fault_Data_5_Phase_a_5_5_40,TT_s5.0_pA_l40,healthy,0,0.0,,40,40,7.2,,prefault,126000,0.0125318486243486
6009,TT_fault_Data_5_Phase_a_5_5_40,TT_s5.0_pA_l40,healthy,0,0.0,,40,40,7.2,,prefault,150000,0.0125318486243486
6010,TT_fault_Data_5_Phase_a_5_5_40,TT_s5.0_pA_l40,healthy,0,0.0,,40,40,7.2,,prefault,154000,0.0125318486243486
6021,TT_fault_Data_5_Phase_a_5_5_40,TT_s5.0_pA_l40,faulty,1,5.0,A,40,40,7.2,,fault,183000,0.0125318486243486
6025,TT_fault_Data_5_Phase_a_5_5_40,TT_s5.0_pA_l40,faulty,1,5.0,A,40,40,7.2,,fault,185000,0.0125318486243486
6027,TT_fault_Data_5_Phase_a_5_5_40,TT_s5.0_pA_l40,faulty,1,5.0,A,40,40,7.2,,fault,186000,0.0125318486243486
6028,TT_fault_Data_5_Phase_a_5_5_40,TT_s5.0_pA_l40,faulty,1,5.0,A,40,40,7.2,,fault,186500,0.0125318486243486
6029,TT_fault_Data_5_Phase_a_5_5_40,TT_s5.0_pA_l40,faulty,1,5.0,A,40,40,7.2,,fault,187000,0.0125318486243486
6030,TT_fault_Data_5_Phase_a_5_5_40,TT_s5.0_pA_l40,faulty,1,5.0,A,40,40,7.2,,fault,187500,0.0125318486243486
6031,TT_fault_Data_5_Phase_a_5_5_40,TT_s5.0_pA_l40,faulty,1,5.0,A,40,40,7.2,,fault,188000,0.0125318486243486
6033,TT_fault_Data_5_Phase_a_5_5_40,TT_s5.0_pA_l40,faulty,1,5.0,A,40,40,7.2,,fault,189000,0.0125318486243486
6036,TT_fault_Data_5_Phase_a_5_5_40,TT_s5.0_pA_l40,faulty,1,5.0,A,40,40,7.2,,fault,190500,0.0125318486243486
6039,TT_fault_Data_5_Phase_a_5_5_40,TT_s5.0_pA_l40,faulty,1,5.0,A,40,40,7.2,,fault,192000,0.0125318486243486
6041,TT_fault_Data_5_Phase_a_5_5_40,TT_s5.0_pA_l40,faulty,1,5.0,A,40,40,7.2,,fault,193000,0.0125318486243486
6042,TT_fault_Data_5_Phase_a_5_5_40,TT_s5.0_pA_l40,faulty,1,5.0,A,40,40,7.2,,fault,193500,0.0125318486243486
6053,TT_fault_Data_5_Phase_a_5_5_60,TT_s5.0_pA_l60,healthy,0,0.0,,60,60,7.2,,prefault,118000,0.0177638214081525
6055,TT_fault_Data_5_Phase_a_5_5_60,TT_s5.0_pA_l60,healthy,0,0.0,,60,60,7.2,,prefault,126000,0.0177638214081525
6061,TT_fault_Data_5_Phase_a_5_5_60,TT_s5.0_pA_l60,healthy,0,0.0,,60,60,7.2,,prefault,150000,0.0177638214081525
6062,TT_fault_Data_5_Phase_a_5_5_60,TT_s5.0_pA_l60,healthy,0,0.0,,60,60,7.2,,prefault,154000,0.0177638214081525
6073,TT_fault_Data_5_Phase_a_5_5_60,TT_s5.0_pA_l60,faulty,1,5.0,A,60,60,7.2,,fault,183000,0.0177638214081525
6077,TT_fault_Data_5_Phase_a_5_5_60,TT_s5.0_pA_l60,faulty,1,5.0,A,60,60,7.2,,fault,185000,0.0177638214081525
6079,TT_fault_Data_5_Phase_a_5_5_60,TT_s5.0_pA_l60,faulty,1,5.0,A,60,60,7.2,,fault,186000,0.0177638214081525
6080,TT_fault_Data_5_Phase_a_5_5_60,TT_s5.0_pA_l60,faulty,1,5.0,A,60,60,7.2,,fault,186500,0.0177638214081525
6081,TT_fault_Data_5_Phase_a_5_5_60,TT_s5.0_pA_l60,faulty,1,5.0,A,60,60,7.2,,fault,187000,0.0177638214081525
6082,TT_fault_Data_5_Phase_a_5_5_60,TT_s5.0_pA_l60,faulty,1,5.0,A,60,60,7.2,,fault,187500,0.0177638214081525
6083,TT_fault_Data_5_Phase_a_5_5_60,TT_s5.0_pA_l60,faulty,1,5.0,A,60,60,7.2,,fault,188000,0.0177638214081525
6085,TT_fault_Data_5_Phase_a_5_5_60,TT_s5.0_pA_l60,faulty,1,5.0,A,60,60,7.2,,fault,189000,0.0177638214081525
6088,TT_fault_Data_5_Phase_a_5_5_60,TT_s5.0_pA_l60,faulty,1,5.0,A,60,60,7.2,,fault,190500,0.0177638214081525
6091,TT_fault_Data_5_Phase_a_5_5_60,TT_s5.0_pA_l60,faulty,1,5.0,A,60,60,7.2,,fault,192000,0.0177638214081525
6093,TT_fault_Data_5_Phase_a_5_5_60,TT_s5.0_pA_l60,faulty,1,5.0,A,60,60,7.2,,fault,193000,0.0177638214081525
6094,TT_fault_Data_5_Phase_a_5_5_60,TT_s5.0_pA_l60,faulty,1,5.0,A,60,60,7.2,,fault,193500,0.0177638214081525
6105,TT_fault_Data_5_Phase_a_5_5_80,TT_s5.0_pA_l80,healthy,0,0.0,,80,80,7.2,,prefault,118000,0.0229998882859945
6107,TT_fault_Data_5_Phase_a_5_5_80,TT_s5.0_pA_l80,healthy,0,0.0,,80,80,7.2,,prefault,126000,0.0229998882859945
6113,TT_fault_Data_5_Phase_a_5_5_80,TT_s5.0_pA_l80,healthy,0,0.0,,80,80,7.2,,prefault,150000,0.0229998882859945
6114,TT_fault_Data_5_Phase_a_5_5_80,TT_s5.0_pA_l80,healthy,0,0.0,,80,80,7.2,,prefault,154000,0.0229998882859945
6125,TT_fault_Data_5_Phase_a_5_5_80,TT_s5.0_pA_l80,faulty,1,5.0,A,80,80,7.2,,fault,183000,0.0229998882859945
6129,TT_fault_Data_5_Phase_a_5_5_80,TT_s5.0_pA_l80,faulty,1,5.0,A,80,80,7.2,,fault,185000,0.0229998882859945
6131,TT_fault_Data_5_Phase_a_5_5_80,TT_s5.0_pA_l80,faulty,1,5.0,A,80,80,7.2,,fault,186000,0.0229998882859945
6132,TT_fault_Data_5_Phase_a_5_5_80,TT_s5.0_pA_l80,faulty,1,5.0,A,80,80,7.2,,fault,186500,0.0229998882859945
6133,TT_fault_Data_5_Phase_a_5_5_80,TT_s5.0_pA_l80,faulty,1,5.0,A,80,80,7.2,,fault,187000,0.0229998882859945
6134,TT_fault_Data_5_Phase_a_5_5_80,TT_s5.0_pA_l80,faulty,1,5.0,A,80,80,7.2,,fault,187500,0.0229998882859945
6135,TT_fault_Data_5_Phase_a_5_5_80,TT_s5.0_pA_l80,faulty,1,5.0,A,80,80,7.2,,fault,188000,0.0229998882859945
6137,TT_fault_Data_5_Phase_a_5_5_80,TT_s5.0_pA_l80,faulty,1,5.0,A,80,80,7.2,,fault,189000,0.0229998882859945
6140,TT_fault_Data_5_Phase_a_5_5_80,TT_s5.0_pA_l80,faulty,1,5.0,A,80,80,7.2,,fault,190500,0.0229998882859945
6143,TT_fault_Data_5_Phase_a_5_5_80,TT_s5.0_pA_l80,faulty,1,5.0,A,80,80,7.2,,fault,192000,0.0229998882859945
6145,TT_fault_Data_5_Phase_a_5_5_80,TT_s5.0_pA_l80,faulty,1,5.0,A,80,80,7.2,,fault,193000,0.0229998882859945
6146,TT_fault_Data_5_Phase_a_5_5_80,TT_s5.0_pA_l80,faulty,1,5.0,A,80,80,7.2,,fault,193500,0.0229998882859945
6157,TT_fault_Data_5_Phase_a_5_5_NL,TT_s5.0_pA_lNL,healthy,0,0.0,,NL,0,7.2,,prefault,88000,0.0047410931438207
6159,TT_fault_Data_5_Phase_a_5_5_NL,TT_s5.0_pA_lNL,healthy,0,0.0,,NL,0,7.2,,prefault,96000,0.0047410931438207
6165,TT_fault_Data_5_Phase_a_5_5_NL,TT_s5.0_pA_lNL,healthy,0,0.0,,NL,0,7.2,,prefault,120000,0.0047410931438207
6166,TT_fault_Data_5_Phase_a_5_5_NL,TT_s5.0_pA_lNL,healthy,0,0.0,,NL,0,7.2,,prefault,124000,0.0047410931438207
6177,TT_fault_Data_5_Phase_a_5_5_NL,TT_s5.0_pA_lNL,healthy,0,0.0,,NL,0,7.2,,prefault,168000,0.0047410931438207
6181,TT_fault_Data_5_Phase_a_5_5_NL,TT_s5.0_pA_lNL,faulty,1,5.0,A,NL,0,7.2,,fault,181000,0.0047410931438207
6183,TT_fault_Data_5_Phase_a_5_5_NL,TT_s5.0_pA_lNL,faulty,1,5.0,A,NL,0,7.2,,fault,182000,0.0047410931438207
6185,TT_fault_Data_5_Phase_a_5_5_NL,TT_s5.0_pA_lNL,faulty,1,5.0,A,NL,0,7.2,,fault,183000,0.0047410931438207
6188,TT_fault_Data_5_Phase_a_5_5_NL,TT_s5.0_pA_lNL,faulty,1,5.0,A,NL,0,7.2,,fault,184500,0.0047410931438207
6189,TT_fault_Data_5_Phase_a_5_5_NL,TT_s5.0_pA_lNL,faulty,1,5.0,A,NL,0,7.2,,fault,185000,0.0047410931438207
6190,TT_fault_Data_5_Phase_a_5_5_NL,TT_s5.0_pA_lNL,faulty,1,5.0,A,NL,0,7.2,,fault,185500,0.0047410931438207
6195,TT_fault_Data_5_Phase_a_5_5_NL,TT_s5.0_pA_lNL,faulty,1,5.0,A,NL,0,7.2,,fault,188000,0.0047410931438207
6196,TT_fault_Data_5_Phase_a_5_5_NL,TT_s5.0_pA_lNL,faulty,1,5.0,A,NL,0,7.2,,fault,188500,0.0047410931438207
6198,TT_fault_Data_5_Phase_a_5_5_NL,TT_s5.0_pA_lNL,faulty,1,5.0,A,NL,0,7.2,,fault,189500,0.0047410931438207
6213,TT_fault_Data_5_Phase_a_5_5_NL,TT_s5.0_pA_lNL,faulty,1,5.0,A,NL,0,7.2,,fault,197000,0.0047410931438207
6214,TT_fault_Data_5_Phase_a_5_5_NL,TT_s5.0_pA_lNL,faulty,1,5.0,A,NL,0,7.2,,fault,197500,0.0047410931438207
6269,TT_fault_Data_5_Phase_b_5_5_20,TT_s5.0_pB_l20,healthy,0,0.0,,20,20,7.2,,prefault,118000,0.0075961607508361
6271,TT_fault_Data_5_Phase_b_5_5_20,TT_s5.0_pB_l20,healthy,0,0.0,,20,20,7.2,,prefault,126000,0.0075961607508361
6277,TT_fault_Data_5_Phase_b_5_5_20,TT_s5.0_pB_l20,healthy,0,0.0,,20,20,7.2,,prefault,150000,0.0075961607508361
6278,TT_fault_Data_5_Phase_b_5_5_20,TT_s5.0_pB_l20,healthy,0,0.0,,20,20,7.2,,prefault,154000,0.0075961607508361
6289,TT_fault_Data_5_Phase_b_5_5_20,TT_s5.0_pB_l20,faulty,1,5.0,B,20,20,7.2,,fault,183000,0.0075961607508361
6293,TT_fault_Data_5_Phase_b_5_5_20,TT_s5.0_pB_l20,faulty,1,5.0,B,20,20,7.2,,fault,185000,0.0075961607508361
6295,TT_fault_Data_5_Phase_b_5_5_20,TT_s5.0_pB_l20,faulty,1,5.0,B,20,20,7.2,,fault,186000,0.0075961607508361
6296,TT_fault_Data_5_Phase_b_5_5_20,TT_s5.0_pB_l20,faulty,1,5.0,B,20,20,7.2,,fault,186500,0.0075961607508361
6297,TT_fault_Data_5_Phase_b_5_5_20,TT_s5.0_pB_l20,faulty,1,5.0,B,20,20,7.2,,fault,187000,0.0075961607508361
6298,TT_fault_Data_5_Phase_b_5_5_20,TT_s5.0_pB_l20,faulty,1,5.0,B,20,20,7.2,,fault,187500,0.0075961607508361
6299,TT_fault_Data_5_Phase_b_5_5_20,TT_s5.0_pB_l20,faulty,1,5.0,B,20,20,7.2,,fault,188000,0.0075961607508361
6301,TT_fault_Data_5_Phase_b_5_5_20,TT_s5.0_pB_l20,faulty,1,5.0,B,20,20,7.2,,fault,189000,0.0075961607508361
6304,TT_fault_Data_5_Phase_b_5_5_20,TT_s5.0_pB_l20,faulty,1,5.0,B,20,20,7.2,,fault,190500,0.0075961607508361
6307,TT_fault_Data_5_Phase_b_5_5_20,TT_s5.0_pB_l20,faulty,1,5.0,B,20,20,7.2,,fault,192000,0.0075961607508361
6309,TT_fault_Data_5_Phase_b_5_5_20,TT_s5.0_pB_l20,faulty,1,5.0,B,20,20,7.2,,fault,193000,0.0075961607508361
6310,TT_fault_Data_5_Phase_b_5_5_20,TT_s5.0_pB_l20,faulty,1,5.0,B,20,20,7.2,,fault,193500,0.0075961607508361
6321,TT_fault_Data_5_Phase_b_5_5_40,TT_s5.0_pB_l40,healthy,0,0.0,,40,40,7.2,,prefault,118000,0.0125318504869937
6323,TT_fault_Data_5_Phase_b_5_5_40,TT_s5.0_pB_l40,healthy,0,0.0,,40,40,7.2,,prefault,126000,0.0125318504869937
6329,TT_fault_Data_5_Phase_b_5_5_40,TT_s5.0_pB_l40,healthy,0,0.0,,40,40,7.2,,prefault,150000,0.0125318504869937
6330,TT_fault_Data_5_Phase_b_5_5_40,TT_s5.0_pB_l40,healthy,0,0.0,,40,40,7.2,,prefault,154000,0.0125318504869937
6341,TT_fault_Data_5_Phase_b_5_5_40,TT_s5.0_pB_l40,faulty,1,5.0,B,40,40,7.2,,fault,183000,0.0125318504869937
6345,TT_fault_Data_5_Phase_b_5_5_40,TT_s5.0_pB_l40,faulty,1,5.0,B,40,40,7.2,,fault,185000,0.0125318504869937
6347,TT_fault_Data_5_Phase_b_5_5_40,TT_s5.0_pB_l40,faulty,1,5.0,B,40,40,7.2,,fault,186000,0.0125318504869937
6348,TT_fault_Data_5_Phase_b_5_5_40,TT_s5.0_pB_l40,faulty,1,5.0,B,40,40,7.2,,fault,186500,0.0125318504869937
6349,TT_fault_Data_5_Phase_b_5_5_40,TT_s5.0_pB_l40,faulty,1,5.0,B,40,40,7.2,,fault,187000,0.0125318504869937
6350,TT_fault_Data_5_Phase_b_5_5_40,TT_s5.0_pB_l40,faulty,1,5.0,B,40,40,7.2,,fault,187500,0.0125318504869937
6351,TT_fault_Data_5_Phase_b_5_5_40,TT_s5.0_pB_l40,faulty,1,5.0,B,40,40,7.2,,fault,188000,0.0125318504869937
6353,TT_fault_Data_5_Phase_b_5_5_40,TT_s5.0_pB_l40,faulty,1,5.0,B,40,40,7.2,,fault,189000,0.0125318504869937
6356,TT_fault_Data_5_Phase_b_5_5_40,TT_s5.0_pB_l40,faulty,1,5.0,B,40,40,7.2,,fault,190500,0.0125318504869937
6359,TT_fault_Data_5_Phase_b_5_5_40,TT_s5.0_pB_l40,faulty,1,5.0,B,40,40,7.2,,fault,192000,0.0125318504869937
6361,TT_fault_Data_5_Phase_b_5_5_40,TT_s5.0_pB_l40,faulty,1,5.0,B,40,40,7.2,,fault,193000,0.0125318504869937
6362,TT_fault_Data_5_Phase_b_5_5_40,TT_s5.0_pB_l40,faulty,1,5.0,B,40,40,7.2,,fault,193500,0.0125318504869937
6373,TT_fault_Data_5_Phase_b_5_5_60,TT_s5.0_pB_l60,healthy,0,0.0,,60,60,7.2,,prefault,118000,0.0177638195455074
6375,TT_fault_Data_5_Phase_b_5_5_60,TT_s5.0_pB_l60,healthy,0,0.0,,60,60,7.2,,prefault,126000,0.0177638195455074
6381,TT_fault_Data_5_Phase_b_5_5_60,TT_s5.0_pB_l60,healthy,0,0.0,,60,60,7.2,,prefault,150000,0.0177638195455074
6382,TT_fault_Data_5_Phase_b_5_5_60,TT_s5.0_pB_l60,healthy,0,0.0,,60,60,7.2,,prefault,154000,0.0177638195455074
6393,TT_fault_Data_5_Phase_b_5_5_60,TT_s5.0_pB_l60,faulty,1,5.0,B,60,60,7.2,,fault,183000,0.0177638195455074
6397,TT_fault_Data_5_Phase_b_5_5_60,TT_s5.0_pB_l60,faulty,1,5.0,B,60,60,7.2,,fault,185000,0.0177638195455074
6399,TT_fault_Data_5_Phase_b_5_5_60,TT_s5.0_pB_l60,faulty,1,5.0,B,60,60,7.2,,fault,186000,0.0177638195455074
6400,TT_fault_Data_5_Phase_b_5_5_60,TT_s5.0_pB_l60,faulty,1,5.0,B,60,60,7.2,,fault,186500,0.0177638195455074
6401,TT_fault_Data_5_Phase_b_5_5_60,TT_s5.0_pB_l60,faulty,1,5.0,B,60,60,7.2,,fault,187000,0.0177638195455074
6402,TT_fault_Data_5_Phase_b_5_5_60,TT_s5.0_pB_l60,faulty,1,5.0,B,60,60,7.2,,fault,187500,0.0177638195455074
6403,TT_fault_Data_5_Phase_b_5_5_60,TT_s5.0_pB_l60,faulty,1,5.0,B,60,60,7.2,,fault,188000,0.0177638195455074
6405,TT_fault_Data_5_Phase_b_5_5_60,TT_s5.0_pB_l60,faulty,1,5.0,B,60,60,7.2,,fault,189000,0.0177638195455074
6408,TT_fault_Data_5_Phase_b_5_5_60,TT_s5.0_pB_l60,faulty,1,5.0,B,60,60,7.2,,fault,190500,0.0177638195455074
6411,TT_fault_Data_5_Phase_b_5_5_60,TT_s5.0_pB_l60,faulty,1,5.0,B,60,60,7.2,,fault,192000,0.0177638195455074
6413,TT_fault_Data_5_Phase_b_5_5_60,TT_s5.0_pB_l60,faulty,1,5.0,B,60,60,7.2,,fault,193000,0.0177638195455074
6414,TT_fault_Data_5_Phase_b_5_5_60,TT_s5.0_pB_l60,faulty,1,5.0,B,60,60,7.2,,fault,193500,0.0177638195455074
6425,TT_fault_Data_5_Phase_b_5_5_80,TT_s5.0_pB_l80,healthy,0,0.0,,80,80,7.2,,prefault,118000,0.0229994840919971
6427,TT_fault_Data_5_Phase_b_5_5_80,TT_s5.0_pB_l80,healthy,0,0.0,,80,80,7.2,,prefault,126000,0.0229994840919971
6433,TT_fault_Data_5_Phase_b_5_5_80,TT_s5.0_pB_l80,healthy,0,0.0,,80,80,7.2,,prefault,150000,0.0229994840919971
6434,TT_fault_Data_5_Phase_b_5_5_80,TT_s5.0_pB_l80,healthy,0,0.0,,80,80,7.2,,prefault,154000,0.0229994840919971
6445,TT_fault_Data_5_Phase_b_5_5_80,TT_s5.0_pB_l80,faulty,1,5.0,B,80,80,7.2,,fault,183000,0.0229994840919971
6449,TT_fault_Data_5_Phase_b_5_5_80,TT_s5.0_pB_l80,faulty,1,5.0,B,80,80,7.2,,fault,185000,0.0229994840919971
6451,TT_fault_Data_5_Phase_b_5_5_80,TT_s5.0_pB_l80,faulty,1,5.0,B,80,80,7.2,,fault,186000,0.0229994840919971
6452,TT_fault_Data_5_Phase_b_5_5_80,TT_s5.0_pB_l80,faulty,1,5.0,B,80,80,7.2,,fault,186500,0.0229994840919971
6453,TT_fault_Data_5_Phase_b_5_5_80,TT_s5.0_pB_l80,faulty,1,5.0,B,80,80,7.2,,fault,187000,0.0229994840919971
6454,TT_fault_Data_5_Phase_b_5_5_80,TT_s5.0_pB_l80,faulty,1,5.0,B,80,80,7.2,,fault,187500,0.0229994840919971
6455,TT_fault_Data_5_Phase_b_5_5_80,TT_s5.0_pB_l80,faulty,1,5.0,B,80,80,7.2,,fault,188000,0.0229994840919971
6457,TT_fault_Data_5_Phase_b_5_5_80,TT_s5.0_pB_l80,faulty,1,5.0,B,80,80,7.2,,fault,189000,0.0229994840919971
6460,TT_fault_Data_5_Phase_b_5_5_80,TT_s5.0_pB_l80,faulty,1,5.0,B,80,80,7.2,,fault,190500,0.0229994840919971
6463,TT_fault_Data_5_Phase_b_5_5_80,TT_s5.0_pB_l80,faulty,1,5.0,B,80,80,7.2,,fault,192000,0.0229994840919971
6465,TT_fault_Data_5_Phase_b_5_5_80,TT_s5.0_pB_l80,faulty,1,5.0,B,80,80,7.2,,fault,193000,0.0229994840919971
6466,TT_fault_Data_5_Phase_b_5_5_80,TT_s5.0_pB_l80,faulty,1,5.0,B,80,80,7.2,,fault,193500,0.0229994840919971
6477,TT_fault_Data_5_Phase_b_5_5_NL,TT_s5.0_pB_lNL,healthy,0,0.0,,NL,0,7.2,,prefault,88000,0.0047410931438207
6479,TT_fault_Data_5_Phase_b_5_5_NL,TT_s5.0_pB_lNL,healthy,0,0.0,,NL,0,7.2,,prefault,96000,0.0047410931438207
6485,TT_fault_Data_5_Phase_b_5_5_NL,TT_s5.0_pB_lNL,healthy,0,0.0,,NL,0,7.2,,prefault,120000,0.0047410931438207
6486,TT_fault_Data_5_Phase_b_5_5_NL,TT_s5.0_pB_lNL,healthy,0,0.0,,NL,0,7.2,,prefault,124000,0.0047410931438207
6497,TT_fault_Data_5_Phase_b_5_5_NL,TT_s5.0_pB_lNL,healthy,0,0.0,,NL,0,7.2,,prefault,168000,0.0047410931438207
6501,TT_fault_Data_5_Phase_b_5_5_NL,TT_s5.0_pB_lNL,faulty,1,5.0,B,NL,0,7.2,,fault,181000,0.0047410931438207
6503,TT_fault_Data_5_Phase_b_5_5_NL,TT_s5.0_pB_lNL,faulty,1,5.0,B,NL,0,7.2,,fault,182000,0.0047410931438207
6505,TT_fault_Data_5_Phase_b_5_5_NL,TT_s5.0_pB_lNL,faulty,1,5.0,B,NL,0,7.2,,fault,183000,0.0047410931438207
6508,TT_fault_Data_5_Phase_b_5_5_NL,TT_s5.0_pB_lNL,faulty,1,5.0,B,NL,0,7.2,,fault,184500,0.0047410931438207
6509,TT_fault_Data_5_Phase_b_5_5_NL,TT_s5.0_pB_lNL,faulty,1,5.0,B,NL,0,7.2,,fault,185000,0.0047410931438207
6510,TT_fault_Data_5_Phase_b_5_5_NL,TT_s5.0_pB_lNL,faulty,1,5.0,B,NL,0,7.2,,fault,185500,0.0047410931438207
6515,TT_fault_Data_5_Phase_b_5_5_NL,TT_s5.0_pB_lNL,faulty,1,5.0,B,NL,0,7.2,,fault,188000,0.0047410931438207
6516,TT_fault_Data_5_Phase_b_5_5_NL,TT_s5.0_pB_lNL,faulty,1,5.0,B,NL,0,7.2,,fault,188500,0.0047410931438207
6518,TT_fault_Data_5_Phase_b_5_5_NL,TT_s5.0_pB_lNL,faulty,1,5.0,B,NL,0,7.2,,fault,189500,0.0047410931438207
6533,TT_fault_Data_5_Phase_b_5_5_NL,TT_s5.0_pB_lNL,faulty,1,5.0,B,NL,0,7.2,,fault,197000,0.0047410931438207
6534,TT_fault_Data_5_Phase_b_5_5_NL,TT_s5.0_pB_lNL,faulty,1,5.0,B,NL,0,7.2,,fault,197500,0.0047410931438207
6589,TT_fault_Data_5_Phase_c_5_5_20,TT_s5.0_pC_l20,healthy,0,0.0,,20,20,7.2,,prefault,118000,0.0075961616821587
6591,TT_fault_Data_5_Phase_c_5_5_20,TT_s5.0_pC_l20,healthy,0,0.0,,20,20,7.2,,prefault,126000,0.0075961616821587
6597,TT_fault_Data_5_Phase_c_5_5_20,TT_s5.0_pC_l20,healthy,0,0.0,,20,20,7.2,,prefault,150000,0.0075961616821587
6598,TT_fault_Data_5_Phase_c_5_5_20,TT_s5.0_pC_l20,healthy,0,0.0,,20,20,7.2,,prefault,154000,0.0075961616821587
6609,TT_fault_Data_5_Phase_c_5_5_20,TT_s5.0_pC_l20,faulty,1,5.0,C,20,20,7.2,,fault,183000,0.0075961616821587
6613,TT_fault_Data_5_Phase_c_5_5_20,TT_s5.0_pC_l20,faulty,1,5.0,C,20,20,7.2,,fault,185000,0.0075961616821587
6615,TT_fault_Data_5_Phase_c_5_5_20,TT_s5.0_pC_l20,faulty,1,5.0,C,20,20,7.2,,fault,186000,0.0075961616821587
6616,TT_fault_Data_5_Phase_c_5_5_20,TT_s5.0_pC_l20,faulty,1,5.0,C,20,20,7.2,,fault,186500,0.0075961616821587
6617,TT_fault_Data_5_Phase_c_5_5_20,TT_s5.0_pC_l20,faulty,1,5.0,C,20,20,7.2,,fault,187000,0.0075961616821587
6618,TT_fault_Data_5_Phase_c_5_5_20,TT_s5.0_pC_l20,faulty,1,5.0,C,20,20,7.2,,fault,187500,0.0075961616821587
6619,TT_fault_Data_5_Phase_c_5_5_20,TT_s5.0_pC_l20,faulty,1,5.0,C,20,20,7.2,,fault,188000,0.0075961616821587
6621,TT_fault_Data_5_Phase_c_5_5_20,TT_s5.0_pC_l20,faulty,1,5.0,C,20,20,7.2,,fault,189000,0.0075961616821587
6624,TT_fault_Data_5_Phase_c_5_5_20,TT_s5.0_pC_l20,faulty,1,5.0,C,20,20,7.2,,fault,190500,0.0075961616821587
6627,TT_fault_Data_5_Phase_c_5_5_20,TT_s5.0_pC_l20,faulty,1,5.0,C,20,20,7.2,,fault,192000,0.0075961616821587
6629,TT_fault_Data_5_Phase_c_5_5_20,TT_s5.0_pC_l20,faulty,1,5.0,C,20,20,7.2,,fault,193000,0.0075961616821587
6630,TT_fault_Data_5_Phase_c_5_5_20,TT_s5.0_pC_l20,faulty,1,5.0,C,20,20,7.2,,fault,193500,0.0075961616821587
6641,TT_fault_Data_5_Phase_c_5_5_40,TT_s5.0_pC_l40,healthy,0,0.0,,40,40,7.2,,prefault,118000,0.0125318504869937
6643,TT_fault_Data_5_Phase_c_5_5_40,TT_s5.0_pC_l40,healthy,0,0.0,,40,40,7.2,,prefault,126000,0.0125318504869937
6649,TT_fault_Data_5_Phase_c_5_5_40,TT_s5.0_pC_l40,healthy,0,0.0,,40,40,7.2,,prefault,150000,0.0125318504869937
6650,TT_fault_Data_5_Phase_c_5_5_40,TT_s5.0_pC_l40,healthy,0,0.0,,40,40,7.2,,prefault,154000,0.0125318504869937
6661,TT_fault_Data_5_Phase_c_5_5_40,TT_s5.0_pC_l40,faulty,1,5.0,C,40,40,7.2,,fault,183000,0.0125318504869937
6665,TT_fault_Data_5_Phase_c_5_5_40,TT_s5.0_pC_l40,faulty,1,5.0,C,40,40,7.2,,fault,185000,0.0125318504869937
6667,TT_fault_Data_5_Phase_c_5_5_40,TT_s5.0_pC_l40,faulty,1,5.0,C,40,40,7.2,,fault,186000,0.0125318504869937
6668,TT_fault_Data_5_Phase_c_5_5_40,TT_s5.0_pC_l40,faulty,1,5.0,C,40,40,7.2,,fault,186500,0.0125318504869937
6669,TT_fault_Data_5_Phase_c_5_5_40,TT_s5.0_pC_l40,faulty,1,5.0,C,40,40,7.2,,fault,187000,0.0125318504869937
6670,TT_fault_Data_5_Phase_c_5_5_40,TT_s5.0_pC_l40,faulty,1,5.0,C,40,40,7.2,,fault,187500,0.0125318504869937
6671,TT_fault_Data_5_Phase_c_5_5_40,TT_s5.0_pC_l40,faulty,1,5.0,C,40,40,7.2,,fault,188000,0.0125318504869937
6673,TT_fault_Data_5_Phase_c_5_5_40,TT_s5.0_pC_l40,faulty,1,5.0,C,40,40,7.2,,fault,189000,0.0125318504869937
6676,TT_fault_Data_5_Phase_c_5_5_40,TT_s5.0_pC_l40,faulty,1,5.0,C,40,40,7.2,,fault,190500,0.0125318504869937
6679,TT_fault_Data_5_Phase_c_5_5_40,TT_s5.0_pC_l40,faulty,1,5.0,C,40,40,7.2,,fault,192000,0.0125318504869937
6681,TT_fault_Data_5_Phase_c_5_5_40,TT_s5.0_pC_l40,faulty,1,5.0,C,40,40,7.2,,fault,193000,0.0125318504869937
6682,TT_fault_Data_5_Phase_c_5_5_40,TT_s5.0_pC_l40,faulty,1,5.0,C,40,40,7.2,,fault,193500,0.0125318504869937
6693,TT_fault_Data_5_Phase_c_5_5_60,TT_s5.0_pC_l60,healthy,0,0.0,,60,60,7.2,,prefault,118000,0.0177638214081525
6695,TT_fault_Data_5_Phase_c_5_5_60,TT_s5.0_pC_l60,healthy,0,0.0,,60,60,7.2,,prefault,126000,0.0177638214081525
6701,TT_fault_Data_5_Phase_c_5_5_60,TT_s5.0_pC_l60,healthy,0,0.0,,60,60,7.2,,prefault,150000,0.0177638214081525
6702,TT_fault_Data_5_Phase_c_5_5_60,TT_s5.0_pC_l60,healthy,0,0.0,,60,60,7.2,,prefault,154000,0.0177638214081525
6713,TT_fault_Data_5_Phase_c_5_5_60,TT_s5.0_pC_l60,faulty,1,5.0,C,60,60,7.2,,fault,183000,0.0177638214081525
6717,TT_fault_Data_5_Phase_c_5_5_60,TT_s5.0_pC_l60,faulty,1,5.0,C,60,60,7.2,,fault,185000,0.0177638214081525
6719,TT_fault_Data_5_Phase_c_5_5_60,TT_s5.0_pC_l60,faulty,1,5.0,C,60,60,7.2,,fault,186000,0.0177638214081525
6720,TT_fault_Data_5_Phase_c_5_5_60,TT_s5.0_pC_l60,faulty,1,5.0,C,60,60,7.2,,fault,186500,0.0177638214081525
6721,TT_fault_Data_5_Phase_c_5_5_60,TT_s5.0_pC_l60,faulty,1,5.0,C,60,60,7.2,,fault,187000,0.0177638214081525
6722,TT_fault_Data_5_Phase_c_5_5_60,TT_s5.0_pC_l60,faulty,1,5.0,C,60,60,7.2,,fault,187500,0.0177638214081525
6723,TT_fault_Data_5_Phase_c_5_5_60,TT_s5.0_pC_l60,faulty,1,5.0,C,60,60,7.2,,fault,188000,0.0177638214081525
6725,TT_fault_Data_5_Phase_c_5_5_60,TT_s5.0_pC_l60,faulty,1,5.0,C,60,60,7.2,,fault,189000,0.0177638214081525
6728,TT_fault_Data_5_Phase_c_5_5_60,TT_s5.0_pC_l60,faulty,1,5.0,C,60,60,7.2,,fault,190500,0.0177638214081525
6731,TT_fault_Data_5_Phase_c_5_5_60,TT_s5.0_pC_l60,faulty,1,5.0,C,60,60,7.2,,fault,192000,0.0177638214081525
6733,TT_fault_Data_5_Phase_c_5_5_60,TT_s5.0_pC_l60,faulty,1,5.0,C,60,60,7.2,,fault,193000,0.0177638214081525
6734,TT_fault_Data_5_Phase_c_5_5_60,TT_s5.0_pC_l60,faulty,1,5.0,C,60,60,7.2,,fault,193500,0.0177638214081525
6745,TT_fault_Data_5_Phase_c_5_5_80,TT_s5.0_pC_l80,healthy,0,0.0,,80,80,7.2,,prefault,118000,0.0229994822293519
6747,TT_fault_Data_5_Phase_c_5_5_80,TT_s5.0_pC_l80,healthy,0,0.0,,80,80,7.2,,prefault,126000,0.0229994822293519
6753,TT_fault_Data_5_Phase_c_5_5_80,TT_s5.0_pC_l80,healthy,0,0.0,,80,80,7.2,,prefault,150000,0.0229994822293519
6754,TT_fault_Data_5_Phase_c_5_5_80,TT_s5.0_pC_l80,healthy,0,0.0,,80,80,7.2,,prefault,154000,0.0229994822293519
6765,TT_fault_Data_5_Phase_c_5_5_80,TT_s5.0_pC_l80,faulty,1,5.0,C,80,80,7.2,,fault,183000,0.0229994822293519
6769,TT_fault_Data_5_Phase_c_5_5_80,TT_s5.0_pC_l80,faulty,1,5.0,C,80,80,7.2,,fault,185000,0.0229994822293519
6771,TT_fault_Data_5_Phase_c_5_5_80,TT_s5.0_pC_l80,faulty,1,5.0,C,80,80,7.2,,fault,186000,0.0229994822293519
6772,TT_fault_Data_5_Phase_c_5_5_80,TT_s5.0_pC_l80,faulty,1,5.0,C,80,80,7.2,,fault,186500,0.0229994822293519
6773,TT_fault_Data_5_Phase_c_5_5_80,TT_s5.0_pC_l80,faulty,1,5.0,C,80,80,7.2,,fault,187000,0.0229994822293519
6774,TT_fault_Data_5_Phase_c_5_5_80,TT_s5.0_pC_l80,faulty,1,5.0,C,80,80,7.2,,fault,187500,0.0229994822293519
6775,TT_fault_Data_5_Phase_c_5_5_80,TT_s5.0_pC_l80,faulty,1,5.0,C,80,80,7.2,,fault,188000,0.0229994822293519
6777,TT_fault_Data_5_Phase_c_5_5_80,TT_s5.0_pC_l80,faulty,1,5.0,C,80,80,7.2,,fault,189000,0.0229994822293519
6780,TT_fault_Data_5_Phase_c_5_5_80,TT_s5.0_pC_l80,faulty,1,5.0,C,80,80,7.2,,fault,190500,0.0229994822293519
6783,TT_fault_Data_5_Phase_c_5_5_80,TT_s5.0_pC_l80,faulty,1,5.0,C,80,80,7.2,,fault,192000,0.0229994822293519
6785,TT_fault_Data_5_Phase_c_5_5_80,TT_s5.0_pC_l80,faulty,1,5.0,C,80,80,7.2,,fault,193000,0.0229994822293519
6786,TT_fault_Data_5_Phase_c_5_5_80,TT_s5.0_pC_l80,faulty,1,5.0,C,80,80,7.2,,fault,193500,0.0229994822293519
6797,TT_fault_Data_5_Phase_c_5_5_NL,TT_s5.0_pC_lNL,healthy,0,0.0,,NL,0,7.2,,prefault,88000,0.0047416212037205
6799,TT_fault_Data_5_Phase_c_5_5_NL,TT_s5.0_pC_lNL,healthy,0,0.0,,NL,0,7.2,,prefault,96000,0.0047416212037205
6805,TT_fault_Data_5_Phase_c_5_5_NL,TT_s5.0_pC_lNL,healthy,0,0.0,,NL,0,7.2,,prefault,120000,0.0047416212037205
6806,TT_fault_Data_5_Phase_c_5_5_NL,TT_s5.0_pC_lNL,healthy,0,0.0,,NL,0,7.2,,prefault,124000,0.0047416212037205
6817,TT_fault_Data_5_Phase_c_5_5_NL,TT_s5.0_pC_lNL,healthy,0,0.0,,NL,0,7.2,,prefault,168000,0.0047416212037205
6821,TT_fault_Data_5_Phase_c_5_5_NL,TT_s5.0_pC_lNL,faulty,1,5.0,C,NL,0,7.2,,fault,181000,0.0047416212037205
6823,TT_fault_Data_5_Phase_c_5_5_NL,TT_s5.0_pC_lNL,faulty,1,5.0,C,NL,0,7.2,,fault,182000,0.0047416212037205
6825,TT_fault_Data_5_Phase_c_5_5_NL,TT_s5.0_pC_lNL,faulty,1,5.0,C,NL,0,7.2,,fault,183000,0.0047416212037205
6828,TT_fault_Data_5_Phase_c_5_5_NL,TT_s5.0_pC_lNL,faulty,1,5.0,C,NL,0,7.2,,fault,184500,0.0047416212037205
6829,TT_fault_Data_5_Phase_c_5_5_NL,TT_s5.0_pC_lNL,faulty,1,5.0,C,NL,0,7.2,,fault,185000,0.0047416212037205
6830,TT_fault_Data_5_Phase_c_5_5_NL,TT_s5.0_pC_lNL,faulty,1,5.0,C,NL,0,7.2,,fault,185500,0.0047416212037205
6835,TT_fault_Data_5_Phase_c_5_5_NL,TT_s5.0_pC_lNL,faulty,1,5.0,C,NL,0,7.2,,fault,188000,0.0047416212037205
6836,TT_fault_Data_5_Phase_c_5_5_NL,TT_s5.0_pC_lNL,faulty,1,5.0,C,NL,0,7.2,,fault,188500,0.0047416212037205
6838,TT_fault_Data_5_Phase_c_5_5_NL,TT_s5.0_pC_lNL,faulty,1,5.0,C,NL,0,7.2,,fault,189500,0.0047416212037205
6853,TT_fault_Data_5_Phase_c_5_5_NL,TT_s5.0_pC_lNL,faulty,1,5.0,C,NL,0,7.2,,fault,197000,0.0047416212037205
6854,TT_fault_Data_5_Phase_c_5_5_NL,TT_s5.0_pC_lNL,faulty,1,5.0,C,NL,0,7.2,,fault,197500,0.0047416212037205
6870,TT_fault_Data_Extra_TT_Fault_Cases_0_3_Phase_a_0_3_0_3_NL_fault_at_10_7_22,TT_s0.3_pA_lNL,healthy,0,0.0,,NL,0,7.22,10.0,prefault,140000,0.0047410288825631
6898,TT_fault_Data_Extra_TT_Fault_Cases_0_3_Phase_a_0_3_0_3_NL_fault_at_10_7_22,TT_s0.3_pA_lNL,faulty,1,0.3,A,NL,0,7.22,10.0,fault,190000,0.0047410288825631
6937,TT_fault_Data_Extra_TT_Fault_Cases_0_3_Phase_a_0_3_0_3_NL_fault_at_1_7_202,TT_s0.3_pA_lNL,healthy,0,0.0,,NL,0,7.202,1.0,prefault,168000,0.0047410288825631
6954,TT_fault_Data_Extra_TT_Fault_Cases_0_3_Phase_a_0_3_0_3_NL_fault_at_1_7_202,TT_s0.3_pA_lNL,faulty,1,0.3,A,NL,0,7.202,1.0,fault,187550,0.0047410288825631
6957,TT_fault_Data_Extra_TT_Fault_Cases_0_3_Phase_a_0_3_0_3_NL_fault_at_1_7_202,TT_s0.3_pA_lNL,faulty,1,0.3,A,NL,0,7.202,1.0,fault,189050,0.0047410288825631
7093,TT_fault_Data_Extra_TT_Fault_Cases_0_3_Phase_a_0_3_0_3_NL_fault_at_3_7_206,TT_s0.3_pA_lNL,faulty,1,0.3,A,NL,0,7.206,3.0,fault,197150,0.0047410321421921
7247,TT_fault_Data_Extra_TT_Fault_Cases_0_3_Phase_a_0_3_0_3_NL_fault_at_6_7_212,TT_s0.3_pA_lNL,faulty,1,0.3,A,NL,0,7.212,6.0,fault,184300,0.0047410330735147
7269,TT_fault_Data_Extra_TT_Fault_Cases_0_3_Phase_a_0_3_0_3_NL_fault_at_6_7_212,TT_s0.3_pA_lNL,faulty,1,0.3,A,NL,0,7.212,6.0,fault,195300,0.0047410330735147
7321,TT_fault_Data_Extra_TT_Fault_Cases_0_3_Phase_a_0_3_0_3_NL_fault_at_7_7_214,TT_s0.3_pA_lNL,faulty,1,0.3,A,NL,0,7.214,7.0,fault,191350,0.0047410330735147
7336,TT_fault_Data_Extra_TT_Fault_Cases_0_3_Phase_a_0_3_0_3_NL_fault_at_8_7_216,TT_s0.3_pA_lNL,healthy,0,0.0,,NL,0,7.216,8.0,prefault,84000,0.0047410316765308
7342,TT_fault_Data_Extra_TT_Fault_Cases_0_3_Phase_a_0_3_0_3_NL_fault_at_8_7_216,TT_s0.3_pA_lNL,healthy,0,0.0,,NL,0,7.216,8.0,prefault,108000,0.0047410316765308
7369,TT_fault_Data_Extra_TT_Fault_Cases_0_3_Phase_a_0_3_0_3_NL_fault_at_8_7_216,TT_s0.3_pA_lNL,faulty,1,0.3,A,NL,0,7.216,8.0,fault,185400,0.0047410316765308
7387,TT_fault_Data_Extra_TT_Fault_Cases_0_3_Phase_a_0_3_0_3_NL_fault_at_8_7_216,TT_s0.3_pA_lNL,faulty,1,0.3,A,NL,0,7.216,8.0,fault,194400,0.0047410316765308
7415,TT_fault_Data_Extra_TT_Fault_Cases_0_3_Phase_a_0_3_0_3_NL_fault_at_9_7_218,TT_s0.3_pA_lNL,healthy,0,0.0,,NL,0,7.218,9.0,prefault,160000,0.0047410307452082
7421,TT_fault_Data_Extra_TT_Fault_Cases_0_3_Phase_a_0_3_0_3_NL_fault_at_9_7_218,TT_s0.3_pA_lNL,faulty,1,0.3,A,NL,0,7.218,9.0,fault,181450,0.0047410307452082
7470,TT_fault_Data_Extra_TT_Fault_Cases_0_3_Phase_b_0_3_0_3_NL_fault_at_10_7_22,TT_s0.3_pB_lNL,healthy,0,0.0,,NL,0,7.22,10.0,prefault,140000,0.0047410288825631
7498,TT_fault_Data_Extra_TT_Fault_Cases_0_3_Phase_b_0_3_0_3_NL_fault_at_10_7_22,TT_s0.3_pB_lNL,faulty,1,0.3,B,NL,0,7.22,10.0,fault,190000,0.0047410288825631
7537,TT_fault_Data_Extra_TT_Fault_Cases_0_3_Phase_b_0_3_0_3_NL_fault_at_1_7_202,TT_s0.3_pB_lNL,healthy,0,0.0,,NL,0,7.202,1.0,prefault,168000,0.0047410288825631
7554,TT_fault_Data_Extra_TT_Fault_Cases_0_3_Phase_b_0_3_0_3_NL_fault_at_1_7_202,TT_s0.3_pB_lNL,faulty,1,0.3,B,NL,0,7.202,1.0,fault,187550,0.0047410288825631
7557,TT_fault_Data_Extra_TT_Fault_Cases_0_3_Phase_b_0_3_0_3_NL_fault_at_1_7_202,TT_s0.3_pB_lNL,faulty,1,0.3,B,NL,0,7.202,1.0,fault,189050,0.0047410288825631
7693,TT_fault_Data_Extra_TT_Fault_Cases_0_3_Phase_b_0_3_0_3_NL_fault_at_3_7_206,TT_s0.3_pB_lNL,faulty,1,0.3,B,NL,0,7.206,3.0,fault,197150,0.0047410321421921
7847,TT_fault_Data_Extra_TT_Fault_Cases_0_3_Phase_b_0_3_0_3_NL_fault_at_6_7_212,TT_s0.3_pB_lNL,faulty,1,0.3,B,NL,0,7.212,6.0,fault,184300,0.0047410330735147
7869,TT_fault_Data_Extra_TT_Fault_Cases_0_3_Phase_b_0_3_0_3_NL_fault_at_6_7_212,TT_s0.3_pB_lNL,faulty,1,0.3,B,NL,0,7.212,6.0,fault,195300,0.0047410330735147
7921,TT_fault_Data_Extra_TT_Fault_Cases_0_3_Phase_b_0_3_0_3_NL_fault_at_7_7_214,TT_s0.3_pB_lNL,faulty,1,0.3,B,NL,0,7.214,7.0,fault,191350,0.0047410330735147
7936,TT_fault_Data_Extra_TT_Fault_Cases_0_3_Phase_b_0_3_0_3_NL_fault_at_8_7_216,TT_s0.3_pB_lNL,healthy,0,0.0,,NL,0,7.216,8.0,prefault,84000,0.0047410316765308
7942,TT_fault_Data_Extra_TT_Fault_Cases_0_3_Phase_b_0_3_0_3_NL_fault_at_8_7_216,TT_s0.3_pB_lNL,healthy,0,0.0,,NL,0,7.216,8.0,prefault,108000,0.0047410316765308
7969,TT_fault_Data_Extra_TT_Fault_Cases_0_3_Phase_b_0_3_0_3_NL_fault_at_8_7_216,TT_s0.3_pB_lNL,faulty,1,0.3,B,NL,0,7.216,8.0,fault,185400,0.0047410316765308
7987,TT_fault_Data_Extra_TT_Fault_Cases_0_3_Phase_b_0_3_0_3_NL_fault_at_8_7_216,TT_s0.3_pB_lNL,faulty,1,0.3,B,NL,0,7.216,8.0,fault,194400,0.0047410316765308
8015,TT_fault_Data_Extra_TT_Fault_Cases_0_3_Phase_b_0_3_0_3_NL_fault_at_9_7_218,TT_s0.3_pB_lNL,healthy,0,0.0,,NL,0,7.218,9.0,prefault,160000,0.0047410307452082
8021,TT_fault_Data_Extra_TT_Fault_Cases_0_3_Phase_b_0_3_0_3_NL_fault_at_9_7_218,TT_s0.3_pB_lNL,faulty,1,0.3,B,NL,0,7.218,9.0,fault,181450,0.0047410307452082
8070,TT_fault_Data_Extra_TT_Fault_Cases_0_3_Phase_c_0_3_0_3_NL_fault_at_10_7_22,TT_s0.3_pC_lNL,healthy,0,0.0,,NL,0,7.22,10.0,prefault,140000,0.0047410288825631
8098,TT_fault_Data_Extra_TT_Fault_Cases_0_3_Phase_c_0_3_0_3_NL_fault_at_10_7_22,TT_s0.3_pC_lNL,faulty,1,0.3,C,NL,0,7.22,10.0,fault,190000,0.0047410288825631
8137,TT_fault_Data_Extra_TT_Fault_Cases_0_3_Phase_c_0_3_0_3_NL_fault_at_1_7_202,TT_s0.3_pC_lNL,healthy,0,0.0,,NL,0,7.202,1.0,prefault,168000,0.0047410288825631
8154,TT_fault_Data_Extra_TT_Fault_Cases_0_3_Phase_c_0_3_0_3_NL_fault_at_1_7_202,TT_s0.3_pC_lNL,faulty,1,0.3,C,NL,0,7.202,1.0,fault,187550,0.0047410288825631
8157,TT_fault_Data_Extra_TT_Fault_Cases_0_3_Phase_c_0_3_0_3_NL_fault_at_1_7_202,TT_s0.3_pC_lNL,faulty,1,0.3,C,NL,0,7.202,1.0,fault,189050,0.0047410288825631
8293,TT_fault_Data_Extra_TT_Fault_Cases_0_3_Phase_c_0_3_0_3_NL_fault_at_3_7_206,TT_s0.3_pC_lNL,faulty,1,0.3,C,NL,0,7.206,3.0,fault,197150,0.0047410321421921
8447,TT_fault_Data_Extra_TT_Fault_Cases_0_3_Phase_c_0_3_0_3_NL_fault_at_6_7_212,TT_s0.3_pC_lNL,faulty,1,0.3,C,NL,0,7.212,6.0,fault,184300,0.0047410330735147
8469,TT_fault_Data_Extra_TT_Fault_Cases_0_3_Phase_c_0_3_0_3_NL_fault_at_6_7_212,TT_s0.3_pC_lNL,faulty,1,0.3,C,NL,0,7.212,6.0,fault,195300,0.0047410330735147
8521,TT_fault_Data_Extra_TT_Fault_Cases_0_3_Phase_c_0_3_0_3_NL_fault_at_7_7_214,TT_s0.3_pC_lNL,faulty,1,0.3,C,NL,0,7.214,7.0,fault,191350,0.0047410330735147
8536,TT_fault_Data_Extra_TT_Fault_Cases_0_3_Phase_c_0_3_0_3_NL_fault_at_8_7_216,TT_s0.3_pC_lNL,healthy,0,0.0,,NL,0,7.216,8.0,prefault,84000,0.0047410316765308
8542,TT_fault_Data_Extra_TT_Fault_Cases_0_3_Phase_c_0_3_0_3_NL_fault_at_8_7_216,TT_s0.3_pC_lNL,healthy,0,0.0,,NL,0,7.216,8.0,prefault,108000,0.0047410316765308
8569,TT_fault_Data_Extra_TT_Fault_Cases_0_3_Phase_c_0_3_0_3_NL_fault_at_8_7_216,TT_s0.3_pC_lNL,faulty,1,0.3,C,NL,0,7.216,8.0,fault,185400,0.0047410316765308
8587,TT_fault_Data_Extra_TT_Fault_Cases_0_3_Phase_c_0_3_0_3_NL_fault_at_8_7_216,TT_s0.3_pC_lNL,faulty,1,0.3,C,NL,0,7.216,8.0,fault,194400,0.0047410316765308
8615,TT_fault_Data_Extra_TT_Fault_Cases_0_3_Phase_c_0_3_0_3_NL_fault_at_9_7_218,TT_s0.3_pC_lNL,healthy,0,0.0,,NL,0,7.218,9.0,prefault,160000,0.0047410307452082
8621,TT_fault_Data_Extra_TT_Fault_Cases_0_3_Phase_c_0_3_0_3_NL_fault_at_9_7_218,TT_s0.3_pC_lNL,faulty,1,0.3,C,NL,0,7.218,9.0,fault,181450,0.0047410307452082
8710,TT_fault_Data_Extra_TT_Fault_Cases_0_5_Phase_a_0_5_0_5_20_fault_at_1_7_202,TT_s0.5_pA_l20,healthy,0,0.0,,20,20,7.202,1.0,prefault,118000,0.0075964578427374
8735,TT_fault_Data_Extra_TT_Fault_Cases_0_5_Phase_a_0_5_0_5_20_fault_at_1_7_202,TT_s0.5_pA_l20,faulty,1,0.5,A,20,20,7.202,1.0,fault,185550,0.0075964578427374
8745,TT_fault_Data_Extra_TT_Fault_Cases_0_5_Phase_a_0_5_0_5_20_fault_at_1_7_202,TT_s0.5_pA_l20,faulty,1,0.5,A,20,20,7.202,1.0,fault,190550,0.0075964578427374
8775,TT_fault_Data_Extra_TT_Fault_Cases_0_5_Phase_a_0_5_0_5_20_fault_at_2_7_204,TT_s0.5_pA_l20,healthy,0,0.0,,20,20,7.204,2.0,prefault,170000,0.00759645877406
8778,TT_fault_Data_Extra_TT_Fault_Cases_0_5_Phase_a_0_5_0_5_20_fault_at_2_7_204,TT_s0.5_pA_l20,faulty,1,0.5,A,20,20,7.204,2.0,fault,181100,0.00759645877406
8827,TT_fault_Data_Extra_TT_Fault_Cases_0_5_Phase_a_0_5_0_5_20_fault_at_3_7_206,TT_s0.5_pA_l20,healthy,0,0.0,,20,20,7.206,3.0,prefault,170000,0.0075964597053825
8919,TT_fault_Data_Extra_TT_Fault_Cases_0_5_Phase_a_0_5_0_5_20_fault_at_5_7_210,TT_s0.5_pA_l20,healthy,0,0.0,,20,20,7.21,5.0,prefault,122000,0.0075964601710438
8995,TT_fault_Data_Extra_TT_Fault_Cases_0_5_Phase_a_0_5_0_5_20_fault_at_6_7_212,TT_s0.5_pA_l20,faulty,1,0.5,A,20,20,7.212,6.0,fault,185800,0.0075964592397212
8998,TT_fault_Data_Extra_TT_Fault_Cases_0_5_Phase_a_0_5_0_5_20_fault_at_6_7_212,TT_s0.5_pA_l20,faulty,1,0.5,A,20,20,7.212,6.0,fault,187300,0.0075964592397212
9018,TT_fault_Data_Extra_TT_Fault_Cases_0_5_Phase_a_0_5_0_5_20_fault_at_6_7_212,TT_s0.5_pA_l20,faulty,1,0.5,A,20,20,7.212,6.0,fault,197300,0.0075964592397212
9029,TT_fault_Data_Extra_TT_Fault_Cases_0_5_Phase_a_0_5_0_5_20_fault_at_7_7_214,TT_s0.5_pA_l20,healthy,0,0.0,,20,20,7.214,7.0,prefault,146000,0.0075964569114148
9038,TT_fault_Data_Extra_TT_Fault_Cases_0_5_Phase_a_0_5_0_5_20_fault_at_7_7_214,TT_s0.5_pA_l20,faulty,1,0.5,A,20,20,7.214,7.0,fault,181350,0.0075964569114148
9077,TT_fault_Data_Extra_TT_Fault_Cases_0_5_Phase_a_0_5_0_5_20_fault_at_8_7_216,TT_s0.5_pA_l20,healthy,0,0.0,,20,20,7.216,8.0,prefault,130000,0.0075964541174471
9087,TT_fault_Data_Extra_TT_Fault_Cases_0_5_Phase_a_0_5_0_5_20_fault_at_8_7_216,TT_s0.5_pA_l20,healthy,0,0.0,,20,20,7.216,8.0,prefault,170000,0.0075964541174471
9138,TT_fault_Data_Extra_TT_Fault_Cases_0_5_Phase_a_0_5_0_5_20_fault_at_9_7_218,TT_s0.5_pA_l20,healthy,0,0.0,,20,20,7.218,9.0,prefault,166000,0.0075964536517858
9159,TT_fault_Data_Extra_TT_Fault_Cases_0_5_Phase_a_0_5_0_5_20_fault_at_9_7_218,TT_s0.5_pA_l20,faulty,1,0.5,A,20,20,7.218,9.0,fault,189950,0.0075964536517858
9231,TT_fault_Data_Extra_TT_Fault_Cases_0_5_Phase_b_0_5_0_5_20_fault_at_1_7_202,TT_s0.5_pB_l20,healthy,0,0.0,,20,20,7.202,1.0,prefault,118000,0.0075964578427374
9256,TT_fault_Data_Extra_TT_Fault_Cases_0_5_Phase_b_0_5_0_5_20_fault_at_1_7_202,TT_s0.5_pB_l20,faulty,1,0.5,B,20,20,7.202,1.0,fault,185550,0.0075964578427374
9266,TT_fault_Data_Extra_TT_Fault_Cases_0_5_Phase_b_0_5_0_5_20_fault_at_1_7_202,TT_s0.5_pB_l20,faulty,1,0.5,B,20,20,7.202,1.0,fault,190550,0.0075964578427374
9296,TT_fault_Data_Extra_TT_Fault_Cases_0_5_Phase_b_0_5_0_5_20_fault_at_2_7_204,TT_s0.5_pB_l20,healthy,0,0.0,,20,20,7.204,2.0,prefault,170000,0.00759645877406
9299,TT_fault_Data_Extra_TT_Fault_Cases_0_5_Phase_b_0_5_0_5_20_fault_at_2_7_204,TT_s0.5_pB_l20,faulty,1,0.5,B,20,20,7.204,2.0,fault,181100,0.00759645877406
9348,TT_fault_Data_Extra_TT_Fault_Cases_0_5_Phase_b_0_5_0_5_20_fault_at_3_7_206,TT_s0.5_pB_l20,healthy,0,0.0,,20,20,7.206,3.0,prefault,170000,0.0075964597053825
9440,TT_fault_Data_Extra_TT_Fault_Cases_0_5_Phase_b_0_5_0_5_20_fault_at_5_7_210,TT_s0.5_pB_l20,healthy,0,0.0,,20,20,7.21,5.0,prefault,122000,0.0075964601710438
9516,TT_fault_Data_Extra_TT_Fault_Cases_0_5_Phase_b_0_5_0_5_20_fault_at_6_7_212,TT_s0.5_pB_l20,faulty,1,0.5,B,20,20,7.212,6.0,fault,185800,0.0075964592397212
9519,TT_fault_Data_Extra_TT_Fault_Cases_0_5_Phase_b_0_5_0_5_20_fault_at_6_7_212,TT_s0.5_pB_l20,faulty,1,0.5,B,20,20,7.212,6.0,fault,187300,0.0075964592397212
9539,TT_fault_Data_Extra_TT_Fault_Cases_0_5_Phase_b_0_5_0_5_20_fault_at_6_7_212,TT_s0.5_pB_l20,faulty,1,0.5,B,20,20,7.212,6.0,fault,197300,0.0075964592397212
9550,TT_fault_Data_Extra_TT_Fault_Cases_0_5_Phase_b_0_5_0_5_20_fault_at_7_7_214,TT_s0.5_pB_l20,healthy,0,0.0,,20,20,7.214,7.0,prefault,146000,0.0075964569114148
9559,TT_fault_Data_Extra_TT_Fault_Cases_0_5_Phase_b_0_5_0_5_20_fault_at_7_7_214,TT_s0.5_pB_l20,faulty,1,0.5,B,20,20,7.214,7.0,fault,181350,0.0075964569114148
9598,TT_fault_Data_Extra_TT_Fault_Cases_0_5_Phase_b_0_5_0_5_20_fault_at_8_7_216,TT_s0.5_pB_l20,healthy,0,0.0,,20,20,7.216,8.0,prefault,130000,0.0075964541174471
9608,TT_fault_Data_Extra_TT_Fault_Cases_0_5_Phase_b_0_5_0_5_20_fault_at_8_7_216,TT_s0.5_pB_l20,healthy,0,0.0,,20,20,7.216,8.0,prefault,170000,0.0075964541174471
9659,TT_fault_Data_Extra_TT_Fault_Cases_0_5_Phase_b_0_5_0_5_20_fault_at_9_7_218,TT_s0.5_pB_l20,healthy,0,0.0,,20,20,7.218,9.0,prefault,166000,0.0075964531861245
9680,TT_fault_Data_Extra_TT_Fault_Cases_0_5_Phase_b_0_5_0_5_20_fault_at_9_7_218,TT_s0.5_pB_l20,faulty,1,0.5,B,20,20,7.218,9.0,fault,189950,0.0075964531861245
9752,TT_fault_Data_Extra_TT_Fault_Cases_0_5_Phase_c_0_5_0_5_20_fault_at_1_7_202,TT_s0.5_pC_l20,healthy,0,0.0,,20,20,7.202,1.0,prefault,118000,0.0075964578427374
9777,TT_fault_Data_Extra_TT_Fault_Cases_0_5_Phase_c_0_5_0_5_20_fault_at_1_7_202,TT_s0.5_pC_l20,faulty,1,0.5,C,20,20,7.202,1.0,fault,185550,0.0075964578427374
9787,TT_fault_Data_Extra_TT_Fault_Cases_0_5_Phase_c_0_5_0_5_20_fault_at_1_7_202,TT_s0.5_pC_l20,faulty,1,0.5,C,20,20,7.202,1.0,fault,190550,0.0075964578427374
9817,TT_fault_Data_Extra_TT_Fault_Cases_0_5_Phase_c_0_5_0_5_20_fault_at_2_7_204,TT_s0.5_pC_l20,healthy,0,0.0,,20,20,7.204,2.0,prefault,170000,0.00759645877406
9820,TT_fault_Data_Extra_TT_Fault_Cases_0_5_Phase_c_0_5_0_5_20_fault_at_2_7_204,TT_s0.5_pC_l20,faulty,1,0.5,C,20,20,7.204,2.0,fault,181100,0.00759645877406
9869,TT_fault_Data_Extra_TT_Fault_Cases_0_5_Phase_c_0_5_0_5_20_fault_at_3_7_206,TT_s0.5_pC_l20,healthy,0,0.0,,20,20,7.206,3.0,prefault,170000,0.0075964597053825
9961,TT_fault_Data_Extra_TT_Fault_Cases_0_5_Phase_c_0_5_0_5_20_fault_at_5_7_210,TT_s0.5_pC_l20,healthy,0,0.0,,20,20,7.21,5.0,prefault,122000,0.0075964601710438
10037,TT_fault_Data_Extra_TT_Fault_Cases_0_5_Phase_c_0_5_0_5_20_fault_at_6_7_212,TT_s0.5_pC_l20,faulty,1,0.5,C,20,20,7.212,6.0,fault,185800,0.0075964592397212
10040,TT_fault_Data_Extra_TT_Fault_Cases_0_5_Phase_c_0_5_0_5_20_fault_at_6_7_212,TT_s0.5_pC_l20,faulty,1,0.5,C,20,20,7.212,6.0,fault,187300,0.0075964592397212
10060,TT_fault_Data_Extra_TT_Fault_Cases_0_5_Phase_c_0_5_0_5_20_fault_at_6_7_212,TT_s0.5_pC_l20,faulty,1,0.5,C,20,20,7.212,6.0,fault,197300,0.0075964592397212
10071,TT_fault_Data_Extra_TT_Fault_Cases_0_5_Phase_c_0_5_0_5_20_fault_at_7_7_214,TT_s0.5_pC_l20,healthy,0,0.0,,20,20,7.214,7.0,prefault,146000,0.0075964569114148
10080,TT_fault_Data_Extra_TT_Fault_Cases_0_5_Phase_c_0_5_0_5_20_fault_at_7_7_214,TT_s0.5_pC_l20,faulty,1,0.5,C,20,20,7.214,7.0,fault,181350,0.0075964569114148
10119,TT_fault_Data_Extra_TT_Fault_Cases_0_5_Phase_c_0_5_0_5_20_fault_at_8_7_216,TT_s0.5_pC_l20,healthy,0,0.0,,20,20,7.216,8.0,prefault,130000,0.0075964541174471
10129,TT_fault_Data_Extra_TT_Fault_Cases_0_5_Phase_c_0_5_0_5_20_fault_at_8_7_216,TT_s0.5_pC_l20,healthy,0,0.0,,20,20,7.216,8.0,prefault,170000,0.0075964541174471
10180,TT_fault_Data_Extra_TT_Fault_Cases_0_5_Phase_c_0_5_0_5_20_fault_at_9_7_218,TT_s0.5_pC_l20,healthy,0,0.0,,20,20,7.218,9.0,prefault,166000,0.0075964531861245
10201,TT_fault_Data_Extra_TT_Fault_Cases_0_5_Phase_c_0_5_0_5_20_fault_at_9_7_218,TT_s0.5_pC_l20,faulty,1,0.5,C,20,20,7.218,9.0,fault,189950,0.0075964531861245
10273,TT_fault_Data_Extra_TT_Fault_Cases_1_Phase_a_1_1_40_fault_at_1_7_202,TT_s1.0_pA_l40,healthy,0,0.0,,40,40,7.202,1.0,prefault,118000,0.0125322388485074
10298,TT_fault_Data_Extra_TT_Fault_Cases_1_Phase_a_1_1_40_fault_at_1_7_202,TT_s1.0_pA_l40,faulty,1,1.0,A,40,40,7.202,1.0,fault,185550,0.0125322388485074
10308,TT_fault_Data_Extra_TT_Fault_Cases_1_Phase_a_1_1_40_fault_at_1_7_202,TT_s1.0_pA_l40,faulty,1,1.0,A,40,40,7.202,1.0,fault,190550,0.0125322388485074
10338,TT_fault_Data_Extra_TT_Fault_Cases_1_Phase_a_1_1_40_fault_at_2_7_204,TT_s1.0_pA_l40,healthy,0,0.0,,40,40,7.204,2.0,prefault,170000,0.0125322407111525
10341,TT_fault_Data_Extra_TT_Fault_Cases_1_Phase_a_1_1_40_fault_at_2_7_204,TT_s1.0_pA_l40,faulty,1,1.0,A,40,40,7.204,2.0,fault,181100,0.0125322407111525
10390,TT_fault_Data_Extra_TT_Fault_Cases_1_Phase_a_1_1_40_fault_at_3_7_206,TT_s1.0_pA_l40,healthy,0,0.0,,40,40,7.206,3.0,prefault,170000,0.0125322379171848
10482,TT_fault_Data_Extra_TT_Fault_Cases_1_Phase_a_1_1_40_fault_at_5_7_210,TT_s1.0_pA_l40,healthy,0,0.0,,40,40,7.21,5.0,prefault,122000,0.0125322407111525
10558,TT_fault_Data_Extra_TT_Fault_Cases_1_Phase_a_1_1_40_fault_at_6_7_212,TT_s1.0_pA_l40,faulty,1,1.0,A,40,40,7.212,6.0,fault,185800,0.0125322388485074
10561,TT_fault_Data_Extra_TT_Fault_Cases_1_Phase_a_1_1_40_fault_at_6_7_212,TT_s1.0_pA_l40,faulty,1,1.0,A,40,40,7.212,6.0,fault,187300,0.0125322388485074
10581,TT_fault_Data_Extra_TT_Fault_Cases_1_Phase_a_1_1_40_fault_at_6_7_212,TT_s1.0_pA_l40,faulty,1,1.0,A,40,40,7.212,6.0,fault,197300,0.0125322388485074
10592,TT_fault_Data_Extra_TT_Fault_Cases_1_Phase_a_1_1_40_fault_at_7_7_214,TT_s1.0_pA_l40,healthy,0,0.0,,40,40,7.214,7.0,prefault,146000,0.0125322360545396
10601,TT_fault_Data_Extra_TT_Fault_Cases_1_Phase_a_1_1_40_fault_at_7_7_214,TT_s1.0_pA_l40,faulty,1,1.0,A,40,40,7.214,7.0,fault,181350,0.0125322360545396
10640,TT_fault_Data_Extra_TT_Fault_Cases_1_Phase_a_1_1_40_fault_at_8_7_216,TT_s1.0_pA_l40,healthy,0,0.0,,40,40,7.216,8.0,prefault,130000,0.0125322323292493
10650,TT_fault_Data_Extra_TT_Fault_Cases_1_Phase_a_1_1_40_fault_at_8_7_216,TT_s1.0_pA_l40,healthy,0,0.0,,40,40,7.216,8.0,prefault,170000,0.0125322323292493
10701,TT_fault_Data_Extra_TT_Fault_Cases_1_Phase_a_1_1_40_fault_at_9_7_218,TT_s1.0_pA_l40,healthy,0,0.0,,40,40,7.218,9.0,prefault,166000,0.0125322323292493
10722,TT_fault_Data_Extra_TT_Fault_Cases_1_Phase_a_1_1_40_fault_at_9_7_218,TT_s1.0_pA_l40,faulty,1,1.0,A,40,40,7.218,9.0,fault,189950,0.0125322323292493
10794,TT_fault_Data_Extra_TT_Fault_Cases_1_Phase_b_1_1_40_fault_at_1_7_202,TT_s1.0_pB_l40,healthy,0,0.0,,40,40,7.202,1.0,prefault,118000,0.0125322388485074
10819,TT_fault_Data_Extra_TT_Fault_Cases_1_Phase_b_1_1_40_fault_at_1_7_202,TT_s1.0_pB_l40,faulty,1,1.0,B,40,40,7.202,1.0,fault,185550,0.0125322388485074
10829,TT_fault_Data_Extra_TT_Fault_Cases_1_Phase_b_1_1_40_fault_at_1_7_202,TT_s1.0_pB_l40,faulty,1,1.0,B,40,40,7.202,1.0,fault,190550,0.0125322388485074
10859,TT_fault_Data_Extra_TT_Fault_Cases_1_Phase_b_1_1_40_fault_at_2_7_204,TT_s1.0_pB_l40,healthy,0,0.0,,40,40,7.204,2.0,prefault,170000,0.0125322407111525
10862,TT_fault_Data_Extra_TT_Fault_Cases_1_Phase_b_1_1_40_fault_at_2_7_204,TT_s1.0_pB_l40,faulty,1,1.0,B,40,40,7.204,2.0,fault,181100,0.0125322407111525
10911,TT_fault_Data_Extra_TT_Fault_Cases_1_Phase_b_1_1_40_fault_at_3_7_206,TT_s1.0_pB_l40,healthy,0,0.0,,40,40,7.206,3.0,prefault,170000,0.0125322379171848
11003,TT_fault_Data_Extra_TT_Fault_Cases_1_Phase_b_1_1_40_fault_at_5_7_210,TT_s1.0_pB_l40,healthy,0,0.0,,40,40,7.21,5.0,prefault,122000,0.0125322407111525
11079,TT_fault_Data_Extra_TT_Fault_Cases_1_Phase_b_1_1_40_fault_at_6_7_212,TT_s1.0_pB_l40,faulty,1,1.0,B,40,40,7.212,6.0,fault,185800,0.0125322388485074
11082,TT_fault_Data_Extra_TT_Fault_Cases_1_Phase_b_1_1_40_fault_at_6_7_212,TT_s1.0_pB_l40,faulty,1,1.0,B,40,40,7.212,6.0,fault,187300,0.0125322388485074
11102,TT_fault_Data_Extra_TT_Fault_Cases_1_Phase_b_1_1_40_fault_at_6_7_212,TT_s1.0_pB_l40,faulty,1,1.0,B,40,40,7.212,6.0,fault,197300,0.0125322388485074
11113,TT_fault_Data_Extra_TT_Fault_Cases_1_Phase_b_1_1_40_fault_at_7_7_214,TT_s1.0_pB_l40,healthy,0,0.0,,40,40,7.214,7.0,prefault,146000,0.0125322360545396
11122,TT_fault_Data_Extra_TT_Fault_Cases_1_Phase_b_1_1_40_fault_at_7_7_214,TT_s1.0_pB_l40,faulty,1,1.0,B,40,40,7.214,7.0,fault,181350,0.0125322360545396
11161,TT_fault_Data_Extra_TT_Fault_Cases_1_Phase_b_1_1_40_fault_at_8_7_216,TT_s1.0_pB_l40,healthy,0,0.0,,40,40,7.216,8.0,prefault,130000,0.0125322323292493
11171,TT_fault_Data_Extra_TT_Fault_Cases_1_Phase_b_1_1_40_fault_at_8_7_216,TT_s1.0_pB_l40,healthy,0,0.0,,40,40,7.216,8.0,prefault,170000,0.0125322323292493
11222,TT_fault_Data_Extra_TT_Fault_Cases_1_Phase_b_1_1_40_fault_at_9_7_218,TT_s1.0_pB_l40,healthy,0,0.0,,40,40,7.218,9.0,prefault,166000,0.0125322323292493
11243,TT_fault_Data_Extra_TT_Fault_Cases_1_Phase_b_1_1_40_fault_at_9_7_218,TT_s1.0_pB_l40,faulty,1,1.0,B,40,40,7.218,9.0,fault,189950,0.0125322323292493
11315,TT_fault_Data_Extra_TT_Fault_Cases_1_Phase_c_1_1_40_fault_at_1_7_202,TT_s1.0_pC_l40,healthy,0,0.0,,40,40,7.202,1.0,prefault,118000,0.0125322388485074
11340,TT_fault_Data_Extra_TT_Fault_Cases_1_Phase_c_1_1_40_fault_at_1_7_202,TT_s1.0_pC_l40,faulty,1,1.0,C,40,40,7.202,1.0,fault,185550,0.0125322388485074
11350,TT_fault_Data_Extra_TT_Fault_Cases_1_Phase_c_1_1_40_fault_at_1_7_202,TT_s1.0_pC_l40,faulty,1,1.0,C,40,40,7.202,1.0,fault,190550,0.0125322388485074
11380,TT_fault_Data_Extra_TT_Fault_Cases_1_Phase_c_1_1_40_fault_at_2_7_204,TT_s1.0_pC_l40,healthy,0,0.0,,40,40,7.204,2.0,prefault,170000,0.0125322407111525
11383,TT_fault_Data_Extra_TT_Fault_Cases_1_Phase_c_1_1_40_fault_at_2_7_204,TT_s1.0_pC_l40,faulty,1,1.0,C,40,40,7.204,2.0,fault,181100,0.0125322407111525
11432,TT_fault_Data_Extra_TT_Fault_Cases_1_Phase_c_1_1_40_fault_at_3_7_206,TT_s1.0_pC_l40,healthy,0,0.0,,40,40,7.206,3.0,prefault,170000,0.0125322379171848
11524,TT_fault_Data_Extra_TT_Fault_Cases_1_Phase_c_1_1_40_fault_at_5_7_210,TT_s1.0_pC_l40,healthy,0,0.0,,40,40,7.21,5.0,prefault,122000,0.0125322407111525
11600,TT_fault_Data_Extra_TT_Fault_Cases_1_Phase_c_1_1_40_fault_at_6_7_212,TT_s1.0_pC_l40,faulty,1,1.0,C,40,40,7.212,6.0,fault,185800,0.0125322388485074
11603,TT_fault_Data_Extra_TT_Fault_Cases_1_Phase_c_1_1_40_fault_at_6_7_212,TT_s1.0_pC_l40,faulty,1,1.0,C,40,40,7.212,6.0,fault,187300,0.0125322388485074
11623,TT_fault_Data_Extra_TT_Fault_Cases_1_Phase_c_1_1_40_fault_at_6_7_212,TT_s1.0_pC_l40,faulty,1,1.0,C,40,40,7.212,6.0,fault,197300,0.0125322388485074
11634,TT_fault_Data_Extra_TT_Fault_Cases_1_Phase_c_1_1_40_fault_at_7_7_214,TT_s1.0_pC_l40,healthy,0,0.0,,40,40,7.214,7.0,prefault,146000,0.0125322360545396
11643,TT_fault_Data_Extra_TT_Fault_Cases_1_Phase_c_1_1_40_fault_at_7_7_214,TT_s1.0_pC_l40,faulty,1,1.0,C,40,40,7.214,7.0,fault,181350,0.0125322360545396
11682,TT_fault_Data_Extra_TT_Fault_Cases_1_Phase_c_1_1_40_fault_at_8_7_216,TT_s1.0_pC_l40,healthy,0,0.0,,40,40,7.216,8.0,prefault,130000,0.0125322323292493
11692,TT_fault_Data_Extra_TT_Fault_Cases_1_Phase_c_1_1_40_fault_at_8_7_216,TT_s1.0_pC_l40,healthy,0,0.0,,40,40,7.216,8.0,prefault,170000,0.0125322323292493
11743,TT_fault_Data_Extra_TT_Fault_Cases_1_Phase_c_1_1_40_fault_at_9_7_218,TT_s1.0_pC_l40,healthy,0,0.0,,40,40,7.218,9.0,prefault,166000,0.0125322323292493
11764,TT_fault_Data_Extra_TT_Fault_Cases_1_Phase_c_1_1_40_fault_at_9_7_218,TT_s1.0_pC_l40,faulty,1,1.0,C,40,40,7.218,9.0,fault,189950,0.0125322323292493
11836,TT_fault_Data_Extra_TT_Fault_Cases_2_Phase_a_2_2_60_fault_at_1_7_202,TT_s2.0_pA_l60,healthy,0,0.0,,60,60,7.202,1.0,prefault,118000,0.017764251679182
11861,TT_fault_Data_Extra_TT_Fault_Cases_2_Phase_a_2_2_60_fault_at_1_7_202,TT_s2.0_pA_l60,faulty,1,2.0,A,60,60,7.202,1.0,fault,185550,0.017764251679182
11871,TT_fault_Data_Extra_TT_Fault_Cases_2_Phase_a_2_2_60_fault_at_1_7_202,TT_s2.0_pA_l60,faulty,1,2.0,A,60,60,7.202,1.0,fault,190550,0.017764251679182
11901,TT_fault_Data_Extra_TT_Fault_Cases_2_Phase_a_2_2_60_fault_at_2_7_204,TT_s2.0_pA_l60,healthy,0,0.0,,60,60,7.204,2.0,prefault,170000,0.017764251679182
11904,TT_fault_Data_Extra_TT_Fault_Cases_2_Phase_a_2_2_60_fault_at_2_7_204,TT_s2.0_pA_l60,faulty,1,2.0,A,60,60,7.204,2.0,fault,181100,0.017764251679182
11953,TT_fault_Data_Extra_TT_Fault_Cases_2_Phase_a_2_2_60_fault_at_3_7_206,TT_s2.0_pA_l60,healthy,0,0.0,,60,60,7.206,3.0,prefault,170000,0.0177642479538917
12045,TT_fault_Data_Extra_TT_Fault_Cases_2_Phase_a_2_2_60_fault_at_5_7_210,TT_s2.0_pA_l60,healthy,0,0.0,,60,60,7.21,5.0,prefault,122000,0.017764251679182
12121,TT_fault_Data_Extra_TT_Fault_Cases_2_Phase_a_2_2_60_fault_at_6_7_212,TT_s2.0_pA_l60,faulty,1,2.0,A,60,60,7.212,6.0,fault,185800,0.017764251679182
12124,TT_fault_Data_Extra_TT_Fault_Cases_2_Phase_a_2_2_60_fault_at_6_7_212,TT_s2.0_pA_l60,faulty,1,2.0,A,60,60,7.212,6.0,fault,187300,0.017764251679182
12144,TT_fault_Data_Extra_TT_Fault_Cases_2_Phase_a_2_2_60_fault_at_6_7_212,TT_s2.0_pA_l60,faulty,1,2.0,A,60,60,7.212,6.0,fault,197300,0.017764251679182
12155,TT_fault_Data_Extra_TT_Fault_Cases_2_Phase_a_2_2_60_fault_at_7_7_214,TT_s2.0_pA_l60,healthy,0,0.0,,60,60,7.214,7.0,prefault,146000,0.0177642460912466
12164,TT_fault_Data_Extra_TT_Fault_Cases_2_Phase_a_2_2_60_fault_at_7_7_214,TT_s2.0_pA_l60,faulty,1,2.0,A,60,60,7.214,7.0,fault,181350,0.0177642460912466
12203,TT_fault_Data_Extra_TT_Fault_Cases_2_Phase_a_2_2_60_fault_at_8_7_216,TT_s2.0_pA_l60,healthy,0,0.0,,60,60,7.216,8.0,prefault,130000,0.0177642405033111
12213,TT_fault_Data_Extra_TT_Fault_Cases_2_Phase_a_2_2_60_fault_at_8_7_216,TT_s2.0_pA_l60,healthy,0,0.0,,60,60,7.216,8.0,prefault,170000,0.0177642405033111
12264,TT_fault_Data_Extra_TT_Fault_Cases_2_Phase_a_2_2_60_fault_at_9_7_218,TT_s2.0_pA_l60,healthy,0,0.0,,60,60,7.218,9.0,prefault,166000,0.0177642423659563
12285,TT_fault_Data_Extra_TT_Fault_Cases_2_Phase_a_2_2_60_fault_at_9_7_218,TT_s2.0_pA_l60,faulty,1,2.0,A,60,60,7.218,9.0,fault,189950,0.0177642423659563
12357,TT_fault_Data_Extra_TT_Fault_Cases_2_Phase_b_2_2_60_fault_at_1_7_202,TT_s2.0_pB_l60,healthy,0,0.0,,60,60,7.202,1.0,prefault,118000,0.017764251679182
12382,TT_fault_Data_Extra_TT_Fault_Cases_2_Phase_b_2_2_60_fault_at_1_7_202,TT_s2.0_pB_l60,faulty,1,2.0,B,60,60,7.202,1.0,fault,185550,0.017764251679182
12392,TT_fault_Data_Extra_TT_Fault_Cases_2_Phase_b_2_2_60_fault_at_1_7_202,TT_s2.0_pB_l60,faulty,1,2.0,B,60,60,7.202,1.0,fault,190550,0.017764251679182
12422,TT_fault_Data_Extra_TT_Fault_Cases_2_Phase_b_2_2_60_fault_at_2_7_204,TT_s2.0_pB_l60,healthy,0,0.0,,60,60,7.204,2.0,prefault,170000,0.017764251679182
12425,TT_fault_Data_Extra_TT_Fault_Cases_2_Phase_b_2_2_60_fault_at_2_7_204,TT_s2.0_pB_l60,faulty,1,2.0,B,60,60,7.204,2.0,fault,181100,0.017764251679182
12474,TT_fault_Data_Extra_TT_Fault_Cases_2_Phase_b_2_2_60_fault_at_3_7_206,TT_s2.0_pB_l60,healthy,0,0.0,,60,60,7.206,3.0,prefault,170000,0.0177642479538917
12566,TT_fault_Data_Extra_TT_Fault_Cases_2_Phase_b_2_2_60_fault_at_5_7_210,TT_s2.0_pB_l60,healthy,0,0.0,,60,60,7.21,5.0,prefault,122000,0.017764251679182
12642,TT_fault_Data_Extra_TT_Fault_Cases_2_Phase_b_2_2_60_fault_at_6_7_212,TT_s2.0_pB_l60,faulty,1,2.0,B,60,60,7.212,6.0,fault,185800,0.017764251679182
12645,TT_fault_Data_Extra_TT_Fault_Cases_2_Phase_b_2_2_60_fault_at_6_7_212,TT_s2.0_pB_l60,faulty,1,2.0,B,60,60,7.212,6.0,fault,187300,0.017764251679182
12665,TT_fault_Data_Extra_TT_Fault_Cases_2_Phase_b_2_2_60_fault_at_6_7_212,TT_s2.0_pB_l60,faulty,1,2.0,B,60,60,7.212,6.0,fault,197300,0.017764251679182
12676,TT_fault_Data_Extra_TT_Fault_Cases_2_Phase_b_2_2_60_fault_at_7_7_214,TT_s2.0_pB_l60,healthy,0,0.0,,60,60,7.214,7.0,prefault,146000,0.0177642460912466
12685,TT_fault_Data_Extra_TT_Fault_Cases_2_Phase_b_2_2_60_fault_at_7_7_214,TT_s2.0_pB_l60,faulty,1,2.0,B,60,60,7.214,7.0,fault,181350,0.0177642460912466
12724,TT_fault_Data_Extra_TT_Fault_Cases_2_Phase_b_2_2_60_fault_at_8_7_216,TT_s2.0_pB_l60,healthy,0,0.0,,60,60,7.216,8.0,prefault,130000,0.0177642405033111
12734,TT_fault_Data_Extra_TT_Fault_Cases_2_Phase_b_2_2_60_fault_at_8_7_216,TT_s2.0_pB_l60,healthy,0,0.0,,60,60,7.216,8.0,prefault,170000,0.0177642405033111
12785,TT_fault_Data_Extra_TT_Fault_Cases_2_Phase_b_2_2_60_fault_at_9_7_218,TT_s2.0_pB_l60,healthy,0,0.0,,60,60,7.218,9.0,prefault,166000,0.0177642405033111
12806,TT_fault_Data_Extra_TT_Fault_Cases_2_Phase_b_2_2_60_fault_at_9_7_218,TT_s2.0_pB_l60,faulty,1,2.0,B,60,60,7.218,9.0,fault,189950,0.0177642405033111
12878,TT_fault_Data_Extra_TT_Fault_Cases_2_Phase_c_2_2_60_fault_at_1_7_202,TT_s2.0_pC_l60,healthy,0,0.0,,60,60,7.202,1.0,prefault,118000,0.0177642498165369
12903,TT_fault_Data_Extra_TT_Fault_Cases_2_Phase_c_2_2_60_fault_at_1_7_202,TT_s2.0_pC_l60,faulty,1,2.0,C,60,60,7.202,1.0,fault,185550,0.0177642498165369
12913,TT_fault_Data_Extra_TT_Fault_Cases_2_Phase_c_2_2_60_fault_at_1_7_202,TT_s2.0_pC_l60,faulty,1,2.0,C,60,60,7.202,1.0,fault,190550,0.0177642498165369
12943,TT_fault_Data_Extra_TT_Fault_Cases_2_Phase_c_2_2_60_fault_at_2_7_204,TT_s2.0_pC_l60,healthy,0,0.0,,60,60,7.204,2.0,prefault,170000,0.017764251679182
12946,TT_fault_Data_Extra_TT_Fault_Cases_2_Phase_c_2_2_60_fault_at_2_7_204,TT_s2.0_pC_l60,faulty,1,2.0,C,60,60,7.204,2.0,fault,181100,0.017764251679182
12995,TT_fault_Data_Extra_TT_Fault_Cases_2_Phase_c_2_2_60_fault_at_3_7_206,TT_s2.0_pC_l60,healthy,0,0.0,,60,60,7.206,3.0,prefault,170000,0.0177642479538917
13087,TT_fault_Data_Extra_TT_Fault_Cases_2_Phase_c_2_2_60_fault_at_5_7_210,TT_s2.0_pC_l60,healthy,0,0.0,,60,60,7.21,5.0,prefault,122000,0.017764251679182
13163,TT_fault_Data_Extra_TT_Fault_Cases_2_Phase_c_2_2_60_fault_at_6_7_212,TT_s2.0_pC_l60,faulty,1,2.0,C,60,60,7.212,6.0,fault,185800,0.017764251679182
13166,TT_fault_Data_Extra_TT_Fault_Cases_2_Phase_c_2_2_60_fault_at_6_7_212,TT_s2.0_pC_l60,faulty,1,2.0,C,60,60,7.212,6.0,fault,187300,0.017764251679182
13186,TT_fault_Data_Extra_TT_Fault_Cases_2_Phase_c_2_2_60_fault_at_6_7_212,TT_s2.0_pC_l60,faulty,1,2.0,C,60,60,7.212,6.0,fault,197300,0.017764251679182
13197,TT_fault_Data_Extra_TT_Fault_Cases_2_Phase_c_2_2_60_fault_at_7_7_214,TT_s2.0_pC_l60,healthy,0,0.0,,60,60,7.214,7.0,prefault,146000,0.0177642460912466
13206,TT_fault_Data_Extra_TT_Fault_Cases_2_Phase_c_2_2_60_fault_at_7_7_214,TT_s2.0_pC_l60,faulty,1,2.0,C,60,60,7.214,7.0,fault,181350,0.0177642460912466
13245,TT_fault_Data_Extra_TT_Fault_Cases_2_Phase_c_2_2_60_fault_at_8_7_216,TT_s2.0_pC_l60,healthy,0,0.0,,60,60,7.216,8.0,prefault,130000,0.0177642423659563
13255,TT_fault_Data_Extra_TT_Fault_Cases_2_Phase_c_2_2_60_fault_at_8_7_216,TT_s2.0_pC_l60,healthy,0,0.0,,60,60,7.216,8.0,prefault,170000,0.0177642423659563
13306,TT_fault_Data_Extra_TT_Fault_Cases_2_Phase_c_2_2_60_fault_at_9_7_218,TT_s2.0_pC_l60,healthy,0,0.0,,60,60,7.218,9.0,prefault,166000,0.0177642423659563
13327,TT_fault_Data_Extra_TT_Fault_Cases_2_Phase_c_2_2_60_fault_at_9_7_218,TT_s2.0_pC_l60,faulty,1,2.0,C,60,60,7.218,9.0,fault,189950,0.0177642423659563
13399,TT_fault_Data_Extra_TT_Fault_Cases_3_Phase_a_3_3_80_fault_at_1_7_202,TT_s3.0_pA_l80,healthy,0,0.0,,80,80,7.202,1.0,prefault,118000,0.0229999367147684
13424,TT_fault_Data_Extra_TT_Fault_Cases_3_Phase_a_3_3_80_fault_at_1_7_202,TT_s3.0_pA_l80,faulty,1,3.0,A,80,80,7.202,1.0,fault,185550,0.0229999367147684
13434,TT_fault_Data_Extra_TT_Fault_Cases_3_Phase_a_3_3_80_fault_at_1_7_202,TT_s3.0_pA_l80,faulty,1,3.0,A,80,80,7.202,1.0,fault,190550,0.0229999367147684
13464,TT_fault_Data_Extra_TT_Fault_Cases_3_Phase_a_3_3_80_fault_at_2_7_204,TT_s3.0_pA_l80,healthy,0,0.0,,80,80,7.204,2.0,prefault,170000,0.0229999348521232
13467,TT_fault_Data_Extra_TT_Fault_Cases_3_Phase_a_3_3_80_fault_at_2_7_204,TT_s3.0_pA_l80,faulty,1,3.0,A,80,80,7.204,2.0,fault,181100,0.0229999348521232
13516,TT_fault_Data_Extra_TT_Fault_Cases_3_Phase_a_3_3_80_fault_at_3_7_206,TT_s3.0_pA_l80,healthy,0,0.0,,80,80,7.206,3.0,prefault,170000,0.0229999311268329
13608,TT_fault_Data_Extra_TT_Fault_Cases_3_Phase_a_3_3_80_fault_at_5_7_210,TT_s3.0_pA_l80,healthy,0,0.0,,80,80,7.21,5.0,prefault,122000,0.0229999385774135
13684,TT_fault_Data_Extra_TT_Fault_Cases_3_Phase_a_3_3_80_fault_at_6_7_212,TT_s3.0_pA_l80,faulty,1,3.0,A,80,80,7.212,6.0,fault,185800,0.0229999367147684
13687,TT_fault_Data_Extra_TT_Fault_Cases_3_Phase_a_3_3_80_fault_at_6_7_212,TT_s3.0_pA_l80,faulty,1,3.0,A,80,80,7.212,6.0,fault,187300,0.0229999367147684
13707,TT_fault_Data_Extra_TT_Fault_Cases_3_Phase_a_3_3_80_fault_at_6_7_212,TT_s3.0_pA_l80,faulty,1,3.0,A,80,80,7.212,6.0,fault,197300,0.0229999367147684
13718,TT_fault_Data_Extra_TT_Fault_Cases_3_Phase_a_3_3_80_fault_at_7_7_214,TT_s3.0_pA_l80,healthy,0,0.0,,80,80,7.214,7.0,prefault,146000,0.0229999329894781
13727,TT_fault_Data_Extra_TT_Fault_Cases_3_Phase_a_3_3_80_fault_at_7_7_214,TT_s3.0_pA_l80,faulty,1,3.0,A,80,80,7.214,7.0,fault,181350,0.0229999329894781
13766,TT_fault_Data_Extra_TT_Fault_Cases_3_Phase_a_3_3_80_fault_at_8_7_216,TT_s3.0_pA_l80,healthy,0,0.0,,80,80,7.216,8.0,prefault,130000,0.0229999255388975
13776,TT_fault_Data_Extra_TT_Fault_Cases_3_Phase_a_3_3_80_fault_at_8_7_216,TT_s3.0_pA_l80,healthy,0,0.0,,80,80,7.216,8.0,prefault,170000,0.0229999255388975
13827,TT_fault_Data_Extra_TT_Fault_Cases_3_Phase_a_3_3_80_fault_at_9_7_218,TT_s3.0_pA_l80,healthy,0,0.0,,80,80,7.218,9.0,prefault,166000,0.0229999274015426
13848,TT_fault_Data_Extra_TT_Fault_Cases_3_Phase_a_3_3_80_fault_at_9_7_218,TT_s3.0_pA_l80,faulty,1,3.0,A,80,80,7.218,9.0,fault,189950,0.0229999274015426
13920,TT_fault_Data_Extra_TT_Fault_Cases_3_Phase_b_3_3_80_fault_at_1_7_202,TT_s3.0_pB_l80,healthy,0,0.0,,80,80,7.202,1.0,prefault,118000,0.0229999367147684
13945,TT_fault_Data_Extra_TT_Fault_Cases_3_Phase_b_3_3_80_fault_at_1_7_202,TT_s3.0_pB_l80,faulty,1,3.0,B,80,80,7.202,1.0,fault,185550,0.0229999367147684
13955,TT_fault_Data_Extra_TT_Fault_Cases_3_Phase_b_3_3_80_fault_at_1_7_202,TT_s3.0_pB_l80,faulty,1,3.0,B,80,80,7.202,1.0,fault,190550,0.0229999367147684
13985,TT_fault_Data_Extra_TT_Fault_Cases_3_Phase_b_3_3_80_fault_at_2_7_204,TT_s3.0_pB_l80,healthy,0,0.0,,80,80,7.204,2.0,prefault,170000,0.0229999367147684
13988,TT_fault_Data_Extra_TT_Fault_Cases_3_Phase_b_3_3_80_fault_at_2_7_204,TT_s3.0_pB_l80,faulty,1,3.0,B,80,80,7.204,2.0,fault,181100,0.0229999367147684
14037,TT_fault_Data_Extra_TT_Fault_Cases_3_Phase_b_3_3_80_fault_at_3_7_206,TT_s3.0_pB_l80,healthy,0,0.0,,80,80,7.206,3.0,prefault,170000,0.0229999311268329
14129,TT_fault_Data_Extra_TT_Fault_Cases_3_Phase_b_3_3_80_fault_at_5_7_210,TT_s3.0_pB_l80,healthy,0,0.0,,80,80,7.21,5.0,prefault,122000,0.0229999385774135
14205,TT_fault_Data_Extra_TT_Fault_Cases_3_Phase_b_3_3_80_fault_at_6_7_212,TT_s3.0_pB_l80,faulty,1,3.0,B,80,80,7.212,6.0,fault,185800,0.0229999367147684
14208,TT_fault_Data_Extra_TT_Fault_Cases_3_Phase_b_3_3_80_fault_at_6_7_212,TT_s3.0_pB_l80,faulty,1,3.0,B,80,80,7.212,6.0,fault,187300,0.0229999367147684
14228,TT_fault_Data_Extra_TT_Fault_Cases_3_Phase_b_3_3_80_fault_at_6_7_212,TT_s3.0_pB_l80,faulty,1,3.0,B,80,80,7.212,6.0,fault,197300,0.0229999367147684
14239,TT_fault_Data_Extra_TT_Fault_Cases_3_Phase_b_3_3_80_fault_at_7_7_214,TT_s3.0_pB_l80,healthy,0,0.0,,80,80,7.214,7.0,prefault,146000,0.0229999311268329
14248,TT_fault_Data_Extra_TT_Fault_Cases_3_Phase_b_3_3_80_fault_at_7_7_214,TT_s3.0_pB_l80,faulty,1,3.0,B,80,80,7.214,7.0,fault,181350,0.0229999311268329
14287,TT_fault_Data_Extra_TT_Fault_Cases_3_Phase_b_3_3_80_fault_at_8_7_216,TT_s3.0_pB_l80,healthy,0,0.0,,80,80,7.216,8.0,prefault,130000,0.0229999236762523
14297,TT_fault_Data_Extra_TT_Fault_Cases_3_Phase_b_3_3_80_fault_at_8_7_216,TT_s3.0_pB_l80,healthy,0,0.0,,80,80,7.216,8.0,prefault,170000,0.0229999236762523
14348,TT_fault_Data_Extra_TT_Fault_Cases_3_Phase_b_3_3_80_fault_at_9_7_218,TT_s3.0_pB_l80,healthy,0,0.0,,80,80,7.218,9.0,prefault,166000,0.0229999274015426
14369,TT_fault_Data_Extra_TT_Fault_Cases_3_Phase_b_3_3_80_fault_at_9_7_218,TT_s3.0_pB_l80,faulty,1,3.0,B,80,80,7.218,9.0,fault,189950,0.0229999274015426
14441,TT_fault_Data_Extra_TT_Fault_Cases_3_Phase_c_3_3_80_fault_at_1_7_202,TT_s3.0_pC_l80,healthy,0,0.0,,80,80,7.202,1.0,prefault,118000,0.0229999367147684
14466,TT_fault_Data_Extra_TT_Fault_Cases_3_Phase_c_3_3_80_fault_at_1_7_202,TT_s3.0_pC_l80,faulty,1,3.0,C,80,80,7.202,1.0,fault,185550,0.0229999367147684
14476,TT_fault_Data_Extra_TT_Fault_Cases_3_Phase_c_3_3_80_fault_at_1_7_202,TT_s3.0_pC_l80,faulty,1,3.0,C,80,80,7.202,1.0,fault,190550,0.0229999367147684
14506,TT_fault_Data_Extra_TT_Fault_Cases_3_Phase_c_3_3_80_fault_at_2_7_204,TT_s3.0_pC_l80,healthy,0,0.0,,80,80,7.204,2.0,prefault,170000,0.0229999348521232
14509,TT_fault_Data_Extra_TT_Fault_Cases_3_Phase_c_3_3_80_fault_at_2_7_204,TT_s3.0_pC_l80,faulty,1,3.0,C,80,80,7.204,2.0,fault,181100,0.0229999348521232
14558,TT_fault_Data_Extra_TT_Fault_Cases_3_Phase_c_3_3_80_fault_at_3_7_206,TT_s3.0_pC_l80,healthy,0,0.0,,80,80,7.206,3.0,prefault,170000,0.0229999311268329
14650,TT_fault_Data_Extra_TT_Fault_Cases_3_Phase_c_3_3_80_fault_at_5_7_210,TT_s3.0_pC_l80,healthy,0,0.0,,80,80,7.21,5.0,prefault,122000,0.0229999385774135
14726,TT_fault_Data_Extra_TT_Fault_Cases_3_Phase_c_3_3_80_fault_at_6_7_212,TT_s3.0_pC_l80,faulty,1,3.0,C,80,80,7.212,6.0,fault,185800,0.0229999367147684
14729,TT_fault_Data_Extra_TT_Fault_Cases_3_Phase_c_3_3_80_fault_at_6_7_212,TT_s3.0_pC_l80,faulty,1,3.0,C,80,80,7.212,6.0,fault,187300,0.0229999367147684
14749,TT_fault_Data_Extra_TT_Fault_Cases_3_Phase_c_3_3_80_fault_at_6_7_212,TT_s3.0_pC_l80,faulty,1,3.0,C,80,80,7.212,6.0,fault,197300,0.0229999367147684
14760,TT_fault_Data_Extra_TT_Fault_Cases_3_Phase_c_3_3_80_fault_at_7_7_214,TT_s3.0_pC_l80,healthy,0,0.0,,80,80,7.214,7.0,prefault,146000,0.0229999311268329
14769,TT_fault_Data_Extra_TT_Fault_Cases_3_Phase_c_3_3_80_fault_at_7_7_214,TT_s3.0_pC_l80,faulty,1,3.0,C,80,80,7.214,7.0,fault,181350,0.0229999311268329
14808,TT_fault_Data_Extra_TT_Fault_Cases_3_Phase_c_3_3_80_fault_at_8_7_216,TT_s3.0_pC_l80,healthy,0,0.0,,80,80,7.216,8.0,prefault,130000,0.0229999255388975
14818,TT_fault_Data_Extra_TT_Fault_Cases_3_Phase_c_3_3_80_fault_at_8_7_216,TT_s3.0_pC_l80,healthy,0,0.0,,80,80,7.216,8.0,prefault,170000,0.0229999255388975
14869,TT_fault_Data_Extra_TT_Fault_Cases_3_Phase_c_3_3_80_fault_at_9_7_218,TT_s3.0_pC_l80,healthy,0,0.0,,80,80,7.218,9.0,prefault,166000,0.0229999274015426
14890,TT_fault_Data_Extra_TT_Fault_Cases_3_Phase_c_3_3_80_fault_at_9_7_218,TT_s3.0_pC_l80,faulty,1,3.0,C,80,80,7.218,9.0,fault,189950,0.0229999274015426
14962,TT_fault_Data_Extra_TT_Fault_Cases_4_Phase_a_4_4_100_fault_at_1_7_202,TT_s4.0_pA_l100,healthy,0,0.0,,100,100,7.202,1.0,prefault,118000,0.0281716547906398
14987,TT_fault_Data_Extra_TT_Fault_Cases_4_Phase_a_4_4_100_fault_at_1_7_202,TT_s4.0_pA_l100,faulty,1,4.0,A,100,100,7.202,1.0,fault,185550,0.0281716547906398
14997,TT_fault_Data_Extra_TT_Fault_Cases_4_Phase_a_4_4_100_fault_at_1_7_202,TT_s4.0_pA_l100,faulty,1,4.0,A,100,100,7.202,1.0,fault,190550,0.0281716547906398
15027,TT_fault_Data_Extra_TT_Fault_Cases_4_Phase_a_4_4_100_fault_at_2_7_204,TT_s4.0_pA_l100,healthy,0,0.0,,100,100,7.204,2.0,prefault,170000,0.0281716510653495
15030,TT_fault_Data_Extra_TT_Fault_Cases_4_Phase_a_4_4_100_fault_at_2_7_204,TT_s4.0_pA_l100,faulty,1,4.0,A,100,100,7.204,2.0,fault,181100,0.0281716510653495
15079,TT_fault_Data_Extra_TT_Fault_Cases_4_Phase_a_4_4_100_fault_at_3_7_206,TT_s4.0_pA_l100,healthy,0,0.0,,100,100,7.206,3.0,prefault,170000,0.0281716473400592
15171,TT_fault_Data_Extra_TT_Fault_Cases_4_Phase_a_4_4_100_fault_at_5_7_210,TT_s4.0_pA_l100,healthy,0,0.0,,100,100,7.21,5.0,prefault,122000,0.0281716547906398
15247,TT_fault_Data_Extra_TT_Fault_Cases_4_Phase_a_4_4_100_fault_at_6_7_212,TT_s4.0_pA_l100,faulty,1,4.0,A,100,100,7.212,6.0,fault,185800,0.028171656653285
15250,TT_fault_Data_Extra_TT_Fault_Cases_4_Phase_a_4_4_100_fault_at_6_7_212,TT_s4.0_pA_l100,faulty,1,4.0,A,100,100,7.212,6.0,fault,187300,0.028171656653285
15270,TT_fault_Data_Extra_TT_Fault_Cases_4_Phase_a_4_4_100_fault_at_6_7_212,TT_s4.0_pA_l100,faulty,1,4.0,A,100,100,7.212,6.0,fault,197300,0.028171656653285
15281,TT_fault_Data_Extra_TT_Fault_Cases_4_Phase_a_4_4_100_fault_at_7_7_214,TT_s4.0_pA_l100,healthy,0,0.0,,100,100,7.214,7.0,prefault,146000,0.0281716473400592
15290,TT_fault_Data_Extra_TT_Fault_Cases_4_Phase_a_4_4_100_fault_at_7_7_214,TT_s4.0_pA_l100,faulty,1,4.0,A,100,100,7.214,7.0,fault,181350,0.0281716473400592
15329,TT_fault_Data_Extra_TT_Fault_Cases_4_Phase_a_4_4_100_fault_at_8_7_216,TT_s4.0_pA_l100,healthy,0,0.0,,100,100,7.216,8.0,prefault,130000,0.0281716398894786
15339,TT_fault_Data_Extra_TT_Fault_Cases_4_Phase_a_4_4_100_fault_at_8_7_216,TT_s4.0_pA_l100,healthy,0,0.0,,100,100,7.216,8.0,prefault,170000,0.0281716398894786
15390,TT_fault_Data_Extra_TT_Fault_Cases_4_Phase_a_4_4_100_fault_at_9_7_218,TT_s4.0_pA_l100,healthy,0,0.0,,100,100,7.218,9.0,prefault,166000,0.0281716417521238
15411,TT_fault_Data_Extra_TT_Fault_Cases_4_Phase_a_4_4_100_fault_at_9_7_218,TT_s4.0_pA_l100,faulty,1,4.0,A,100,100,7.218,9.0,fault,189950,0.0281716417521238
15483,TT_fault_Data_Extra_TT_Fault_Cases_4_Phase_b_4_4_100_fault_at_1_7_202,TT_s4.0_pB_l100,healthy,0,0.0,,100,100,7.202,1.0,prefault,118000,0.028171656653285
15508,TT_fault_Data_Extra_TT_Fault_Cases_4_Phase_b_4_4_100_fault_at_1_7_202,TT_s4.0_pB_l100,faulty,1,4.0,B,100,100,7.202,1.0,fault,185550,0.028171656653285
15518,TT_fault_Data_Extra_TT_Fault_Cases_4_Phase_b_4_4_100_fault_at_1_7_202,TT_s4.0_pB_l100,faulty,1,4.0,B,100,100,7.202,1.0,fault,190550,0.028171656653285
15548,TT_fault_Data_Extra_TT_Fault_Cases_4_Phase_b_4_4_100_fault_at_2_7_204,TT_s4.0_pB_l100,healthy,0,0.0,,100,100,7.204,2.0,prefault,170000,0.0281716492027044
15551,TT_fault_Data_Extra_TT_Fault_Cases_4_Phase_b_4_4_100_fault_at_2_7_204,TT_s4.0_pB_l100,faulty,1,4.0,B,100,100,7.204,2.0,fault,181100,0.0281716492027044
15600,TT_fault_Data_Extra_TT_Fault_Cases_4_Phase_b_4_4_100_fault_at_3_7_206,TT_s4.0_pB_l100,healthy,0,0.0,,100,100,7.206,3.0,prefault,170000,0.0281716473400592
15692,TT_fault_Data_Extra_TT_Fault_Cases_4_Phase_b_4_4_100_fault_at_5_7_210,TT_s4.0_pB_l100,healthy,0,0.0,,100,100,7.21,5.0,prefault,122000,0.0281716547906398
15768,TT_fault_Data_Extra_TT_Fault_Cases_4_Phase_b_4_4_100_fault_at_6_7_212,TT_s4.0_pB_l100,faulty,1,4.0,B,100,100,7.212,6.0,fault,185800,0.0281716547906398
15771,TT_fault_Data_Extra_TT_Fault_Cases_4_Phase_b_4_4_100_fault_at_6_7_212,TT_s4.0_pB_l100,faulty,1,4.0,B,100,100,7.212,6.0,fault,187300,0.0281716547906398
15791,TT_fault_Data_Extra_TT_Fault_Cases_4_Phase_b_4_4_100_fault_at_6_7_212,TT_s4.0_pB_l100,faulty,1,4.0,B,100,100,7.212,6.0,fault,197300,0.0281716547906398
15802,TT_fault_Data_Extra_TT_Fault_Cases_4_Phase_b_4_4_100_fault_at_7_7_214,TT_s4.0_pB_l100,healthy,0,0.0,,100,100,7.214,7.0,prefault,146000,0.0281716473400592
15811,TT_fault_Data_Extra_TT_Fault_Cases_4_Phase_b_4_4_100_fault_at_7_7_214,TT_s4.0_pB_l100,faulty,1,4.0,B,100,100,7.214,7.0,fault,181350,0.0281716473400592
15850,TT_fault_Data_Extra_TT_Fault_Cases_4_Phase_b_4_4_100_fault_at_8_7_216,TT_s4.0_pB_l100,healthy,0,0.0,,100,100,7.216,8.0,prefault,130000,0.0281716398894786
15860,TT_fault_Data_Extra_TT_Fault_Cases_4_Phase_b_4_4_100_fault_at_8_7_216,TT_s4.0_pB_l100,healthy,0,0.0,,100,100,7.216,8.0,prefault,170000,0.0281716398894786
15911,TT_fault_Data_Extra_TT_Fault_Cases_4_Phase_b_4_4_100_fault_at_9_7_218,TT_s4.0_pB_l100,healthy,0,0.0,,100,100,7.218,9.0,prefault,166000,0.0281716417521238
15932,TT_fault_Data_Extra_TT_Fault_Cases_4_Phase_b_4_4_100_fault_at_9_7_218,TT_s4.0_pB_l100,faulty,1,4.0,B,100,100,7.218,9.0,fault,189950,0.0281716417521238
16004,TT_fault_Data_Extra_TT_Fault_Cases_4_Phase_c_4_4_100_fault_at_1_7_202,TT_s4.0_pC_l100,healthy,0,0.0,,100,100,7.202,1.0,prefault,118000,0.0281716547906398
16029,TT_fault_Data_Extra_TT_Fault_Cases_4_Phase_c_4_4_100_fault_at_1_7_202,TT_s4.0_pC_l100,faulty,1,4.0,C,100,100,7.202,1.0,fault,185550,0.0281716547906398
16039,TT_fault_Data_Extra_TT_Fault_Cases_4_Phase_c_4_4_100_fault_at_1_7_202,TT_s4.0_pC_l100,faulty,1,4.0,C,100,100,7.202,1.0,fault,190550,0.0281716547906398
16069,TT_fault_Data_Extra_TT_Fault_Cases_4_Phase_c_4_4_100_fault_at_2_7_204,TT_s4.0_pC_l100,healthy,0,0.0,,100,100,7.204,2.0,prefault,170000,0.0281716510653495
16072,TT_fault_Data_Extra_TT_Fault_Cases_4_Phase_c_4_4_100_fault_at_2_7_204,TT_s4.0_pC_l100,faulty,1,4.0,C,100,100,7.204,2.0,fault,181100,0.0281716510653495
16121,TT_fault_Data_Extra_TT_Fault_Cases_4_Phase_c_4_4_100_fault_at_3_7_206,TT_s4.0_pC_l100,healthy,0,0.0,,100,100,7.206,3.0,prefault,170000,0.0281716473400592
16213,TT_fault_Data_Extra_TT_Fault_Cases_4_Phase_c_4_4_100_fault_at_5_7_210,TT_s4.0_pC_l100,healthy,0,0.0,,100,100,7.21,5.0,prefault,122000,0.0281716529279947
16289,TT_fault_Data_Extra_TT_Fault_Cases_4_Phase_c_4_4_100_fault_at_6_7_212,TT_s4.0_pC_l100,faulty,1,4.0,C,100,100,7.212,6.0,fault,185800,0.028171656653285
16292,TT_fault_Data_Extra_TT_Fault_Cases_4_Phase_c_4_4_100_fault_at_6_7_212,TT_s4.0_pC_l100,faulty,1,4.0,C,100,100,7.212,6.0,fault,187300,0.028171656653285
16312,TT_fault_Data_Extra_TT_Fault_Cases_4_Phase_c_4_4_100_fault_at_6_7_212,TT_s4.0_pC_l100,faulty,1,4.0,C,100,100,7.212,6.0,fault,197300,0.028171656653285
16323,TT_fault_Data_Extra_TT_Fault_Cases_4_Phase_c_4_4_100_fault_at_7_7_214,TT_s4.0_pC_l100,healthy,0,0.0,,100,100,7.214,7.0,prefault,146000,0.0281716473400592
16332,TT_fault_Data_Extra_TT_Fault_Cases_4_Phase_c_4_4_100_fault_at_7_7_214,TT_s4.0_pC_l100,faulty,1,4.0,C,100,100,7.214,7.0,fault,181350,0.0281716473400592
16371,TT_fault_Data_Extra_TT_Fault_Cases_4_Phase_c_4_4_100_fault_at_8_7_216,TT_s4.0_pC_l100,healthy,0,0.0,,100,100,7.216,8.0,prefault,130000,0.0281716398894786
16381,TT_fault_Data_Extra_TT_Fault_Cases_4_Phase_c_4_4_100_fault_at_8_7_216,TT_s4.0_pC_l100,healthy,0,0.0,,100,100,7.216,8.0,prefault,170000,0.0281716398894786
16432,TT_fault_Data_Extra_TT_Fault_Cases_4_Phase_c_4_4_100_fault_at_9_7_218,TT_s4.0_pC_l100,healthy,0,0.0,,100,100,7.218,9.0,prefault,166000,0.0281716417521238
16453,TT_fault_Data_Extra_TT_Fault_Cases_4_Phase_c_4_4_100_fault_at_9_7_218,TT_s4.0_pC_l100,faulty,1,4.0,C,100,100,7.218,9.0,fault,189950,0.0281716417521238
16525,TT_fault_Data_Extra_TT_Fault_Cases_5_Phase_a_5_5_100_fault_at_1_7_202,TT_s5.0_pA_l100,healthy,0,0.0,,100,100,7.202,1.0,prefault,118000,0.028171194717288
16550,TT_fault_Data_Extra_TT_Fault_Cases_5_Phase_a_5_5_100_fault_at_1_7_202,TT_s5.0_pA_l100,faulty,1,5.0,A,100,100,7.202,1.0,fault,185550,0.028171194717288
16560,TT_fault_Data_Extra_TT_Fault_Cases_5_Phase_a_5_5_100_fault_at_1_7_202,TT_s5.0_pA_l100,faulty,1,5.0,A,100,100,7.202,1.0,fault,190550,0.028171194717288
16590,TT_fault_Data_Extra_TT_Fault_Cases_5_Phase_a_5_5_100_fault_at_2_7_204,TT_s5.0_pA_l100,healthy,0,0.0,,100,100,7.204,2.0,prefault,170000,0.028171619400382
16593,TT_fault_Data_Extra_TT_Fault_Cases_5_Phase_a_5_5_100_fault_at_2_7_204,TT_s5.0_pA_l100,faulty,1,5.0,A,100,100,7.204,2.0,fault,181100,0.028171619400382
16642,TT_fault_Data_Extra_TT_Fault_Cases_5_Phase_a_5_5_100_fault_at_3_7_206,TT_s5.0_pA_l100,healthy,0,0.0,,100,100,7.206,3.0,prefault,170000,0.0281716138124465
16734,TT_fault_Data_Extra_TT_Fault_Cases_5_Phase_a_5_5_100_fault_at_5_7_210,TT_s5.0_pA_l100,healthy,0,0.0,,100,100,7.21,5.0,prefault,122000,0.0281716231256723
16810,TT_fault_Data_Extra_TT_Fault_Cases_5_Phase_a_5_5_100_fault_at_6_7_212,TT_s5.0_pA_l100,faulty,1,5.0,A,100,100,7.212,6.0,fault,185800,0.0281716212630271
16813,TT_fault_Data_Extra_TT_Fault_Cases_5_Phase_a_5_5_100_fault_at_6_7_212,TT_s5.0_pA_l100,faulty,1,5.0,A,100,100,7.212,6.0,fault,187300,0.0281716212630271
16833,TT_fault_Data_Extra_TT_Fault_Cases_5_Phase_a_5_5_100_fault_at_6_7_212,TT_s5.0_pA_l100,faulty,1,5.0,A,100,100,7.212,6.0,fault,197300,0.0281716212630271
16844,TT_fault_Data_Extra_TT_Fault_Cases_5_Phase_a_5_5_100_fault_at_7_7_214,TT_s5.0_pA_l100,healthy,0,0.0,,100,100,7.214,7.0,prefault,146000,0.0281716156750917
16853,TT_fault_Data_Extra_TT_Fault_Cases_5_Phase_a_5_5_100_fault_at_7_7_214,TT_s5.0_pA_l100,faulty,1,5.0,A,100,100,7.214,7.0,fault,181350,0.0281716156750917
16892,TT_fault_Data_Extra_TT_Fault_Cases_5_Phase_a_5_5_100_fault_at_8_7_216,TT_s5.0_pA_l100,healthy,0,0.0,,100,100,7.216,8.0,prefault,130000,0.0281716082245111
16902,TT_fault_Data_Extra_TT_Fault_Cases_5_Phase_a_5_5_100_fault_at_8_7_216,TT_s5.0_pA_l100,healthy,0,0.0,,100,100,7.216,8.0,prefault,170000,0.0281716082245111
16953,TT_fault_Data_Extra_TT_Fault_Cases_5_Phase_a_5_5_100_fault_at_9_7_218,TT_s5.0_pA_l100,healthy,0,0.0,,100,100,7.218,9.0,prefault,166000,0.0281716082245111
16974,TT_fault_Data_Extra_TT_Fault_Cases_5_Phase_a_5_5_100_fault_at_9_7_218,TT_s5.0_pA_l100,faulty,1,5.0,A,100,100,7.218,9.0,fault,189950,0.0281716082245111
17046,TT_fault_Data_Extra_TT_Fault_Cases_5_Phase_b_5_5_100_fault_at_1_7_202,TT_s5.0_pB_l100,healthy,0,0.0,,100,100,7.202,1.0,prefault,118000,0.028171194717288
17071,TT_fault_Data_Extra_TT_Fault_Cases_5_Phase_b_5_5_100_fault_at_1_7_202,TT_s5.0_pB_l100,faulty,1,5.0,B,100,100,7.202,1.0,fault,185550,0.028171194717288
17081,TT_fault_Data_Extra_TT_Fault_Cases_5_Phase_b_5_5_100_fault_at_1_7_202,TT_s5.0_pB_l100,faulty,1,5.0,B,100,100,7.202,1.0,fault,190550,0.028171194717288
17111,TT_fault_Data_Extra_TT_Fault_Cases_5_Phase_b_5_5_100_fault_at_2_7_204,TT_s5.0_pB_l100,healthy,0,0.0,,100,100,7.204,2.0,prefault,170000,0.028171619400382
17114,TT_fault_Data_Extra_TT_Fault_Cases_5_Phase_b_5_5_100_fault_at_2_7_204,TT_s5.0_pB_l100,faulty,1,5.0,B,100,100,7.204,2.0,fault,181100,0.028171619400382
17163,TT_fault_Data_Extra_TT_Fault_Cases_5_Phase_b_5_5_100_fault_at_3_7_206,TT_s5.0_pB_l100,healthy,0,0.0,,100,100,7.206,3.0,prefault,170000,0.0281716138124465
17255,TT_fault_Data_Extra_TT_Fault_Cases_5_Phase_b_5_5_100_fault_at_5_7_210,TT_s5.0_pB_l100,healthy,0,0.0,,100,100,7.21,5.0,prefault,122000,0.0281716231256723
17331,TT_fault_Data_Extra_TT_Fault_Cases_5_Phase_b_5_5_100_fault_at_6_7_212,TT_s5.0_pB_l100,faulty,1,5.0,B,100,100,7.212,6.0,fault,185800,0.0281716212630271
17334,TT_fault_Data_Extra_TT_Fault_Cases_5_Phase_b_5_5_100_fault_at_6_7_212,TT_s5.0_pB_l100,faulty,1,5.0,B,100,100,7.212,6.0,fault,187300,0.0281716212630271
17354,TT_fault_Data_Extra_TT_Fault_Cases_5_Phase_b_5_5_100_fault_at_6_7_212,TT_s5.0_pB_l100,faulty,1,5.0,B,100,100,7.212,6.0,fault,197300,0.0281716212630271
17365,TT_fault_Data_Extra_TT_Fault_Cases_5_Phase_b_5_5_100_fault_at_7_7_214,TT_s5.0_pB_l100,healthy,0,0.0,,100,100,7.214,7.0,prefault,146000,0.0281716156750917
17374,TT_fault_Data_Extra_TT_Fault_Cases_5_Phase_b_5_5_100_fault_at_7_7_214,TT_s5.0_pB_l100,faulty,1,5.0,B,100,100,7.214,7.0,fault,181350,0.0281716156750917
17413,TT_fault_Data_Extra_TT_Fault_Cases_5_Phase_b_5_5_100_fault_at_8_7_216,TT_s5.0_pB_l100,healthy,0,0.0,,100,100,7.216,8.0,prefault,130000,0.0281716063618659
17423,TT_fault_Data_Extra_TT_Fault_Cases_5_Phase_b_5_5_100_fault_at_8_7_216,TT_s5.0_pB_l100,healthy,0,0.0,,100,100,7.216,8.0,prefault,170000,0.0281716063618659
17474,TT_fault_Data_Extra_TT_Fault_Cases_5_Phase_b_5_5_100_fault_at_9_7_218,TT_s5.0_pB_l100,healthy,0,0.0,,100,100,7.218,9.0,prefault,166000,0.0281716082245111
17495,TT_fault_Data_Extra_TT_Fault_Cases_5_Phase_b_5_5_100_fault_at_9_7_218,TT_s5.0_pB_l100,faulty,1,5.0,B,100,100,7.218,9.0,fault,189950,0.0281716082245111
17567,TT_fault_Data_Extra_TT_Fault_Cases_5_Phase_c_5_5_100_fault_at_1_7_202,TT_s5.0_pC_l100,healthy,0,0.0,,100,100,7.202,1.0,prefault,118000,0.0281716212630271
17592,TT_fault_Data_Extra_TT_Fault_Cases_5_Phase_c_5_5_100_fault_at_1_7_202,TT_s5.0_pC_l100,faulty,1,5.0,C,100,100,7.202,1.0,fault,185550,0.0281716212630271
17602,TT_fault_Data_Extra_TT_Fault_Cases_5_Phase_c_5_5_100_fault_at_1_7_202,TT_s5.0_pC_l100,faulty,1,5.0,C,100,100,7.202,1.0,fault,190550,0.0281716212630271
17632,TT_fault_Data_Extra_TT_Fault_Cases_5_Phase_c_5_5_100_fault_at_2_7_204,TT_s5.0_pC_l100,healthy,0,0.0,,100,100,7.204,2.0,prefault,170000,0.028171619400382
17635,TT_fault_Data_Extra_TT_Fault_Cases_5_Phase_c_5_5_100_fault_at_2_7_204,TT_s5.0_pC_l100,faulty,1,5.0,C,100,100,7.204,2.0,fault,181100,0.028171619400382
17684,TT_fault_Data_Extra_TT_Fault_Cases_5_Phase_c_5_5_100_fault_at_3_7_206,TT_s5.0_pC_l100,healthy,0,0.0,,100,100,7.206,3.0,prefault,170000,0.0281716138124465
17776,TT_fault_Data_Extra_TT_Fault_Cases_5_Phase_c_5_5_100_fault_at_5_7_21,TT_s5.0_pC_l100,healthy,0,0.0,,100,100,7.21,5.0,prefault,122000,0.0281716212630271
17852,TT_fault_Data_Extra_TT_Fault_Cases_5_Phase_c_5_5_100_fault_at_6_7_212,TT_s5.0_pC_l100,faulty,1,5.0,C,100,100,7.212,6.0,fault,185800,0.0281716212630271
17855,TT_fault_Data_Extra_TT_Fault_Cases_5_Phase_c_5_5_100_fault_at_6_7_212,TT_s5.0_pC_l100,faulty,1,5.0,C,100,100,7.212,6.0,fault,187300,0.0281716212630271
17875,TT_fault_Data_Extra_TT_Fault_Cases_5_Phase_c_5_5_100_fault_at_6_7_212,TT_s5.0_pC_l100,faulty,1,5.0,C,100,100,7.212,6.0,fault,197300,0.0281716212630271
17886,TT_fault_Data_Extra_TT_Fault_Cases_5_Phase_c_5_5_100_fault_at_7_7_214,TT_s5.0_pC_l100,healthy,0,0.0,,100,100,7.214,7.0,prefault,146000,0.0281716138124465
17895,TT_fault_Data_Extra_TT_Fault_Cases_5_Phase_c_5_5_100_fault_at_7_7_214,TT_s5.0_pC_l100,faulty,1,5.0,C,100,100,7.214,7.0,fault,181350,0.0281716138124465
17934,TT_fault_Data_Extra_TT_Fault_Cases_5_Phase_c_5_5_100_fault_at_8_7_216,TT_s5.0_pC_l100,healthy,0,0.0,,100,100,7.216,8.0,prefault,130000,0.0281716100871562
17944,TT_fault_Data_Extra_TT_Fault_Cases_5_Phase_c_5_5_100_fault_at_8_7_216,TT_s5.0_pC_l100,healthy,0,0.0,,100,100,7.216,8.0,prefault,170000,0.0281716100871562
17995,TT_fault_Data_Extra_TT_Fault_Cases_5_Phase_c_5_5_100_fault_at_9_7_218,TT_s5.0_pC_l100,healthy,0,0.0,,100,100,7.218,9.0,prefault,166000,0.0281716082245111
18016,TT_fault_Data_Extra_TT_Fault_Cases_5_Phase_c_5_5_100_fault_at_9_7_218,TT_s5.0_pC_l100,faulty,1,5.0,C,100,100,7.218,9.0,fault,189950,0.0281716082245111
